config_num,alpha,beta,gamma,delta,threshold_low,threshold_med,threshold_high,error,avg_spend_low,avg_spend_med,avg_spend_high,corner_share,food_insecurity_share,grocery_share,avg_dist_car,avg_dist_nocar,total_trips
1,1.0,0.5,0.6,0.4,3.0,6.0,14.0,0.1352627542075019,4178.049741988694,4250.460125800533,11571.17517772231,0.35402339456743603,0.385,0.5726513843094154,2.593437722033557,0.588028506224815,1955.0
2,1.0,0.5,0.6,0.4,3.0,7.0,14.0,0.14483042462725762,4182.257171821918,4053.0621764031057,11719.676643230192,0.34980830501475596,0.38,0.5742121265749757,2.6011474977278564,0.5856869059833208,1922.5
3,1.0,0.5,0.6,0.4,3.0,8.0,14.0,0.1483353231724206,4216.88193416798,4048.166958286346,11562.846504347825,0.3546467351383116,0.385,0.5688020126688387,2.594466362926023,0.582449329842549,1924.5
4,1.0,0.5,0.6,0.4,4.0,6.0,14.0,0.13037673541334321,3479.5309164322275,4194.320064584079,11616.429582772325,0.3396812589332264,0.385,0.5938957911424954,2.619805593496731,0.5823220866149628,1679.5
5,1.0,0.5,0.6,0.4,4.0,7.0,14.0,0.1377066728307615,3549.886231623162,4082.5334212431485,11952.461414691548,0.32944507866743983,0.385,0.5948708495386783,2.638447983296569,0.580393183488426,1660.5
6,1.0,0.5,0.6,0.4,4.0,8.0,14.0,0.12840157938203117,3559.446671828515,4078.380917716323,11497.689917762924,0.3443677444713528,0.385,0.5977410841564341,2.617128389818049,0.5822924510438912,1662.0
7,1.0,0.5,0.6,0.4,5.0,6.0,14.0,0.16107662731616176,3135.837667003221,4170.8680374946925,11608.036518322615,0.32279023490091807,0.38,0.6056796193685008,2.669272371625227,0.5789157202206143,1538.5
8,1.0,0.5,0.6,0.4,5.0,7.0,14.0,0.1642396838049978,3149.450651432045,4143.8733610485,11620.228774413681,0.3247243440659555,0.385,0.6056379341559202,2.6726582876018483,0.5774631749011243,1516.5
9,1.0,0.5,0.6,0.4,5.0,8.0,14.0,0.17226207313331568,3107.7229237380784,4050.653464945599,11541.569723429948,0.32435465990973156,0.385,0.6157925761694865,2.6683114867797686,0.5757160105415225,1508.5
10,1.0,0.5,0.6,0.4,6.0,6.0,14.0,0.18612587028042646,2849.702210696064,4173.591654433241,11652.737420339514,0.3192452053009638,0.385,0.6207988152830726,2.6817545360181283,0.5785658333129757,1464.0
11,1.0,0.5,0.6,0.4,6.0,7.0,14.0,0.18660308822702834,2903.0303002742794,4116.581577246761,11568.859551769478,0.31752650094445367,0.385,0.618135256631539,2.6904861204969173,0.5805088212950988,1437.0
12,1.0,0.5,0.6,0.4,6.0,8.0,14.0,0.1879041358463217,2868.2396451402165,4029.0652193351316,11541.733751782249,0.32078633751862096,0.38,0.6162217783280776,2.68261809787704,0.5798879886957848,1438.5
13,1.0,0.5,0.6,0.4,7.0,6.0,14.0,0.1911661693755921,2775.0199684690006,4164.724458462118,11737.99315272093,0.31367243867243866,0.38,0.618040157674304,2.6975962297202063,0.5783534987917336,1431.0
14,1.0,0.5,0.6,0.4,7.0,7.0,14.0,0.18965546833785918,2827.4381236400886,4141.713438123276,11687.233759434253,0.31234011095449893,0.38,0.6201295044187979,2.7044475856736705,0.5814334182335847,1404.5
15,1.0,0.5,0.6,0.4,7.0,8.0,14.0,0.192766841451812,2809.296881258916,4047.871882014756,11649.27040805394,0.311240854144493,0.375,0.6256945194280338,2.7164779394262224,0.576470385786428,1395.5
16,1.0,0.5,1.0,0.4,3.0,6.0,14.0,0.20127611918383506,4248.215745590594,4092.764652950291,11783.854671279896,0.26524708190541424,0.385,0.6635677467587143,2.8307919696599146,0.5853178145021163,1953.0
17,1.0,0.5,1.0,0.4,3.0,7.0,14.0,0.2061529981212852,4296.4411780485625,4043.7337733992426,11646.481911247596,0.26692556819965385,0.385,0.6571941918451158,2.8227050309166306,0.5864507039837339,1922.5
18,1.0,0.5,1.0,0.4,3.0,8.0,14.0,0.1958887910666351,4263.476157183442,4064.3281731444654,11716.830539684734,0.2722195102769167,0.38,0.6612384369432037,2.8184642088544867,0.5841065565969157,1920.5
19,1.0,0.5,1.0,0.4,4.0,6.0,14.0,0.16525645435378425,3533.549850237202,4192.393683949363,11674.332113415989,0.26877257106449437,0.38,0.6647367026300135,2.8231529112085214,0.5841875528570446,1685.0
20,1.0,0.5,1.0,0.4,4.0,7.0,14.0,0.17215463210060997,3551.409356628449,4133.4097391070745,11730.08882071124,0.2668262967159226,0.385,0.6672110854577218,2.8229841141695697,0.5837426368788223,1660.5
21,1.0,0.5,1.0,0.4,4.0,8.0,14.0,0.1828954191078069,3489.8091497735977,4019.294927454863,11778.91704237807,0.2660196353911746,0.385,0.6639007483237901,2.820655825796514,0.5833931804870411,1647.5
22,1.0,0.5,1.0,0.4,5.0,6.0,14.0,0.19809501431185747,3147.1894483178567,4137.372302901826,11651.187407047782,0.2686880085525925,0.385,0.6667581601744457,2.8113201548330005,0.5768921007308978,1536.0
23,1.0,0.5,1.0,0.4,5.0,7.0,14.0,0.20477550562919192,3079.643360062978,4108.027742079124,11711.843541158336,0.2677556940748487,0.385,0.6657369249407208,2.823016984468201,0.5804422816931807,1523.0
24,1.0,0.5,1.0,0.4,5.0,8.0,14.0,0.20752373902317447,3118.5379251858258,3999.301203619655,11546.384718092757,0.2685061581969214,0.385,0.6658922861599957,2.8227355811034402,0.5810361613236872,1503.0
25,1.0,0.5,1.0,0.4,6.0,6.0,14.0,0.20858593492274652,2912.6906309076485,4179.605326129485,11683.789231728431,0.26747151239300526,0.38,0.6792682842215546,2.8290416613799687,0.5770404208639586,1471.0
26,1.0,0.5,1.0,0.4,6.0,7.0,14.0,0.21732811314933917,2900.8146169580477,4118.0208541024795,11811.359683107363,0.26603010709571784,0.385,0.6742309133567717,2.822087523070312,0.576164877899144,1448.0
27,1.0,0.5,1.0,0.4,6.0,8.0,14.0,0.221193712370043,2897.2430686095704,4064.144742151144,11877.8607255207,0.26478386870472903,0.385,0.6716033333317128,2.8310698268958845,0.577579855068531,1435.0
28,1.0,0.5,1.0,0.4,7.0,6.0,14.0,0.22336732242183935,2743.945887946407,4154.529769755807,11769.100383901481,0.2703752798397549,0.385,0.6714828561329091,2.828439143410615,0.5707303903925138,1428.0
29,1.0,0.5,1.0,0.4,7.0,7.0,14.0,0.22357154269270615,2859.1262289438514,4147.3403752119975,11753.001156261205,0.25762866034242576,0.385,0.6755163577447394,2.8342375381544764,0.5759285135791432,1399.0
30,1.0,0.5,1.0,0.4,7.0,8.0,14.0,0.23265847023129274,2762.2486490388715,4017.422440145479,11725.978668135896,0.2650180372893349,0.385,0.677130987122357,2.848512850512285,0.5798701208857759,1399.5
31,1.0,0.5,1.4,0.4,3.0,6.0,14.0,0.21064974415196966,4225.8946435413,4153.889019814968,11634.382119735394,0.24147551664579692,0.385,0.6877789187521405,2.9293372258747334,0.5814849836631583,1942.5
32,1.0,0.5,1.4,0.4,3.0,7.0,14.0,0.20863406427594658,4161.353474979274,4124.989219967499,11664.900520870295,0.24014741124111405,0.385,0.6916493814232301,2.9313864965912817,0.5849541198162658,1930.0
33,1.0,0.5,1.4,0.4,3.0,8.0,14.0,0.22146445793669436,4231.151184799584,4010.7675630879035,11806.014624292178,0.23676858606239332,0.385,0.6826319056993718,2.9289876735900933,0.5856878947291686,1916.5
34,1.0,0.5,1.4,0.4,4.0,6.0,14.0,0.1837753977881947,3502.345808078009,4220.178467372993,11610.349172866554,0.24506199843330853,0.385,0.6857675872387908,2.9053068852451274,0.5824542444733001,1685.5
35,1.0,0.5,1.4,0.4,4.0,7.0,14.0,0.1878785863149833,3493.9649010920657,4060.3241090842844,11636.644628973372,0.24712502395060212,0.38,0.6837882441406886,2.8934209992514663,0.5810462166472337,1663.5
36,1.0,0.5,1.4,0.4,4.0,8.0,14.0,0.18833005601628808,3538.780745405445,4060.6241782528336,11638.987133404942,0.24126198177306568,0.38,0.6858064285885961,2.902472952564259,0.5794299921356675,1657.5
37,1.0,0.5,1.4,0.4,5.0,6.0,14.0,0.20547462635295802,3107.770383823392,4185.000671981723,11757.398950658022,0.2501111111111111,0.38,0.6879015151515151,2.9026435867519718,0.5790461727998643,1542.0
38,1.0,0.5,1.4,0.4,5.0,7.0,14.0,0.21883301475821348,3115.131065289398,4032.4552380844807,11633.746569683091,0.24691211247389833,0.385,0.6876854137574739,2.908450716045254,0.5768951697859233,1521.5
39,1.0,0.5,1.4,0.4,5.0,8.0,14.0,0.2185085846570085,3138.0014159014117,4035.9787211484186,11592.204511555941,0.24454921197097357,0.385,0.6874937796412426,2.906661967593111,0.5740584900913395,1511.0
40,1.0,0.5,1.4,0.4,6.0,6.0,14.0,0.22994382381170364,2874.2958716882868,4115.110612488082,11622.289915678772,0.24810188759342638,0.385,0.689348217690295,2.893620331661558,0.5822150443005605,1460.0
41,1.0,0.5,1.4,0.4,6.0,7.0,14.0,0.22686332604735818,2927.8961732126627,4148.727141648371,11767.173332524304,0.24418222062694425,0.385,0.6869328883279686,2.897630693562121,0.5802995357598488,1440.5
42,1.0,0.5,1.4,0.4,6.0,8.0,14.0,0.22176946262946734,2919.1541665269515,4042.8839642436424,11607.765005549383,0.2505181121560432,0.375,0.6893881342157204,2.8869902042145403,0.5789892686608025,1438.5
43,1.0,0.5,1.4,0.4,7.0,6.0,14.0,0.22980370466920944,2796.800007081236,4217.059741557483,11791.87140758026,0.24795255701577773,0.385,0.6906863857671047,2.882286113135901,0.5802816272548474,1432.0
44,1.0,0.5,1.4,0.4,7.0,7.0,14.0,0.23002532284164454,2787.442565706717,4153.436255506678,11729.280040020265,0.24799636949001608,0.38,0.6830370364400855,2.888057908924982,0.5807091044061801,1410.0
45,1.0,0.5,1.4,0.4,7.0,8.0,14.0,0.23189131950599387,2890.146800511031,4045.253947985375,11618.446315783644,0.242950484233867,0.38,0.6906314197671763,2.893866318459367,0.5768002662641032,1402.0
46,1.0,0.5,1.8,0.4,3.0,6.0,14.0,0.20986822026660215,4175.292131507667,4174.069329010451,12155.474731600956,0.2288774636046526,0.38,0.692221944978442,2.9715425390713635,0.587620489797299,1938.0
47,1.0,0.5,1.8,0.4,3.0,7.0,14.0,0.21512012234216948,4259.347168039561,4058.729766596683,12351.09452099511,0.23358270776381718,0.375,0.6910624854476937,2.951974838134884,0.5834063636046265,1926.5
48,1.0,0.5,1.8,0.4,3.0,8.0,14.0,0.21182271082509974,4164.20692681104,4086.6038379184415,12135.035915973915,0.23220088306200395,0.38,0.6883745970691009,2.9634356220233595,0.5867646664769702,1921.5
49,1.0,0.5,1.8,0.4,4.0,6.0,14.0,0.1826237229932867,3546.906174227525,4203.651820632102,12038.359644776028,0.23707022376776105,0.38,0.6918704751539988,2.9460227954760603,0.5844747004611937,1680.5
50,1.0,0.5,1.8,0.4,4.0,7.0,14.0,0.18729075007430154,3516.1896127706514,4129.984733914537,12164.460693784036,0.2393322482660935,0.38,0.6859274567484845,2.924028706523174,0.5870475085008369,1660.5
51,1.0,0.5,1.8,0.4,4.0,8.0,14.0,0.19074899205419354,3494.4227637668737,4059.752220060261,12208.833646052342,0.23593864174336754,0.375,0.691193326250918,2.9506617930273267,0.5808596355655693,1657.0
52,1.0,0.5,1.8,0.4,5.0,6.0,14.0,0.2119444728673359,3116.570082081132,4205.45480864919,12049.780393391477,0.2364059996654777,0.38,0.6914556303749622,2.9393581355677414,0.5821120455327855,1535.5
53,1.0,0.5,1.8,0.4,5.0,7.0,14.0,0.22016572624719444,3082.3782598112466,4009.782566718617,12080.515299070012,0.23769496095497405,0.375,0.694491164235672,2.920026648701434,0.5807074566610244,1507.5
54,1.0,0.5,1.8,0.4,5.0,8.0,14.0,0.21670398188511825,3134.8948402011542,4099.800853064727,12250.171026935494,0.23583184588894013,0.38,0.6911297090913389,2.922493935849089,0.5787292626260143,1512.0
55,1.0,0.5,1.8,0.4,6.0,6.0,14.0,0.2276753448100909,2890.6254770757405,4161.947734568983,12002.307351555293,0.23948863636363638,0.38,0.6953858744732089,2.9222285265600454,0.5796615414966462,1459.0
56,1.0,0.5,1.8,0.4,6.0,7.0,14.0,0.22119757119835637,2956.1622693426207,4131.505803555503,12174.738444608869,0.23931904210495586,0.375,0.6924995377893681,2.921084381789277,0.5791545874580768,1434.5
57,1.0,0.5,1.8,0.4,6.0,8.0,14.0,0.22805051517843905,2917.0436596834443,4070.2180514324323,12260.542945416786,0.2377478029838545,0.375,0.6887317158623105,2.9083972781645886,0.5741852753670362,1434.0
58,1.0,0.5,1.8,0.4,7.0,6.0,14.0,0.23171272527063974,2851.1017596162155,4172.116544674576,12165.045943188237,0.23626969315740415,0.38,0.6935412306695525,2.9201722487773623,0.5735781486041232,1419.5
59,1.0,0.5,1.8,0.4,7.0,7.0,14.0,0.23886771231278553,2785.7459229685583,4030.1933290248494,12321.389982135664,0.23804894845713204,0.375,0.6974667203987637,2.9306608269901844,0.5757516405860774,1407.0
60,1.0,0.5,1.8,0.4,7.0,8.0,14.0,0.23523108679061894,2776.1952025980772,4095.1923564285294,12056.68815871185,0.23939733348143896,0.375,0.6890182756184182,2.9176474551562404,0.5790183288257367,1395.5
61,1.0,0.5,2.2,0.4,3.0,6.0,14.0,0.21142508912829913,4216.715591031496,4144.192801290217,12033.336489036217,0.23364098522899437,0.38,0.6958033840381865,2.9696688763206103,0.5867381972784623,1941.5
62,1.0,0.5,2.2,0.4,3.0,7.0,14.0,0.21674606500278587,4175.76382407987,3999.9685226230226,12147.198532807237,0.23302731232755802,0.38,0.6942847184980809,2.9599103620854827,0.5877233050404911,1925.5
63,1.0,0.5,2.2,0.4,3.0,8.0,14.0,0.21504393310972147,4225.190306436649,4022.9159203828513,12333.627826839602,0.23306032847308797,0.375,0.6911176757547834,2.970633209304599,0.5907968371412557,1921.0
64,1.0,0.5,2.2,0.4,4.0,6.0,14.0,0.18291363361700905,3486.165258077678,4148.691031713597,12163.839396364241,0.23567862054374272,0.37,0.6888701999365281,2.9505427096755907,0.5789194443337264,1684.5
65,1.0,0.5,2.2,0.4,4.0,7.0,14.0,0.19385255646387603,3498.181797493654,4140.9824122530645,12132.9009604385,0.22936002279134537,0.38,0.6980646929148928,2.9601358128529514,0.5823833716473877,1661.5
66,1.0,0.5,2.2,0.4,4.0,8.0,14.0,0.19603759500989232,3495.367196105476,4022.2097237668404,12149.817341933864,0.23668538930787758,0.38,0.6950165251481111,2.9495453695490457,0.5821603605144896,1653.0
67,1.0,0.5,2.2,0.4,5.0,6.0,14.0,0.20982486840137382,3134.6028463729604,4132.101040478328,11943.47263902397,0.23815450447972858,0.375,0.6870617645265533,2.938538839020212,0.5801412097252614,1532.0
68,1.0,0.5,2.2,0.4,5.0,7.0,14.0,0.21446629529419425,3117.4280253785346,4048.174793241981,12060.292069640629,0.23984753984753984,0.375,0.6942307692307692,2.9400191038639143,0.5769343254093597,1520.0
69,1.0,0.5,2.2,0.4,5.0,8.0,14.0,0.21636975393411936,3183.4121834626694,4072.40625546135,12108.007723845927,0.2333590736988465,0.38,0.6920508471220291,2.9333210305420163,0.5826612538892415,1508.0
70,1.0,0.5,2.2,0.4,6.0,6.0,14.0,0.2240591861680372,2916.492232987476,4202.424263056036,12067.70658277156,0.23899437205232243,0.38,0.6917022862466189,2.9396395627270113,0.5809257485728511,1470.0
71,1.0,0.5,2.2,0.4,6.0,7.0,14.0,0.22122681960157065,2941.2864393604286,4068.977689745728,12110.182114854062,0.2402127936425017,0.37,0.6972589220534812,2.9318923662783067,0.5797807635848535,1446.5
72,1.0,0.5,2.2,0.4,6.0,8.0,14.0,0.2360725746527256,2940.986218479332,4037.3376429448626,12095.890088989643,0.23087756618093905,0.38,0.6914451902486226,2.9379123489756678,0.5772501288510505,1430.0
73,1.0,0.5,2.2,0.4,7.0,6.0,14.0,0.23130899815062095,2797.8933371585927,4165.881733899897,12246.82894392514,0.23717328053097003,0.375,0.6945841716968477,2.9380352747192378,0.5795950849655309,1437.5
74,1.0,0.5,2.2,0.4,7.0,7.0,14.0,0.2323178181209295,2866.4995694778036,4059.820525593057,12150.751011988466,0.23724004627957215,0.375,0.6918493308897828,2.923600051541145,0.5759732470341126,1402.5
75,1.0,0.5,2.2,0.4,7.0,8.0,14.0,0.23230053393914135,2864.7245503514177,4077.350907631225,12163.978607308967,0.23589425857083848,0.375,0.6974132589838911,2.921331901453833,0.5764693385563392,1392.5
76,1.0,0.5,2.6,0.4,3.0,6.0,14.0,0.22015019412527903,4324.218597194458,4155.037866064641,12149.392791888866,0.2174605951943394,0.37,0.6877444879682446,2.9745462739055397,0.5837547427039461,1936.5
77,1.0,0.5,2.6,0.4,3.0,7.0,14.0,0.2141960296736178,4249.076401706914,4131.833238899359,12208.992720173686,0.21467243960668475,0.365,0.6956446674489809,2.996604006155705,0.5893181618384189,1925.5
78,1.0,0.5,2.6,0.4,3.0,8.0,14.0,0.21365529339295972,4229.419953870036,4086.825186312727,12099.493860308517,0.2173999180738943,0.365,0.689190238652168,2.9671821718114058,0.5911268043160716,1912.5
79,1.0,0.5,2.6,0.4,4.0,6.0,14.0,0.18442788973947666,3545.868579669254,4201.561045721881,12070.163303427487,0.22161746443892527,0.37,0.6969928313389027,2.964709274898727,0.579929765872937,1684.0
80,1.0,0.5,2.6,0.4,4.0,7.0,14.0,0.1841096699563734,3573.1262800009645,4116.674575485146,12208.887480771042,0.2203312237663383,0.365,0.6963711460530799,2.9509012325762707,0.5830049609568071,1661.5
81,1.0,0.5,2.6,0.4,4.0,8.0,14.0,0.19191469809270492,3536.22829701836,4061.5992925663613,12239.433459225904,0.22271404051992966,0.37,0.6916574366492408,2.964626164943411,0.5835814602072449,1650.0
82,1.0,0.5,2.6,0.4,5.0,6.0,14.0,0.20771675422418756,3127.6826935634454,4248.166233075979,12197.12058892466,0.22568260463236595,0.37,0.6926763658407213,2.943857064449766,0.577068113375577,1542.0
83,1.0,0.5,2.6,0.4,5.0,7.0,14.0,0.21392118139276134,3158.0217542539212,4110.119338662231,12258.886006403298,0.22423181438127088,0.37,0.6929626532887403,2.9514051725930854,0.5817226634757003,1516.0
84,1.0,0.5,2.6,0.4,5.0,8.0,14.0,0.21509555530337435,3102.966959001925,4075.5655285979506,12173.273837120902,0.22523918496677375,0.365,0.695686309026097,2.946947180079577,0.5769866856792419,1508.0
85,1.0,0.5,2.6,0.4,6.0,6.0,14.0,0.2224803265479871,2972.4991112306607,4134.126741315418,12107.277244398578,0.22871381110583766,0.37,0.6927924979133594,2.943173455813234,0.5831480741189945,1463.0
86,1.0,0.5,2.6,0.4,6.0,7.0,14.0,0.22664474655539765,2949.829140945846,4045.9250578176743,12242.165603538997,0.22585152750312765,0.365,0.6883127802151976,2.946163831219435,0.5786270239683526,1443.5
87,1.0,0.5,2.6,0.4,6.0,8.0,14.0,0.2216246704578325,2962.6922035736757,4124.005677399315,12294.484047170892,0.22580864732723013,0.365,0.6927439458861376,2.9478482462418354,0.5759949956381605,1440.0
88,1.0,0.5,2.6,0.4,7.0,6.0,14.0,0.2321714026069907,2778.015503089051,4182.106413533291,12046.366589923775,0.23015439240989383,0.37,0.6919430273561216,2.9344759898370065,0.5785014448934934,1432.5
89,1.0,0.5,2.6,0.4,7.0,7.0,14.0,0.23175696807725255,2870.331413366578,4108.204285543215,12278.292787863564,0.22703492581984358,0.37,0.6982161965371867,2.944987847926142,0.5764753737884372,1411.5
90,1.0,0.5,2.6,0.4,7.0,8.0,14.0,0.23070531695723473,2804.517859424366,4049.350056715928,12204.33423837965,0.22882188152600214,0.36,0.6884617735445424,2.930306560037163,0.5760736209523865,1402.0
91,1.0,0.7,0.6,0.4,3.0,6.0,14.0,0.1470385011022676,4175.3923819703,4164.001013511946,11659.163820247819,0.34171150043684184,0.385,0.5809331993247016,2.626518060817908,0.5879489267018537,1951.0
92,1.0,0.7,0.6,0.4,3.0,7.0,14.0,0.1444476739102635,4178.543858512467,4095.0423501772493,11412.020748866622,0.34625670831850397,0.38,0.585425646420781,2.6148449489319243,0.5870470782347663,1924.5
93,1.0,0.7,0.6,0.4,3.0,8.0,14.0,0.15388871784824237,4242.5489868370205,4054.971038467344,11689.860542980561,0.34124978315552085,0.38,0.5893168856795906,2.6319835357699226,0.5875034554775116,1921.0
94,1.0,0.7,0.6,0.4,4.0,6.0,14.0,0.14031579283068044,3510.899547624346,4161.370723908064,11626.645140241737,0.322391658244838,0.385,0.6064455650032894,2.658773445331232,0.5828619588682316,1684.0
95,1.0,0.7,0.6,0.4,4.0,7.0,14.0,0.13991140849657305,3489.111107884667,4120.6579682111405,11657.927606200543,0.3291996011232934,0.385,0.6086538416424827,2.663122225221187,0.5834406682529365,1665.0
96,1.0,0.7,0.6,0.4,4.0,8.0,14.0,0.14779269442227905,3553.625355161514,3941.7364195448336,11598.04817394757,0.3247341875311269,0.385,0.6063990582695704,2.659904933364876,0.5797211856959423,1662.0
97,1.0,0.7,0.6,0.4,5.0,6.0,14.0,0.16617033018087662,3138.3951600409205,4158.8089563287085,11586.059354745552,0.31502713062398746,0.38,0.6160195269540891,2.6935717596678836,0.5795413239532532,1539.5
98,1.0,0.7,0.6,0.4,5.0,7.0,14.0,0.1731179639861425,3128.1613904353917,4092.358829629262,11529.974420441658,0.31685190406817365,0.385,0.6173007033538543,2.68887709426992,0.5768116778189537,1516.5
99,1.0,0.7,0.6,0.4,5.0,8.0,14.0,0.18321137973609203,3131.963590514485,3975.2725222101253,11528.664945802539,0.30998991777148527,0.385,0.6243373940115599,2.6890753279435273,0.5748419585876162,1510.5
100,1.0,0.7,0.6,0.4,6.0,6.0,14.0,0.18084898180586606,2959.7940436221165,4210.118483177806,11681.935901438459,0.3059897671383605,0.38,0.6309067291395365,2.706781982121442,0.5754574349215007,1463.5
101,1.0,0.7,0.6,0.4,6.0,7.0,14.0,0.18833462031848106,2929.683944151423,4079.1976280489325,11522.787889735533,0.31495840607990144,0.385,0.6220088322892061,2.6945825395897467,0.5818808429046338,1444.5
102,1.0,0.7,0.6,0.4,6.0,8.0,14.0,0.1932268147651894,2893.299862410743,4096.482689277376,11390.905661732573,0.3093079257961485,0.385,0.6278177924858868,2.715839207756566,0.580027787500067,1443.0
103,1.0,0.7,0.6,0.4,7.0,6.0,14.0,0.20004796344816228,2754.9621362080416,4165.00840211618,11616.317759691374,0.3073616708592742,0.385,0.6277634762733639,2.719592395714259,0.5747131840844493,1430.5
104,1.0,0.7,0.6,0.4,7.0,7.0,14.0,0.20304660145021253,2817.8256519966926,4068.6355020310925,11722.36377530953,0.3038652349292577,0.385,0.6415230875258442,2.722740650657725,0.5771545816790995,1405.5
105,1.0,0.7,0.6,0.4,7.0,8.0,14.0,0.202524653032439,2834.9215798410833,4046.0435229541868,11695.287036151676,0.3048361109660962,0.385,0.6378285739437881,2.7365748419535496,0.5742739732623452,1398.5
106,1.0,0.7,1.0,0.4,3.0,6.0,14.0,0.19360404656350982,4155.131912466059,4170.295700522414,11951.909543049569,0.26062001469353485,0.385,0.665851306675063,2.8379506616918926,0.5905588635244452,1952.5
107,1.0,0.7,1.0,0.4,3.0,7.0,14.0,0.18984542900045692,4164.803501557878,4150.991344973798,11678.798190583442,0.263402047467184,0.38,0.6681588845700249,2.8315989827827126,0.5864465395233627,1930.5
108,1.0,0.7,1.0,0.4,3.0,8.0,14.0,0.20349320946062618,4272.381282562095,4056.37862497717,11510.396786586036,0.2611676732341067,0.38,0.6681124385333818,2.8434861537552685,0.5871723581548609,1907.0
109,1.0,0.7,1.0,0.4,4.0,6.0,14.0,0.16858310466871665,3550.5478125807786,4156.506353676143,11554.463013346802,0.2644841162866338,0.38,0.6678122800878574,2.8300283974727645,0.5818612962664709,1685.0
110,1.0,0.7,1.0,0.4,4.0,7.0,14.0,0.18363882780754662,3502.6950102720652,4067.9963699699683,11617.62409348748,0.25893262530351185,0.385,0.670938863335768,2.844108330732303,0.5846808101292794,1654.5
111,1.0,0.7,1.0,0.4,4.0,8.0,14.0,0.17733857529363514,3577.908855721353,4028.638607330961,11635.287944578678,0.258169902403612,0.38,0.6782236529393089,2.8341807001958244,0.58246238057122,1655.0
112,1.0,0.7,1.0,0.4,5.0,6.0,14.0,0.195001499479984,3128.430881561985,4220.438275442697,11636.935457886308,0.2621794036795675,0.38,0.6727347112214457,2.837274564553658,0.5779951209527147,1541.0
113,1.0,0.7,1.0,0.4,5.0,7.0,14.0,0.21146582120527554,3078.307540145437,4020.182238819027,11861.865863124902,0.2645643812570696,0.385,0.6748000045280351,2.8367492691772935,0.5752223059557857,1516.5
114,1.0,0.7,1.0,0.4,5.0,8.0,14.0,0.20595195932302832,3133.7315172467493,4026.622421992128,11605.28146232368,0.2606055877757242,0.38,0.676031417777768,2.833979551097495,0.5740196768361792,1509.0
115,1.0,0.7,1.0,0.4,6.0,6.0,14.0,0.208438201256708,2964.1466672811976,4170.798911668545,11693.522945051844,0.26268145159410783,0.38,0.6741874706922639,2.8326376021252875,0.5786523726273386,1465.5
116,1.0,0.7,1.0,0.4,6.0,7.0,14.0,0.2208962772425085,2896.0140883380136,4110.232168069444,11697.06939219017,0.26127966883287773,0.385,0.6727228111271015,2.8237377289815173,0.5796267583603809,1453.0
117,1.0,0.7,1.0,0.4,6.0,8.0,14.0,0.21884791316997002,2883.307595570116,4094.5629415538006,11636.453114273496,0.2675691760138364,0.385,0.6756747704326695,2.8312785667372404,0.5828734815694343,1436.0
118,1.0,0.7,1.0,0.4,7.0,6.0,14.0,0.21674684478454798,2807.320151259509,4215.180417587833,11791.762512145995,0.2625014677965438,0.38,0.6722158345891148,2.82566627576987,0.576403515679622,1430.5
119,1.0,0.7,1.0,0.4,7.0,7.0,14.0,0.23056205418366296,2783.681579981093,4086.695715705374,11655.667728971002,0.25988420541397206,0.385,0.6723524449784004,2.8387223566039164,0.5775415788033749,1399.5
120,1.0,0.7,1.0,0.4,7.0,8.0,14.0,0.225939548375059,2844.3781209039407,4065.277411698867,11587.260985287323,0.256334958329962,0.38,0.6797227728780646,2.8541893452824914,0.577682310885552,1407.0
121,1.0,0.7,1.4,0.4,3.0,6.0,14.0,0.20781093884771654,4159.063678298498,4109.596725574268,11831.093666079387,0.24265457298619814,0.385,0.6850833152178546,2.916820047570695,0.5922193080207316,1937.5
122,1.0,0.7,1.4,0.4,3.0,7.0,14.0,0.20885001734230946,4267.339558398184,4066.3014140419955,11805.685368318223,0.2443413449464377,0.375,0.6919684417569475,2.928558539597283,0.5873765494725633,1922.5
123,1.0,0.7,1.4,0.4,3.0,8.0,14.0,0.21999272918089544,4233.665369973691,4023.1654891519124,11736.938704828593,0.23841140586362633,0.385,0.686842391070922,2.927343881558168,0.5854918696070002,1912.0
124,1.0,0.7,1.4,0.4,4.0,6.0,14.0,0.17805271260136857,3576.0984070861878,4159.479021326057,11784.887222228985,0.24541307929171455,0.38,0.6861211763449908,2.909918799074627,0.5811228840994713,1693.5
125,1.0,0.7,1.4,0.4,4.0,7.0,14.0,0.18488435209475376,3575.8815826408236,4083.2585401133647,11615.82603557223,0.24717613977258762,0.385,0.6906183361163518,2.8972047474369544,0.5788393429640317,1664.0
126,1.0,0.7,1.4,0.4,4.0,8.0,14.0,0.1898644064274463,3474.6349069325925,4034.8630308431575,11686.83865833507,0.2482677995126128,0.38,0.6821909738230624,2.899359069296035,0.58064112864492,1653.5
127,1.0,0.7,1.4,0.4,5.0,6.0,14.0,0.20631244939091214,3159.9198029126737,4136.755240440043,11724.523401047632,0.24713221495111573,0.38,0.6876908136516258,2.891477345671003,0.5769735193193004,1538.0
128,1.0,0.7,1.4,0.4,5.0,7.0,14.0,0.21633882183475575,3117.1623931461654,4070.1021895078675,11535.141104801423,0.24748785104721532,0.385,0.6900955967454054,2.9152404254859885,0.5794288812459546,1515.5
129,1.0,0.7,1.4,0.4,5.0,8.0,14.0,0.2140196888103574,3113.767829884293,4061.8993105445047,11591.342362520772,0.2461423756885807,0.38,0.6898268262129765,2.8922190701536454,0.5785741088288482,1514.0
130,1.0,0.7,1.4,0.4,6.0,6.0,14.0,0.22283032329991506,2951.566490230489,4148.26590778305,11586.969379711089,0.24831730177980516,0.385,0.6877006703358869,2.8986281252845796,0.5762836930463422,1454.5
131,1.0,0.7,1.4,0.4,6.0,7.0,14.0,0.22637063447533104,2902.28091819778,4172.618807421706,11832.472025096507,0.24576433414382792,0.385,0.7011685803166878,2.9039453505190327,0.5780980420319777,1444.5
132,1.0,0.7,1.4,0.4,6.0,8.0,14.0,0.22059352773242372,2969.7110269717155,4083.9163025860744,11696.877762138676,0.2494405743371661,0.38,0.6917852860790465,2.8892842679996846,0.5788135409072233,1431.5
133,1.0,0.7,1.4,0.4,7.0,6.0,14.0,0.22775699818770775,2824.9222800806688,4195.022391081628,11592.925688825611,0.25018589132275354,0.385,0.6890015070692197,2.88374640556518,0.5801176175284536,1435.0
134,1.0,0.7,1.4,0.4,7.0,7.0,14.0,0.23901184678631668,2798.8752947727485,4076.480646755088,11810.193484149484,0.24488542537359076,0.385,0.6949570345150965,2.897878236018774,0.5741437536661009,1401.5
135,1.0,0.7,1.4,0.4,7.0,8.0,14.0,0.24178414440581733,2823.08423338708,4031.415324214896,11656.1206030106,0.24153636190241579,0.385,0.6909868445328649,2.8933069731743237,0.5795200474810229,1388.0
136,1.0,0.7,1.8,0.4,3.0,6.0,14.0,0.2084285661872778,4272.214235176674,4219.715054895559,12190.754228963964,0.2318102136880269,0.375,0.6879358328903343,2.9595427498508036,0.5869709436141869,1951.0
137,1.0,0.7,1.8,0.4,3.0,7.0,14.0,0.2068834952013783,4157.774616616792,4148.614018233675,12121.01901187413,0.23419544462446942,0.38,0.6860319224434595,2.948425470682847,0.5863754812791974,1932.5
138,1.0,0.7,1.8,0.4,3.0,8.0,14.0,0.2201697928053639,4202.951401935251,3972.1132044346086,12129.350705466393,0.23285989624367198,0.38,0.6973737872150176,2.958751079596677,0.58634614907515,1915.5
139,1.0,0.7,1.8,0.4,4.0,6.0,14.0,0.18593208710335807,3517.2745334014244,4148.201898997433,12035.642819791228,0.23349057186253563,0.375,0.6880550464218238,2.9282919941402,0.5837192670164557,1684.0
140,1.0,0.7,1.8,0.4,4.0,7.0,14.0,0.18985261249379684,3542.1118965476076,4114.548455946015,12346.561801908421,0.23347902542526833,0.38,0.6863812409623671,2.934919130168538,0.5853990413923273,1659.5
141,1.0,0.7,1.8,0.4,4.0,8.0,14.0,0.19144128366161212,3584.400997358677,4047.866560846129,12138.81646626112,0.2320132577853036,0.38,0.6964728092304784,2.945452684251544,0.5835613665683701,1652.5
142,1.0,0.7,1.8,0.4,5.0,6.0,14.0,0.21161148515842154,3143.1959245675966,4135.052933250406,12345.142973857528,0.23391403268161476,0.375,0.6934789865935211,2.9393803814550767,0.5777815869626379,1534.0
143,1.0,0.7,1.8,0.4,5.0,7.0,14.0,0.2224696109193436,3128.306859862563,4009.169634299565,12150.507847312161,0.23503950003684665,0.38,0.6944986000456114,2.9306685267120174,0.5765617695895243,1515.0
144,1.0,0.7,1.8,0.4,5.0,8.0,14.0,0.22256417740504628,3088.6076398365576,4030.409801487477,12094.986650137249,0.23746908393315788,0.38,0.6902996216084811,2.930481745172429,0.5808956574351842,1507.5
145,1.0,0.7,1.8,0.4,6.0,6.0,14.0,0.22857674849161722,2909.8644351353987,4173.844023829567,11998.423306475244,0.23472507650724866,0.38,0.6919194105032724,2.9241352790281647,0.5773512123038097,1466.5
146,1.0,0.7,1.8,0.4,6.0,7.0,14.0,0.23237949585661363,2914.566982273772,4072.775033595596,11985.30771058964,0.23688949159649997,0.38,0.6945298136416849,2.931386377489078,0.5783568375662185,1436.0
147,1.0,0.7,1.8,0.4,6.0,8.0,14.0,0.22910269923992027,2979.918850971178,4090.2297686834418,12171.072536642676,0.23342106497679818,0.38,0.6964007873369324,2.9200408517934546,0.576910663076029,1431.0
148,1.0,0.7,1.8,0.4,7.0,6.0,14.0,0.22494235197555973,2868.0213413947185,4213.849592541046,12508.695272255742,0.23561162279701686,0.375,0.6952019210164873,2.902650074539215,0.5786585943396042,1429.0
149,1.0,0.7,1.8,0.4,7.0,7.0,14.0,0.2351996867372664,2821.0036663406945,4069.2986745005196,12025.394102090344,0.24306473152773753,0.38,0.693691636190382,2.9121546859166703,0.5736480644277899,1408.5
150,1.0,0.7,1.8,0.4,7.0,8.0,14.0,0.2359713202750659,2796.2340708648044,4022.7771406831275,12196.8118779674,0.2423932837082267,0.375,0.6832080817144697,2.8997044321192607,0.5785649864591084,1392.0
151,1.0,0.7,2.2,0.4,3.0,6.0,14.0,0.21050992211662148,4222.037114161739,4152.000509996489,12102.911833249074,0.23507949830740407,0.38,0.689172026885292,2.944796274462462,0.5878725523794952,1942.0
152,1.0,0.7,2.2,0.4,3.0,7.0,14.0,0.21676701784547858,4282.088971534646,4077.1755914872106,12097.370875361488,0.2317343215151355,0.375,0.6953071414188944,2.970434682852547,0.5866610376445192,1927.5
153,1.0,0.7,2.2,0.4,3.0,8.0,14.0,0.22458240184610143,4289.408123917509,4008.299630375724,12195.072041075193,0.23198912680468015,0.38,0.6952271767825108,2.9502395318539616,0.5857001450230799,1917.0
154,1.0,0.7,2.2,0.4,4.0,6.0,14.0,0.1896056250137844,3501.52916362693,4148.439499180724,12018.30514320817,0.23544524215943183,0.38,0.6985830556555798,2.9603736554983406,0.5831808936194427,1681.0
155,1.0,0.7,2.2,0.4,4.0,7.0,14.0,0.19330237293086017,3485.2914003827627,4020.001649461364,12134.332983799457,0.23625700509700037,0.375,0.695514333674299,2.9502785782032737,0.5839132282039172,1657.5
156,1.0,0.7,2.2,0.4,4.0,8.0,14.0,0.19521651070317697,3541.7865432834787,4041.706086673676,12158.343048934632,0.2310528681157052,0.38,0.6894450540471132,2.945799430428435,0.5808787894387291,1656.0
157,1.0,0.7,2.2,0.4,5.0,6.0,14.0,0.2082956248392894,3157.7382168126824,4159.647328565,12010.964345311202,0.24198971607422312,0.38,0.6910350994858037,2.9293824812848257,0.5766140972160047,1533.0
158,1.0,0.7,2.2,0.4,5.0,7.0,14.0,0.2170921825217503,3112.4754818727674,4087.3346726818922,12155.234093329796,0.2388404388321855,0.38,0.6883316368171523,2.9230270248673236,0.5836033219593275,1514.0
159,1.0,0.7,2.2,0.4,5.0,8.0,14.0,0.21848725800119503,3187.946884458601,4018.841375913574,12311.564580352944,0.23410322495374042,0.38,0.6887390959555908,2.940825568071929,0.5764755283991987,1507.5
160,1.0,0.7,2.2,0.4,6.0,6.0,14.0,0.22048889497038004,2932.7453535173618,4157.2508796721595,12092.572133158834,0.24084832333999556,0.375,0.6911037086386853,2.936961632444765,0.5796849919739006,1463.0
161,1.0,0.7,2.2,0.4,6.0,7.0,14.0,0.2323938026024393,2895.8675344982275,4087.800004190385,11978.045563649554,0.23763338436679304,0.38,0.6909599432333102,2.9234785377643338,0.5766727135610937,1441.0
162,1.0,0.7,2.2,0.4,6.0,8.0,14.0,0.22938893493893964,2924.426865914316,4017.954042291121,11972.605277525716,0.23936113792724206,0.375,0.6873825962631213,2.9366159211200067,0.5790378439091877,1431.0
163,1.0,0.7,2.2,0.4,7.0,6.0,14.0,0.22661802034206785,2836.1962026572537,4150.299091774574,12239.249648075524,0.2421152774542281,0.375,0.6907197161162903,2.9211649355988847,0.5733436159139744,1432.0
164,1.0,0.7,2.2,0.4,7.0,7.0,14.0,0.23518098507892413,2800.0202788873257,4070.810887831549,11942.066709566212,0.2453376067293319,0.38,0.6899485672299779,2.9106558256307773,0.5794119275528888,1405.5
165,1.0,0.7,2.2,0.4,7.0,8.0,14.0,0.2395159114167463,2803.895360016598,4086.4107204436887,12196.45677026011,0.236213504817839,0.38,0.6875854428157822,2.923343741334125,0.5771055775165967,1393.0
166,1.0,0.7,2.6,0.4,3.0,6.0,14.0,0.2105547550262564,4238.618056268034,4197.875800183067,12192.780338192428,0.2200314502646331,0.37,0.6918393292023072,2.979005053538426,0.5825943142036761,1943.0
167,1.0,0.7,2.6,0.4,3.0,7.0,14.0,0.21342141411982188,4219.213821765148,4095.713504424144,12318.016028033486,0.222201089937195,0.37,0.6941105814917021,2.9759413948001323,0.5876502391365374,1919.5
168,1.0,0.7,2.6,0.4,3.0,8.0,14.0,0.21340687190587834,4244.024216200162,4088.94205453744,12080.707829500036,0.2192816162275335,0.365,0.6903953557930229,2.967964626389247,0.588266582002831,1918.0
169,1.0,0.7,2.6,0.4,4.0,6.0,14.0,0.18352136387517343,3472.0222167604416,4170.041000583768,12115.92722352917,0.22797708839207076,0.365,0.6854847566527342,2.954105078739504,0.5790498424987387,1680.5
170,1.0,0.7,2.6,0.4,4.0,7.0,14.0,0.19254510003914052,3508.591512313874,4101.035871415145,11944.390972060519,0.22124094945243233,0.37,0.6912176087103803,2.963463700526126,0.5820528720090778,1657.5
171,1.0,0.7,2.6,0.4,4.0,8.0,14.0,0.18888279811531494,3608.0855066909326,4083.6582570721557,12055.039860473767,0.21768323024349412,0.37,0.6975892246128227,2.970569315839576,0.5789411246080587,1653.0
172,1.0,0.7,2.6,0.4,5.0,6.0,14.0,0.20558729492394878,3140.781890945313,4239.364720190896,12057.632759796874,0.22220356367867905,0.365,0.6958723738744573,2.95165964629156,0.5786282300071242,1540.0
173,1.0,0.7,2.6,0.4,5.0,7.0,14.0,0.21273370769354719,3101.008147043509,4098.542937151099,12170.666482147517,0.22736341463098036,0.365,0.6939324670064994,2.9391422364312207,0.5789024527445359,1521.0
174,1.0,0.7,2.6,0.4,5.0,8.0,14.0,0.22007190503805893,3100.535502744332,4076.9338823079806,12194.202813401891,0.2233950244871886,0.37,0.6916725814465186,2.942479815647824,0.584362835557604,1502.0
175,1.0,0.7,2.6,0.4,6.0,6.0,14.0,0.22216468145275464,2935.47600194489,4116.656463673369,12164.922004548407,0.22864567591972812,0.365,0.6954495222661254,2.9385445223334155,0.5747995500889266,1469.5
176,1.0,0.7,2.6,0.4,6.0,7.0,14.0,0.2282692119013979,2958.251389041665,4141.622463541528,12182.213728843733,0.21992889382947933,0.37,0.6935867888185068,2.9479432003628814,0.5783958496062491,1445.5
177,1.0,0.7,2.6,0.4,6.0,8.0,14.0,0.2292948130390451,2917.468122636236,4091.7145689315817,12198.153669170433,0.22731317688820324,0.37,0.6889979103044422,2.943375055803646,0.5770619784362818,1426.5
178,1.0,0.7,2.6,0.4,7.0,6.0,14.0,0.2290916578982952,2818.6453814816914,4206.545897420403,12135.849453692528,0.22852798963162355,0.37,0.6868421412730388,2.919233533155766,0.5783160522068345,1431.5
179,1.0,0.7,2.6,0.4,7.0,7.0,14.0,0.23110608722091308,2847.3360515901322,4118.634039812632,12204.78834220051,0.22979615458361063,0.37,0.6859504671499287,2.9299305678402243,0.5747801981955687,1412.5
180,1.0,0.7,2.6,0.4,7.0,8.0,14.0,0.22998584050788912,2852.8405514042943,4078.4713942948474,12118.106969847462,0.22830138926948312,0.365,0.6894183888196638,2.9344292861704586,0.5788535342571768,1391.5
181,1.0,0.9,0.6,0.4,3.0,6.0,14.0,0.15768827081764092,4253.340900751388,4184.552239410405,11680.577942610213,0.31807661767720063,0.375,0.6055922073501587,2.6751935785696452,0.5849525525474428,1948.5
182,1.0,0.9,0.6,0.4,3.0,7.0,14.0,0.15826977751610408,4200.0750359141475,4142.988404513805,11740.259300869004,0.32116481972892835,0.38,0.6125770999184665,2.6782199787180456,0.5869092996304409,1923.5
183,1.0,0.9,0.6,0.4,3.0,8.0,14.0,0.17187481729561474,4286.723848703918,4100.78089038872,11598.540884011689,0.3182835671743215,0.385,0.606357200912903,2.6758350705564977,0.584325302878844,1918.0
184,1.0,0.9,0.6,0.4,4.0,6.0,14.0,0.14946527859335568,3503.4796207903573,4139.366819734701,11580.91743985582,0.30983928436939456,0.385,0.619821948027748,2.70503640519337,0.5818531779299942,1682.0
185,1.0,0.9,0.6,0.4,4.0,7.0,14.0,0.14392455772649665,3571.774257257761,4092.0018565350792,11548.930647160832,0.3093043142867293,0.38,0.6261825736369364,2.701726993673492,0.5806030989004283,1661.5
186,1.0,0.9,0.6,0.4,4.0,8.0,14.0,0.1576924559215133,3494.0938084768795,4064.4411135515597,11654.597357692608,0.3038166468542245,0.385,0.6219488838990886,2.7056129216942377,0.5828399573792976,1651.5
187,1.0,0.9,0.6,0.4,5.0,6.0,14.0,0.17407515695610742,3128.465825247773,4164.942883572469,11681.80632742533,0.29595694735262984,0.375,0.6389060621491249,2.7323872969537826,0.580063645933959,1539.0
188,1.0,0.9,0.6,0.4,5.0,7.0,14.0,0.1802612901665114,3104.982721527066,4076.777636865456,11562.28802095919,0.30251431006680285,0.38,0.6335961375809929,2.7322399267775177,0.5786735151662056,1514.0
189,1.0,0.9,0.6,0.4,5.0,8.0,14.0,0.18213456371068856,3119.992844573684,4017.3847914974012,11533.001307950679,0.3030058302021687,0.38,0.6359377772156612,2.727119134085515,0.5793918238199232,1509.5
190,1.0,0.9,0.6,0.4,6.0,6.0,14.0,0.18579441397413707,2932.4885084895914,4226.318383820062,11565.704434081923,0.2993188087073207,0.38,0.6451254286566275,2.7463518959081283,0.5790626116918041,1466.0
191,1.0,0.9,0.6,0.4,6.0,7.0,14.0,0.1991022521641563,2934.074125076772,4091.2470452910898,11703.977960407954,0.295288171153671,0.385,0.6435529979967827,2.7381628217695906,0.5766449293176154,1453.0
192,1.0,0.9,0.6,0.4,6.0,8.0,14.0,0.20479741973381516,2883.214347975464,4045.261064261641,11583.421644851873,0.2956166735560005,0.385,0.6427914603531053,2.7480894228382926,0.5760638977019332,1431.5
193,1.0,0.9,0.6,0.4,7.0,6.0,14.0,0.20014665917502292,2830.662420734375,4218.682162611805,11873.68688912447,0.29379395908895356,0.385,0.6423541932695616,2.752845700997531,0.5801022417337997,1429.5
194,1.0,0.9,0.6,0.4,7.0,7.0,14.0,0.21320626625933234,2773.760545339843,4093.0000268189883,11605.293818114027,0.2895992337581504,0.385,0.6511439241493084,2.7573085528757195,0.5783928877522607,1410.0
195,1.0,0.9,0.6,0.4,7.0,8.0,14.0,0.2082942065264887,2796.972072627962,4046.843626707432,11596.159358170478,0.2930073450288584,0.38,0.6514677829588809,2.75404877159824,0.5745183319638401,1402.0
196,1.0,0.9,1.0,0.4,3.0,6.0,14.0,0.1967807758456723,4146.565572993448,4159.132125679245,11602.807851544447,0.2553161251941699,0.385,0.6748633374095251,2.867904876639765,0.5855846970523715,1945.0
197,1.0,0.9,1.0,0.4,3.0,7.0,14.0,0.2017506876231264,4172.734379836536,4118.157306058774,11755.792687582469,0.2536151013636548,0.385,0.6810557196617165,2.8764596996476772,0.5890927860805831,1925.5
198,1.0,0.9,1.0,0.4,3.0,8.0,14.0,0.2070637035656833,4220.153144712468,4059.5903604214973,11592.823356844143,0.2553267489417942,0.385,0.6746511749994453,2.863859745932852,0.5817554564710528,1922.5
199,1.0,0.9,1.0,0.4,4.0,6.0,14.0,0.17654745244668812,3553.201894356459,4114.1260825699665,11872.139037402438,0.25461317703606173,0.38,0.6748991183777127,2.8458091527632274,0.5838860476104579,1678.5
200,1.0,0.9,1.0,0.4,4.0,7.0,14.0,0.18034168050742033,3528.7866072469155,4054.815652385544,11690.008433445364,0.2563369506853694,0.38,0.6778410101050008,2.8562216760028614,0.5779277819168487,1669.0
201,1.0,0.9,1.0,0.4,4.0,8.0,14.0,0.18323112642654413,3522.7641386033165,4052.694785548082,11734.018580441454,0.25871931868396736,0.385,0.6762784718595589,2.858615188890887,0.5772621008804282,1655.5
202,1.0,0.9,1.0,0.4,5.0,6.0,14.0,0.20476751755737715,3098.2480480140266,4167.278478820359,11498.987793110558,0.26033473954666925,0.385,0.679061770410773,2.8579571160031927,0.5796544406748084,1540.0
203,1.0,0.9,1.0,0.4,5.0,7.0,14.0,0.20690886632450875,3065.6192923022068,4139.309055301166,11810.048178318044,0.2629484588998712,0.385,0.6769630315749979,2.847293887843026,0.5797935557726921,1518.0
204,1.0,0.9,1.0,0.4,5.0,8.0,14.0,0.21984411492178374,3087.8874078990016,3953.164504762424,11654.130035522674,0.2554281674895347,0.385,0.6852469156256558,2.8535110566299107,0.5821065024636791,1505.0
205,1.0,0.9,1.0,0.4,6.0,6.0,14.0,0.21851598150898896,2931.2419855415183,4134.923196820788,11746.954575770265,0.25906761853347277,0.385,0.6729455104053026,2.851501167469496,0.5769178123356404,1461.5
206,1.0,0.9,1.0,0.4,6.0,7.0,14.0,0.22251175363323772,2891.9154106180463,4083.9106406843325,11849.867212425848,0.2550326420890937,0.38,0.6807987711213518,2.8551940214797518,0.5803411049528593,1444.0
207,1.0,0.9,1.0,0.4,6.0,8.0,14.0,0.22008703911725122,2921.5365004596874,4061.9530906125383,11741.940536514896,0.2640876777251185,0.385,0.6751811103588354,2.8503429525139605,0.576719845152119,1438.5
208,1.0,0.9,1.0,0.4,7.0,6.0,14.0,0.22195759114538868,2778.949552062976,4180.155996522377,11545.024360632298,0.2601103785706889,0.38,0.6798817261333809,2.8595605397667816,0.5778912641467837,1435.0
209,1.0,0.9,1.0,0.4,7.0,7.0,14.0,0.2241246029775821,2812.5271819529635,4123.691124682089,11613.773652527796,0.26410515494935316,0.385,0.6745063183231371,2.8486489347903383,0.5812944468440091,1413.5
210,1.0,0.9,1.0,0.4,7.0,8.0,14.0,0.22786929921428942,2807.1261247334824,4131.60866190689,11692.93295450586,0.25771423563336016,0.385,0.6830754913503294,2.8519499944922577,0.5767640285380247,1405.5
211,1.0,0.9,1.4,0.4,3.0,6.0,14.0,0.2085249065594636,4161.259680790569,4106.799110906039,11620.440300379609,0.24195541037037116,0.385,0.6873873249844215,2.9366347878182193,0.5837597664337661,1945.0
212,1.0,0.9,1.4,0.4,3.0,7.0,14.0,0.21856794827957718,4278.50989222407,4106.7806238309495,11767.571737123637,0.23836911312223558,0.385,0.6904767568789161,2.9295002483815424,0.5901621131116551,1923.5
213,1.0,0.9,1.4,0.4,3.0,8.0,14.0,0.2176435881178109,4224.521595769283,3956.6864451837646,11573.072862106974,0.24093462843351565,0.38,0.6823509629175363,2.9305295728694962,0.5896586900760104,1908.0
214,1.0,0.9,1.4,0.4,4.0,6.0,14.0,0.18955876929447632,3511.379589930124,4159.996069082486,11474.326919214922,0.23973264709649622,0.385,0.6887482987868414,2.904359272658505,0.582789324820415,1684.0
215,1.0,0.9,1.4,0.4,4.0,7.0,14.0,0.19131941441140646,3538.110505826624,4077.775124829413,11732.15805287768,0.24113761050835214,0.385,0.6948147455672931,2.905478363446371,0.5879913993532748,1652.0
216,1.0,0.9,1.4,0.4,4.0,8.0,14.0,0.19745827842114808,3477.7752773913953,4010.247561099486,11711.65068528146,0.24373079287031346,0.385,0.6943925182660939,2.9127022277902404,0.5816171783787892,1658.5
217,1.0,0.9,1.4,0.4,5.0,6.0,14.0,0.21515164422650376,3104.579952086561,4141.443992553555,11657.129862056187,0.24449445684218069,0.385,0.6903925622011636,2.9031767852564023,0.5788184466850103,1541.0
218,1.0,0.9,1.4,0.4,5.0,7.0,14.0,0.20829573140458954,3169.2292677602836,4112.697858036105,11680.17099057437,0.24490823935347417,0.38,0.687989947783316,2.9014288708535867,0.5766145461467231,1526.0
219,1.0,0.9,1.4,0.4,5.0,8.0,14.0,0.22175685428573774,3129.903783457762,4003.1663297769383,11752.730183530839,0.24295931806621582,0.385,0.6879175573899347,2.9051388577036312,0.5811036533950981,1510.0
220,1.0,0.9,1.4,0.4,6.0,6.0,14.0,0.22803114869936272,2899.764449379365,4133.956739047964,11915.915239609152,0.2467353980834941,0.385,0.6871927371556761,2.9137853228953645,0.5764340702440374,1462.5
221,1.0,0.9,1.4,0.4,6.0,7.0,14.0,0.22782478443891793,2919.5994127771423,4043.8595475039792,11658.562665455647,0.24657065958972224,0.38,0.694536471703786,2.9142165189541913,0.5790894742875191,1441.5
222,1.0,0.9,1.4,0.4,6.0,8.0,14.0,0.22935404483934482,2956.197216830907,4035.8801748990345,11666.473000485097,0.24693596162236298,0.385,0.6865881740688786,2.908935348216811,0.5758084821865381,1430.5
223,1.0,0.9,1.4,0.4,7.0,6.0,14.0,0.23215603779984573,2807.6017148868277,4169.109093592866,11681.25981757561,0.24708744477530606,0.385,0.6914000311399155,2.902216753987397,0.5781933424433207,1434.5
224,1.0,0.9,1.4,0.4,7.0,7.0,14.0,0.2279104272221543,2848.3882952777653,4122.358296304019,11820.426899583628,0.24743811732380097,0.38,0.6926047722373547,2.89435909309071,0.5793813912191855,1405.0
225,1.0,0.9,1.4,0.4,7.0,8.0,14.0,0.24122106645154548,2804.758977101964,4046.271167577806,11824.737380537068,0.24322306946071065,0.385,0.6915042699814524,2.8943068688430476,0.5760629464795496,1411.5
226,1.0,0.9,1.8,0.4,3.0,6.0,14.0,0.20704344876912384,4175.111575396637,4157.049187032138,12261.44781903183,0.22876905063371544,0.375,0.6916687487031383,2.9690728826143307,0.5908564011890352,1944.0
227,1.0,0.9,1.8,0.4,3.0,7.0,14.0,0.21767615800742868,4246.041638226792,4037.98703864156,12115.425643010874,0.22964577685899448,0.375,0.6887823529254042,2.955200391717894,0.5879313885778159,1931.5
228,1.0,0.9,1.8,0.4,3.0,8.0,14.0,0.22584594774520486,4287.353383049988,4016.6319595905197,12122.000473256183,0.22888451570407417,0.38,0.6951712405072065,2.9596814824047963,0.584232244057985,1922.0
229,1.0,0.9,1.8,0.4,4.0,6.0,14.0,0.18306768077805702,3551.4604112843745,4145.130886881465,12159.9438227712,0.23470561868853324,0.375,0.6991337745317759,2.943213344347515,0.5783141362149332,1687.0
230,1.0,0.9,1.8,0.4,4.0,7.0,14.0,0.1879588924852573,3571.3295948771465,4049.870961227396,12024.714327513359,0.2391644638289338,0.38,0.6906421208639323,2.932188400166509,0.5841469724719675,1662.5
231,1.0,0.9,1.8,0.4,4.0,8.0,14.0,0.19364733111033466,3503.968218411499,4097.604224667523,12188.137350583183,0.2329487849538213,0.38,0.697420973571969,2.948927551180299,0.5817442264701629,1654.5
232,1.0,0.9,1.8,0.4,5.0,6.0,14.0,0.20664748924541,3165.3013535380196,4199.741004395096,12116.401328564254,0.23393373883060148,0.375,0.6974197015390926,2.94304567973271,0.5834999199313112,1536.5
233,1.0,0.9,1.8,0.4,5.0,7.0,14.0,0.21367660343999734,3135.7757579670265,4106.75058181675,12243.264878927324,0.23382963649245192,0.375,0.692851926535506,2.92627331372446,0.5788149910654485,1515.0
234,1.0,0.9,1.8,0.4,5.0,8.0,14.0,0.21629817109211086,3141.545046805286,4045.7554214127863,12149.486480768497,0.2342550450464151,0.375,0.6913061613763107,2.918175962904551,0.5765339355686423,1518.0
235,1.0,0.9,1.8,0.4,6.0,6.0,14.0,0.22362696627711923,2913.0093904030155,4209.567065005358,12259.154431451609,0.2394729862954133,0.38,0.6941405020017093,2.935792339438864,0.5757753839405532,1461.5
236,1.0,0.9,1.8,0.4,6.0,7.0,14.0,0.23262418227500195,2896.0086537774923,4084.815083568679,12209.33581238875,0.23749869400658558,0.38,0.6951794519209056,2.943118048595763,0.583079891473192,1442.0
237,1.0,0.9,1.8,0.4,6.0,8.0,14.0,0.23489732907842317,2918.295224689836,4009.699265399565,12258.918178501386,0.2379074637863833,0.38,0.6947415113731118,2.91831396041057,0.5777387089348429,1437.0
238,1.0,0.9,1.8,0.4,7.0,6.0,14.0,0.23667681839216362,2777.0518096920005,4069.908784208307,12004.094145197905,0.2455080117596185,0.38,0.689621869486442,2.909013127364933,0.5719503336276436,1422.5
239,1.0,0.9,1.8,0.4,7.0,7.0,14.0,0.2396795870408956,2756.868904236363,4088.9822852107886,12178.646679362853,0.24103541125584618,0.38,0.693468585006606,2.9276614859678616,0.5753426681203389,1411.5
240,1.0,0.9,1.8,0.4,7.0,8.0,14.0,0.23647690664749696,2877.7686852070187,4022.0234947069885,12123.068324230324,0.238737482053466,0.38,0.6870200975679418,2.9056348502189735,0.5763966861655598,1401.0
241,1.0,0.9,2.2,0.4,3.0,6.0,14.0,0.2100845991714967,4243.280283269885,4159.9636519234755,12034.404965215086,0.23112137314439946,0.375,0.6956193066801619,2.9759654623850595,0.5865455690311558,1948.0
242,1.0,0.9,2.2,0.4,3.0,7.0,14.0,0.21423071049247905,4210.401188646184,4113.8581726539205,12036.878936431443,0.23093912483320295,0.38,0.6904213362437213,2.9557799436246706,0.5849005652257909,1928.0
243,1.0,0.9,2.2,0.4,3.0,8.0,14.0,0.21568036508182276,4214.288901111231,4014.960921233839,12143.306305702628,0.2314711352819287,0.375,0.6962892765963465,2.969442871362057,0.5882250798964004,1917.5
244,1.0,0.9,2.2,0.4,4.0,6.0,14.0,0.18434089731298756,3530.4036575119335,4192.5302935822765,11981.525685704397,0.2370548870660581,0.38,0.6968105780926948,2.9478023419132358,0.5837426368788223,1679.5
245,1.0,0.9,2.2,0.4,4.0,7.0,14.0,0.19022519634137255,3538.217641817954,4106.616455876769,12067.82589289557,0.2340073654403362,0.38,0.6939065128653932,2.936374892035837,0.5834810409955684,1654.5
246,1.0,0.9,2.2,0.4,4.0,8.0,14.0,0.19279677895833308,3551.8428618485,4080.1625754760953,12193.420012413975,0.23052151198018586,0.38,0.6897498887926821,2.9448506015358658,0.5872506791801867,1653.0
247,1.0,0.9,2.2,0.4,5.0,6.0,14.0,0.2072246389221188,3157.0506728755313,4118.098112779837,12128.225154802616,0.2412383948701683,0.375,0.6968962975028075,2.9271688984289885,0.5824609371672487,1528.0
248,1.0,0.9,2.2,0.4,5.0,7.0,14.0,0.21435300825245898,3157.76682661074,4105.263113694385,12116.719550480959,0.23669906239292277,0.38,0.6958812260536398,2.9332757814461465,0.5748578070894066,1521.0
249,1.0,0.9,2.2,0.4,5.0,8.0,14.0,0.2231997267092107,3079.694096994469,3997.84624332844,12082.322903410306,0.2403386327154386,0.38,0.6941295599973614,2.9346544627018405,0.5776815647875485,1508.5
250,1.0,0.9,2.2,0.4,6.0,6.0,14.0,0.22530929277882392,2954.7398873927987,4083.225027912278,12095.764666256708,0.2432764503530748,0.38,0.6982334622742952,2.9238358431704263,0.5783086562086592,1466.5
251,1.0,0.9,2.2,0.4,6.0,7.0,14.0,0.23113983303261498,2939.660979614734,4026.940860865441,12181.948001366713,0.2338857264188144,0.375,0.6919203664196232,2.9340714821284886,0.5766609781287828,1442.0
252,1.0,0.9,2.2,0.4,6.0,8.0,14.0,0.23500151194250737,2949.851573804257,3999.749446960329,12137.746499684132,0.2350515900271466,0.38,0.6919205765616012,2.9286816147387578,0.5768337391724899,1442.5
253,1.0,0.9,2.2,0.4,7.0,6.0,14.0,0.2259139126823067,2819.9778660629026,4181.190438488767,12053.540250440597,0.24235865486031055,0.375,0.6890988250876893,2.9119713812114725,0.5785138480368425,1428.5
254,1.0,0.9,2.2,0.4,7.0,7.0,14.0,0.2307531714495722,2839.014557491052,4129.580483680616,12144.742237294678,0.23671145245215372,0.375,0.6927659079881519,2.936609621819015,0.5800538514169703,1404.5
255,1.0,0.9,2.2,0.4,7.0,8.0,14.0,0.23776555978127178,2852.0657795566585,4030.8529236630648,12346.25961143076,0.23869092103177297,0.38,0.6928184453406955,2.9409809915055516,0.5784605257697817,1394.5
256,1.0,0.9,2.6,0.4,3.0,6.0,14.0,0.21448479114687835,4242.985658976356,4139.001494368026,12163.125059391357,0.21921647410971257,0.37,0.6956241075458157,2.9744667201865185,0.5862857000113035,1945.5
257,1.0,0.9,2.6,0.4,3.0,7.0,14.0,0.20790731402876556,4192.939617745347,4162.171718110026,11978.800686593291,0.22251352141361694,0.37,0.6929081099872094,2.970305290502285,0.5876055159390984,1925.0
258,1.0,0.9,2.6,0.4,3.0,8.0,14.0,0.21620583811577418,4219.4717092398205,4084.8971244285694,12079.652002346646,0.2185248389869,0.37,0.6942120787327646,2.9802706809599213,0.5845581506947486,1916.5
259,1.0,0.9,2.6,0.4,4.0,6.0,14.0,0.18752057025242466,3491.752352370284,4180.007950752469,12208.625866501603,0.2244906486633155,0.37,0.690224559357071,2.9588960708172305,0.5826041375876376,1691.5
260,1.0,0.9,2.6,0.4,4.0,7.0,14.0,0.18867103644816224,3533.620211851542,4094.9545255541016,12172.136413106839,0.22546034188973782,0.37,0.6958509683211491,2.9557489949427764,0.5803642656388451,1652.5
261,1.0,0.9,2.6,0.4,4.0,8.0,14.0,0.19339428428163793,3538.2110572974134,4041.786892586103,12081.538594666246,0.22178477111867745,0.37,0.6947884183810269,2.954800767086952,0.5840604002916864,1650.5
262,1.0,0.9,2.6,0.4,5.0,6.0,14.0,0.203559300404553,3168.7726951172226,4179.674483051707,12250.446592675298,0.22780524854997386,0.365,0.6884546339618116,2.948944492282661,0.5775666761399245,1539.5
263,1.0,0.9,2.6,0.4,5.0,7.0,14.0,0.22034481564169858,3089.7329692594267,4106.774475681285,12197.595749206615,0.22147786509402342,0.37,0.6920422820203807,2.9572515450004255,0.5825044596765909,1498.5
264,1.0,0.9,2.6,0.4,5.0,8.0,14.0,0.21097165097760934,3178.6338893789407,4079.3394485297376,12278.912524527972,0.22325507923688634,0.365,0.6910499623434749,2.949422569210082,0.5784027059906643,1509.5
265,1.0,0.9,2.6,0.4,6.0,6.0,14.0,0.22468683271652956,2944.0965053070195,4176.276174474695,12082.516870313342,0.22443575367887295,0.37,0.6941576305108415,2.9281116181873585,0.5756832336118003,1464.5
266,1.0,0.9,2.6,0.4,6.0,7.0,14.0,0.22192288468786325,2936.8190114453055,4122.509155916615,12151.782990459851,0.22837359163355342,0.365,0.6845242308120078,2.921176916972663,0.580063645933959,1442.0
267,1.0,0.9,2.6,0.4,6.0,8.0,14.0,0.2246144925864991,2943.1725349208173,4046.5760953561744,12075.716116600253,0.2299580155758414,0.365,0.6880520259993589,2.9400897864138775,0.5790827845569524,1433.5
268,1.0,0.9,2.6,0.4,7.0,6.0,14.0,0.22793250660524828,2826.8347267148347,4228.4517567273115,12155.893755390793,0.22757824110177596,0.37,0.6905298961689939,2.9298915054964163,0.5764381674901916,1428.5
269,1.0,0.9,2.6,0.4,7.0,7.0,14.0,0.2260786687817796,2842.7091300960446,4200.472392989387,12169.440767097705,0.22504576379778504,0.365,0.6910295329041707,2.952461837699987,0.5737014201386562,1403.5
270,1.0,0.9,2.6,0.4,7.0,8.0,14.0,0.23872960456223263,2808.7887049152737,4064.399497160897,12124.606035785891,0.22623156438961853,0.37,0.6917169723705596,2.9305842873191423,0.5772273984206104,1408.5
271,1.0,1.1,0.6,0.4,3.0,6.0,14.0,0.16049551204302173,4179.6521252788525,4153.960368553036,11467.18308634434,0.3141253375205525,0.38,0.6162092048705491,2.6888948562275745,0.5864323935741,1945.5
272,1.0,1.1,0.6,0.4,3.0,7.0,14.0,0.17456764858330878,4271.283585082537,4076.958688256411,11646.892031809148,0.31415179236008944,0.385,0.616884087028943,2.6936844896334113,0.5874718084866102,1931.0
273,1.0,1.1,0.6,0.4,3.0,8.0,14.0,0.17183542800673227,4189.465159947871,4027.4646004358838,11630.713698713977,0.3075577103132958,0.38,0.6197427456459186,2.6928872560738863,0.5847264712709552,1917.5
274,1.0,1.1,0.6,0.4,4.0,6.0,14.0,0.15181009453916897,3525.9597108866465,4144.642966786315,11719.450471013562,0.3028787070068802,0.385,0.6297217941077873,2.717345053040546,0.5817769308805703,1683.0
275,1.0,1.1,0.6,0.4,4.0,7.0,14.0,0.15011823996892526,3524.543898415787,4130.924943949428,11728.160000228345,0.3007510093596322,0.38,0.63079952476779,2.7222827001107883,0.5816706865378183,1659.0
276,1.0,1.1,0.6,0.4,4.0,8.0,14.0,0.15209059586440035,3511.399140485184,4096.995714063581,11740.301145573616,0.3019768863463357,0.38,0.6237358175952441,2.7194108394636,0.5828622825256167,1653.0
277,1.0,1.1,0.6,0.4,5.0,6.0,14.0,0.1764525478974188,3153.44410582411,4180.451289856521,11741.919078764435,0.29410238539764255,0.38,0.6419728749408611,2.7436716124390492,0.5761152333553297,1536.5
278,1.0,1.1,0.6,0.4,5.0,7.0,14.0,0.1866358459001383,3114.798605832138,4113.113686118331,11717.4106140135,0.2937900500377573,0.385,0.642346177833234,2.7304700816492753,0.5804924459923912,1511.0
279,1.0,1.1,0.6,0.4,5.0,8.0,14.0,0.18536610540288634,3132.1043959607423,3953.583901834272,11543.90360052597,0.2955765003355979,0.375,0.6382259301743334,2.72931267188926,0.5759390462703579,1501.5
280,1.0,1.1,0.6,0.4,6.0,6.0,14.0,0.1899152448353674,2946.3767153800486,4198.686199175262,11669.951261283266,0.29330634832880964,0.38,0.6455102008688172,2.7496591699282598,0.577014537259603,1470.5
281,1.0,1.1,0.6,0.4,6.0,7.0,14.0,0.2048834344182911,2886.1155893610494,4115.264231179373,11742.570287941686,0.2888503677468681,0.385,0.6462802262791998,2.7574558288463358,0.5795139913197589,1444.5
282,1.0,1.1,0.6,0.4,6.0,8.0,14.0,0.20330695154634984,2929.535031051745,4039.0742581666914,11706.19196923363,0.28706510600848223,0.38,0.6459631731139364,2.7512299883902482,0.5784549622649748,1436.0
283,1.0,1.1,0.6,0.4,7.0,6.0,14.0,0.20942576334904905,2770.8203696829214,4201.033816425586,11596.603294920844,0.2865716563879688,0.385,0.6531818025210291,2.7473030760925097,0.5761334164394232,1426.5
284,1.0,1.1,0.6,0.4,7.0,7.0,14.0,0.21271438664693534,2864.762708565631,4082.713951790958,11744.999022383228,0.28103981247856863,0.385,0.6555260989503099,2.7612321989507116,0.5762016296324988,1398.5
285,1.0,1.1,0.6,0.4,7.0,8.0,14.0,0.21669820176222762,2745.000890111813,4077.708194288096,11482.114553467884,0.28836592084929114,0.385,0.6440905731371364,2.7596742967759162,0.5772258439691718,1402.5
286,1.0,1.1,1.0,0.4,3.0,6.0,14.0,0.19554846112986127,4219.887240313705,4188.788549514567,11612.486149543642,0.2566640298924974,0.38,0.6718299891997237,2.861351993955072,0.5875209733886954,1944.0
287,1.0,1.1,1.0,0.4,3.0,7.0,14.0,0.20526500509302395,4175.975882539771,4103.507508313464,11695.023705067131,0.24939528424064938,0.385,0.6790058311299592,2.8800845331798905,0.5886879603306489,1927.0
288,1.0,1.1,1.0,0.4,3.0,8.0,14.0,0.20682984851289601,4225.5850020151875,4108.702515898395,11785.32673956085,0.25192000209693066,0.385,0.6766729574585201,2.885593471634489,0.5884558365162369,1914.0
289,1.0,1.1,1.0,0.4,4.0,6.0,14.0,0.17358374315797817,3514.492288295347,4210.170095932619,11598.203355137117,0.2553438809696692,0.38,0.6738783582374747,2.8496068041238827,0.5868059571966171,1681.5
290,1.0,1.1,1.0,0.4,4.0,7.0,14.0,0.1735002720509124,3580.484744594275,4111.386137356753,11595.822644005577,0.25688762955242894,0.38,0.6740580308030804,2.849192587927311,0.5796725391135644,1663.0
291,1.0,1.1,1.0,0.4,4.0,8.0,14.0,0.18175008189043965,3477.9260610041183,4062.9147667988564,11721.567620307707,0.25900520552238027,0.38,0.6731177132842379,2.8556574614927204,0.5850409040419191,1661.0
292,1.0,1.1,1.0,0.4,5.0,6.0,14.0,0.2044082490114976,3116.370697218052,4156.550547541111,11713.27246003224,0.25984944133451193,0.385,0.6755691162450292,2.848263369244613,0.578789044779304,1537.0
293,1.0,1.1,1.0,0.4,5.0,7.0,14.0,0.20846293336760455,3107.333094325847,4126.742080312878,11558.86959808959,0.2567412240029765,0.385,0.6819125991973708,2.8606028486296173,0.5826377517345791,1513.0
294,1.0,1.1,1.0,0.4,5.0,8.0,14.0,0.2050097671598224,3131.915535352119,4106.045862138881,11484.408322401981,0.25525427016921953,0.38,0.6741331798982391,2.860976534473709,0.5785202232885025,1506.5
295,1.0,1.1,1.0,0.4,6.0,6.0,14.0,0.215525593057825,2928.8771477415985,4231.0485668723095,11667.932867988284,0.2557179978660964,0.385,0.6748874097351765,2.8605855883121887,0.5785071928241613,1464.0
296,1.0,1.1,1.0,0.4,6.0,7.0,14.0,0.2194469666665971,2881.777566060478,4161.317163678096,11662.847461927431,0.26073509552275453,0.385,0.67639128915583,2.853273928184116,0.5814919472087003,1456.0
297,1.0,1.1,1.0,0.4,6.0,8.0,14.0,0.22390990727628182,2939.5129166509955,4094.3531727903273,11521.399839361133,0.25271586767591814,0.385,0.6718326558265583,2.847761605886571,0.5797513562081915,1434.0
298,1.0,1.1,1.0,0.4,7.0,6.0,14.0,0.2183617479734498,2865.9362491073475,4181.45377196397,11792.343495192425,0.26254284497452934,0.385,0.6768129381346344,2.8425542010435034,0.5752072900670817,1433.5
299,1.0,1.1,1.0,0.4,7.0,7.0,14.0,0.22764784389020196,2861.950609640169,4013.888327185524,11777.273746577699,0.25609381149153876,0.38,0.6811971172766628,2.8371799474895756,0.5789639055985438,1398.0
300,1.0,1.1,1.0,0.4,7.0,8.0,14.0,0.23358092743761893,2770.8938665574196,4031.969599237262,11691.180293157424,0.26118106352034715,0.385,0.677828047835511,2.8399346473947977,0.5804213398940314,1401.0
301,1.0,1.1,1.4,0.4,3.0,6.0,14.0,0.20206180452779107,4150.998751879618,4210.444883865022,11713.878558719949,0.2359697597271036,0.38,0.695441406298541,2.96246841036227,0.5864618507365944,1945.0
302,1.0,1.1,1.4,0.4,3.0,7.0,14.0,0.21108988572007276,4166.863824650938,4150.26289385908,11682.57061505349,0.23437391518480913,0.385,0.6942876886493616,2.963659796145256,0.5894234560838639,1920.5
303,1.0,1.1,1.4,0.4,3.0,8.0,14.0,0.22077851203688909,4236.077963876332,4057.9300976544796,11827.780443223997,0.23423939247830278,0.385,0.6841570506137767,2.950879585880333,0.5849689844171907,1919.5
304,1.0,1.1,1.4,0.4,4.0,6.0,14.0,0.18754814837771547,3535.3233182627328,4153.078477967798,11698.461121371489,0.241019558328556,0.385,0.6921205715913608,2.935488606994566,0.5790844223130429,1686.5
305,1.0,1.1,1.4,0.4,4.0,7.0,14.0,0.18704221041827415,3572.484333748299,4088.610918707639,11686.107650153692,0.24345467907605323,0.385,0.6886476781491032,2.9288369955707525,0.5827861662947758,1665.0
306,1.0,1.1,1.4,0.4,4.0,8.0,14.0,0.20114090151107047,3509.871967826959,3976.703229805636,11890.315718565256,0.23692300137497546,0.385,0.6976136173494256,2.9416062982938405,0.5806620763437558,1658.5
307,1.0,1.1,1.4,0.4,5.0,6.0,14.0,0.2110515194335038,3093.6028556224137,4168.76168553243,11841.331806311584,0.2438069402247059,0.38,0.6914839785246512,2.9157549509605967,0.5792336650562633,1544.0
308,1.0,1.1,1.4,0.4,5.0,7.0,14.0,0.2196798205240997,3093.5440605570375,4028.534707580964,11605.322393238846,0.24192407695857976,0.38,0.6904142629186003,2.8969554140458884,0.5792204082932062,1521.0
309,1.0,1.1,1.4,0.4,5.0,8.0,14.0,0.21842577240588182,3144.373303243341,4032.512332113639,11814.893459923293,0.2379143895591872,0.38,0.6937006626712781,2.921642338807497,0.5805762548735036,1508.0
310,1.0,1.1,1.4,0.4,6.0,6.0,14.0,0.2252087927066265,2905.6788519464876,4145.853209914029,11661.432688300407,0.2497373991486006,0.385,0.6933615255724885,2.892932395945014,0.576744112317086,1460.5
311,1.0,1.1,1.4,0.4,6.0,7.0,14.0,0.22441970628856653,2940.363300260149,4093.330595761371,11870.639215488402,0.24549134809318685,0.38,0.6922730585753566,2.9118674612999795,0.5764968498166012,1441.0
312,1.0,1.1,1.4,0.4,6.0,8.0,14.0,0.2343930500044869,2902.5086631636195,4043.700487243508,11874.710280806394,0.2438502765238123,0.385,0.6911495280529988,2.9003891337902177,0.5795209984277665,1431.5
313,1.0,1.1,1.4,0.4,7.0,6.0,14.0,0.23401177091140887,2877.55299672786,4087.5920337356833,11655.355028079124,0.24337255175920158,0.385,0.7012442778162653,2.91141833756171,0.5791410400788969,1436.5
314,1.0,1.1,1.4,0.4,7.0,7.0,14.0,0.23244389424153877,2817.027227409996,4099.054436931378,11560.264170701483,0.2518336649698272,0.385,0.6847032158567006,2.8849391254897876,0.5761264134842364,1403.0
315,1.0,1.1,1.4,0.4,7.0,8.0,14.0,0.24291489896223808,2802.335389636447,3996.4778894487895,11746.32097837508,0.24512830055970972,0.385,0.6882937722425402,2.8849117326357754,0.5769710483723458,1397.5
316,1.0,1.1,1.8,0.4,3.0,6.0,14.0,0.211072670748612,4167.504557046409,4116.676494615718,12023.960315395645,0.23113111969226358,0.38,0.7002465097405604,2.959188188787098,0.5880251723399244,1944.5
317,1.0,1.1,1.8,0.4,3.0,7.0,14.0,0.20727076157200547,4173.451015327111,4142.2414758538025,12230.943799018132,0.2295301977235106,0.375,0.6905360156582786,2.960186061513189,0.5869724263406475,1926.0
318,1.0,1.1,1.8,0.4,3.0,8.0,14.0,0.2075791630828912,4149.499897779986,4079.8690093531777,12063.809042418567,0.23190555545132893,0.375,0.6979256817033059,2.9586820419510884,0.5928939986865682,1918.0
319,1.0,1.1,1.8,0.4,4.0,6.0,14.0,0.1907732997127791,3480.7910464530305,4177.450595717415,12040.103898815432,0.23322514190236188,0.38,0.6973737646504101,2.9409523769500447,0.5817915384588841,1687.0
320,1.0,1.1,1.8,0.4,4.0,7.0,14.0,0.1899127013452178,3527.323815331031,4070.9524621306746,12097.289456430943,0.2389727137930217,0.38,0.6936281116689982,2.9389963276073896,0.5839383782527152,1656.0
321,1.0,1.1,1.8,0.4,4.0,8.0,14.0,0.19504445437152512,3538.858549910378,4026.2196392413007,12289.054790465141,0.23306585114904882,0.38,0.6933776435133562,2.9455218963956638,0.580817572599295,1655.5
322,1.0,1.1,1.8,0.4,5.0,6.0,14.0,0.2121757300222886,3150.5499627745357,4186.8545437092425,12119.635687996237,0.23383970843693586,0.38,0.6979614428284342,2.936743229481786,0.5784426044784726,1533.0
323,1.0,1.1,1.8,0.4,5.0,7.0,14.0,0.22033609705671903,3107.051137011329,4073.226710134246,12067.712883445844,0.2352735033311808,0.38,0.6894936115179929,2.930966312197853,0.5764730978167933,1512.5
324,1.0,1.1,1.8,0.4,5.0,8.0,14.0,0.2206540204411084,3127.152568565245,4014.2098836142354,12171.534898328071,0.23776736767449858,0.38,0.6895662848324273,2.929613918051356,0.578838260890698,1517.0
325,1.0,1.1,1.8,0.4,6.0,6.0,14.0,0.2243403669305971,2919.8310371224657,4148.864963062773,11997.501734105883,0.23659490262277127,0.375,0.6971338681234371,2.930421300867666,0.5805457500776717,1457.5
326,1.0,1.1,1.8,0.4,6.0,7.0,14.0,0.2279290894555206,2874.1450342944418,4129.597716355364,12115.423584113483,0.237474107388152,0.375,0.6908783382337983,2.92833856390053,0.5784855716060278,1451.5
327,1.0,1.1,1.8,0.4,6.0,8.0,14.0,0.23671495072536425,2894.109061403967,4039.63897096941,12224.923034197744,0.2349026339898551,0.38,0.6897839595608358,2.92439526447248,0.578159835188035,1432.5
328,1.0,1.1,1.8,0.4,7.0,6.0,14.0,0.225449364830402,2837.255660640401,4197.613782994605,12134.488824240227,0.23970512189892415,0.375,0.6915572540265114,2.915756094789837,0.5774494722410374,1436.5
329,1.0,1.1,1.8,0.4,7.0,7.0,14.0,0.23489443760503445,2836.818916268276,4078.968932449031,12073.828821316587,0.24091636578297188,0.38,0.6853667473263971,2.909086138409802,0.5794178268667883,1403.0
330,1.0,1.1,1.8,0.4,7.0,8.0,14.0,0.23998480379365655,2767.5122178182487,4060.358132389609,12245.702970988192,0.2355263651355633,0.375,0.6961165107588079,2.9299170614155594,0.5791913853974362,1405.5
331,1.0,1.1,2.2,0.4,3.0,6.0,14.0,0.207923115443429,4231.916534135267,4161.971521102587,12095.771150154902,0.23328466059541064,0.375,0.6903578205930215,2.9649153507849952,0.5848479791418271,1954.0
332,1.0,1.1,2.2,0.4,3.0,7.0,14.0,0.21783564290206278,4236.287728908422,4068.614175026751,12286.928520953585,0.2318830731795708,0.38,0.6876116331443659,2.9569954560572294,0.5846260110426732,1926.0
333,1.0,1.1,2.2,0.4,3.0,8.0,14.0,0.21526001226477315,4241.127128006079,4080.7862226574334,12203.307203672492,0.22930056242344762,0.375,0.6860928861902633,2.9449578193281853,0.5862880951824607,1916.5
334,1.0,1.1,2.2,0.4,4.0,6.0,14.0,0.1832448759485426,3526.8145649119633,4156.434041868727,12098.68848091492,0.2361841619200743,0.375,0.696037489577433,2.956942367752434,0.5832274950131391,1686.5
335,1.0,1.1,2.2,0.4,4.0,7.0,14.0,0.19327461286961456,3492.9282274665184,4091.5149165503626,12310.286394447972,0.23537318545673847,0.38,0.6909789016053549,2.947161904235605,0.5824431096524241,1667.5
336,1.0,1.1,2.2,0.4,4.0,8.0,14.0,0.19675274884726748,3493.6018219913194,4024.8045284571863,12058.226463281899,0.23545068043930883,0.38,0.6942660234772863,2.953815053727618,0.5817595775838467,1657.5
337,1.0,1.1,2.2,0.4,5.0,6.0,14.0,0.21130807321252032,3092.128158066249,4150.426284217028,12057.796096628086,0.2388276778564894,0.375,0.6874092838414847,2.9304594665367505,0.579496985893676,1539.0
338,1.0,1.1,2.2,0.4,5.0,7.0,14.0,0.2159445476603693,3096.9585628310533,4098.268441333097,12162.24336491038,0.23517996714077016,0.375,0.6966739783510563,2.9358461848383857,0.57704752733113,1519.5
339,1.0,1.1,2.2,0.4,5.0,8.0,14.0,0.22094267014842078,3139.9105871738793,4023.675028713887,12241.691256120812,0.23498607271426744,0.38,0.685078225139077,2.9272636208727687,0.5780417786090182,1516.5
340,1.0,1.1,2.2,0.4,6.0,6.0,14.0,0.22458942884575164,2916.966630061114,4205.545553537208,12148.515369091256,0.23776922009925966,0.38,0.6914667719919407,2.92708309371409,0.5781362963665366,1459.0
341,1.0,1.1,2.2,0.4,6.0,7.0,14.0,0.2267358590928996,2918.510299640244,4116.76131153929,12126.594851259875,0.2419697809227525,0.38,0.6907477042774607,2.919881646450051,0.5792953075698501,1442.5
342,1.0,1.1,2.2,0.4,6.0,8.0,14.0,0.23341303981308079,2872.3561395788856,4045.5260690021587,11910.417832400668,0.24238519819015902,0.38,0.6952026156119337,2.9317870312104377,0.5749175133743113,1439.0
343,1.0,1.1,2.2,0.4,7.0,6.0,14.0,0.23079190687397805,2771.5077889641516,4162.754691275027,12132.890574909801,0.2413125669858301,0.375,0.6896150498285755,2.938257297105496,0.5799656517626123,1424.5
344,1.0,1.1,2.2,0.4,7.0,7.0,14.0,0.2366455080505752,2807.367281750501,4082.0696693903074,12185.29786443503,0.2410326652403781,0.38,0.6865988472517681,2.9194532093181573,0.5766315186164435,1408.0
345,1.0,1.1,2.2,0.4,7.0,8.0,14.0,0.2363121486780913,2826.8524738208853,4035.6302919355717,12127.768952952069,0.23719618945755327,0.375,0.6938317970938309,2.939124030765637,0.5721242100518444,1406.0
346,1.0,1.1,2.6,0.4,3.0,6.0,14.0,0.20320587592447958,4156.807359514314,4231.675542729527,12074.964327602864,0.22006997937519357,0.37,0.6983989087961835,2.9803708507770765,0.5833273256105018,1948.0
347,1.0,1.1,2.6,0.4,3.0,7.0,14.0,0.21576311552946562,4236.043641615563,4105.80645639208,11941.792601724523,0.21926650735401793,0.37,0.6943636461263271,2.981752775394183,0.5856269915827654,1920.5
348,1.0,1.1,2.6,0.4,3.0,8.0,14.0,0.22004937353812487,4291.266773946099,4117.58946783882,12179.578135998792,0.2172630681650204,0.37,0.6958667161592039,2.9893621469297416,0.5848285545771128,1911.5
349,1.0,1.1,2.6,0.4,4.0,6.0,14.0,0.1799132199286844,3546.680933432398,4235.031660061841,12101.548333694893,0.2261011541901784,0.37,0.6911531735817594,2.958809864770786,0.5837978929239562,1683.5
350,1.0,1.1,2.6,0.4,4.0,7.0,14.0,0.1936631545123424,3483.4071714683523,4108.726321431753,12066.463714234727,0.22152463230793445,0.37,0.6929742105477927,2.9560041516117295,0.586177527334927,1657.0
351,1.0,1.1,2.6,0.4,4.0,8.0,14.0,0.19417038588684107,3482.2323514481845,4086.6450386978477,12129.35581756043,0.22279063654572476,0.37,0.695311077434551,2.9661336735425134,0.58408481540812,1651.0
352,1.0,1.1,2.6,0.4,5.0,6.0,14.0,0.21022017472497867,3087.985030801178,4188.356767085066,12145.119914169894,0.2249876409519998,0.365,0.6951418011588919,2.9366340890090905,0.579009189445185,1543.0
353,1.0,1.1,2.6,0.4,5.0,7.0,14.0,0.21164953348276133,3145.8668529365827,4151.038407086402,11939.286053852957,0.22574681088042323,0.37,0.6896679922034075,2.9552954195514163,0.5809412338340241,1516.5
354,1.0,1.1,2.6,0.4,5.0,8.0,14.0,0.21542802378605735,3133.9057724464483,4052.9219313129797,11996.480455336758,0.22957452994766428,0.37,0.6919654971893778,2.941069665483991,0.5773479959170629,1507.0
355,1.0,1.1,2.6,0.4,6.0,6.0,14.0,0.22403791852021446,2922.9405822780955,4197.830776385928,12367.796184497238,0.22598517825798145,0.37,0.6992724580563998,2.9609429166957604,0.578440606860261,1469.0
356,1.0,1.1,2.6,0.4,6.0,7.0,14.0,0.22554381861012052,2881.402792076544,4169.6061306301135,12131.511016200542,0.22433514496257473,0.365,0.6908607817728178,2.949046631997912,0.5784892671440238,1439.0
357,1.0,1.1,2.6,0.4,6.0,8.0,14.0,0.22712311735888607,2946.2415804644115,4102.634611796766,11989.8485795729,0.22035629862161638,0.365,0.6966601376343333,2.946795963511831,0.5793112078058034,1435.5
358,1.0,1.1,2.6,0.4,7.0,6.0,14.0,0.21936562954223846,2828.3884137855403,4193.00664842346,12053.384473485636,0.23225370852115895,0.36,0.689441636713863,2.926593787026941,0.5743259103575806,1420.5
359,1.0,1.1,2.6,0.4,7.0,7.0,14.0,0.23454852020500072,2772.9237319848553,4139.381675590611,12165.548821430017,0.22421492877665355,0.365,0.6990114244921537,2.9329819166963382,0.5786786230522536,1409.0
360,1.0,1.1,2.6,0.4,7.0,8.0,14.0,0.23985566875863784,2818.820389596759,4084.403910196708,12064.151767010186,0.22140485312899105,0.37,0.693103448275862,2.9410905312936313,0.5754438490349991,1400.0
361,1.0,1.3,0.6,0.4,3.0,6.0,14.0,0.17289792259297648,4246.017041956686,4164.138993338811,11648.051147366257,0.30625698324022343,0.385,0.6236755423347602,2.6977167303159924,0.5835752655872777,1947.0
362,1.0,1.3,0.6,0.4,3.0,7.0,14.0,0.17259175838267468,4268.286752339547,4141.216149216883,11590.497674994782,0.30499154319734795,0.38,0.6212204857587443,2.706237492010195,0.5873026875412111,1922.5
363,1.0,1.3,0.6,0.4,3.0,8.0,14.0,0.16603032056402628,4161.271043058973,4113.703896403289,11731.08963185878,0.3063632445155956,0.38,0.6175879586577615,2.699520667217005,0.5892589300731239,1919.5
364,1.0,1.3,0.6,0.4,4.0,6.0,14.0,0.15157609809605793,3489.0327029304353,4197.457115271682,11746.209169054007,0.3027077728997861,0.385,0.6311751950070855,2.71985019863304,0.5824500174452096,1685.0
365,1.0,1.3,0.6,0.4,4.0,7.0,14.0,0.15476482424140053,3571.54957804749,4072.2174305869376,11590.01349365382,0.29926032456079277,0.385,0.6396618771612245,2.728410106948882,0.5811406500001,1661.0
366,1.0,1.3,0.6,0.4,4.0,8.0,14.0,0.15524205741863836,3517.951509723288,4103.315713560929,11441.855240751182,0.30173553870388686,0.385,0.6365635417811482,2.732125858642166,0.5812137897302823,1652.5
367,1.0,1.3,0.6,0.4,5.0,6.0,14.0,0.18351021094227155,3079.7095274764424,4237.727483627063,11585.61272413249,0.2918142410128603,0.385,0.6419832208923666,2.7546261403821326,0.5813048300300971,1535.5
368,1.0,1.3,0.6,0.4,5.0,7.0,14.0,0.18879965229522017,3048.730422581615,4149.020308227382,11596.224460392912,0.29441241825311054,0.385,0.6457828909995289,2.748496414481888,0.581122388115364,1520.5
369,1.0,1.3,0.6,0.4,5.0,8.0,14.0,0.1881155720674001,3089.575753949057,4111.380781911382,11474.695184841086,0.28795398507924175,0.38,0.6462768136279431,2.7517945337889618,0.5821608267127896,1507.5
370,1.0,1.3,0.6,0.4,6.0,6.0,14.0,0.1975095127019089,2899.8949071476227,4214.1949288811675,11761.725120739828,0.2907837723678211,0.385,0.650824920487064,2.754866403754244,0.5794569403438994,1465.5
371,1.0,1.3,0.6,0.4,6.0,7.0,14.0,0.19982301843069103,2884.985713659442,4144.378245826349,11662.653235596606,0.2884989740621876,0.38,0.6471899241799804,2.755279688262875,0.5832548940923215,1434.0
372,1.0,1.3,0.6,0.4,6.0,8.0,14.0,0.2068116447819928,2874.656797651137,4105.748737246997,11628.732207276,0.2877646626887763,0.385,0.6472347013113162,2.7435976649840192,0.5794836012054048,1441.5
373,1.0,1.3,0.6,0.4,7.0,6.0,14.0,0.20884476631508678,2759.0848381014794,4168.45420689249,11732.988739207296,0.29180617495711836,0.385,0.6472982112227395,2.7539948442470834,0.5768439916020156,1429.5
374,1.0,1.3,0.6,0.4,7.0,7.0,14.0,0.20615114472788976,2785.475026659403,4102.086146536623,11728.408006639696,0.28658050699736043,0.375,0.6449720034435409,2.7675991033266056,0.5726302472532928,1403.5
375,1.0,1.3,0.6,0.4,7.0,8.0,14.0,0.21144246309415524,2812.1616016955195,4032.3726594686004,11604.397224437069,0.28729821336244044,0.38,0.6448129447102562,2.7620736549972014,0.5767007701440725,1397.0
376,1.0,1.3,1.0,0.4,3.0,6.0,14.0,0.2018498926032243,4175.561022707339,4135.185125290799,11610.742784770257,0.2522379389731565,0.385,0.6770568182060643,2.879849098521243,0.5873659125857773,1936.5
377,1.0,1.3,1.0,0.4,3.0,7.0,14.0,0.208401113869036,4198.9214498701,4096.093412046755,11607.867813360015,0.24739284202889789,0.385,0.6869842361404994,2.881516423510388,0.5872046320674511,1925.0
378,1.0,1.3,1.0,0.4,3.0,8.0,14.0,0.21195052597817107,4285.801538630408,4108.9593599205455,11848.820412707915,0.25011665762344004,0.385,0.6790531741725447,2.881718156087006,0.5867238395265595,1920.0
379,1.0,1.3,1.0,0.4,4.0,6.0,14.0,0.18578629952694328,3491.1664413584895,4074.0246559047673,11666.321376438373,0.2560891236423152,0.385,0.6757899901516923,2.862257647946447,0.5811544834352405,1680.5
380,1.0,1.3,1.0,0.4,4.0,7.0,14.0,0.17928406077767098,3533.0219540852886,4107.800240725923,11650.017830121047,0.2528707212478494,0.38,0.6809381614617915,2.8858053989834556,0.5836506854545516,1651.5
381,1.0,1.3,1.0,0.4,4.0,8.0,14.0,0.18494806459197102,3493.318144816138,4087.759250071611,11902.08499002552,0.2496552333804809,0.38,0.6773738561902838,2.8695908306379856,0.5772235335767987,1665.5
382,1.0,1.3,1.0,0.4,5.0,6.0,14.0,0.20618722861248115,3130.952655401152,4188.711789100564,11680.269819387657,0.25231742443375627,0.385,0.6786119346346828,2.8635953787896393,0.5801707551825028,1533.0
383,1.0,1.3,1.0,0.4,5.0,7.0,14.0,0.2084328442551327,3139.189153647104,4104.649947301547,11598.173042282302,0.25516853106196985,0.385,0.6801289549813327,2.8745193427330005,0.5830506490001968,1512.0
384,1.0,1.3,1.0,0.4,5.0,8.0,14.0,0.217476955828378,3090.001975756966,4056.391909286297,11915.009447072136,0.2498855551445791,0.385,0.6828941929026784,2.87635349131494,0.5769702725819905,1516.5
385,1.0,1.3,1.0,0.4,6.0,6.0,14.0,0.21862059903112238,2906.2028287757616,4146.569571662396,11649.745826784987,0.26068179942832614,0.385,0.6726691959016751,2.8463616213575307,0.5754488240088373,1469.5
386,1.0,1.3,1.0,0.4,6.0,7.0,14.0,0.22170158937947518,2914.0171082508623,4058.3790055444724,11785.163644177988,0.25618483822567617,0.38,0.6863713307428922,2.860616922632587,0.5753128335294938,1443.0
387,1.0,1.3,1.0,0.4,6.0,8.0,14.0,0.22417596901545453,2931.511957595517,4067.879593682721,11797.138136834667,0.24919165179202962,0.38,0.6850672002062574,2.867632738595895,0.5783671309081176,1440.0
388,1.0,1.3,1.0,0.4,7.0,6.0,14.0,0.22141916930871697,2789.4347382354917,4161.391185274233,11720.156795745297,0.2551502331883784,0.375,0.6834260966156174,2.8515510221968867,0.5771878764008995,1426.0
389,1.0,1.3,1.0,0.4,7.0,7.0,14.0,0.23455188913403344,2779.4212895967903,4111.80446035159,11837.349550771116,0.25140676268258527,0.385,0.6811941000296429,2.846055347420458,0.5807561428903557,1399.5
390,1.0,1.3,1.0,0.4,7.0,8.0,14.0,0.23182007759107232,2840.97038109023,4004.615303457471,11797.52425894835,0.2522951206515558,0.38,0.6879506101808917,2.8587888657111877,0.5765237523377962,1399.0
391,1.0,1.3,1.4,0.4,3.0,6.0,14.0,0.20614357721978221,4215.0180931078685,4202.675194391665,11453.75184740647,0.23706419322601255,0.38,0.6910078379291082,2.950671687976439,0.5890340947697206,1945.5
392,1.0,1.3,1.4,0.4,3.0,7.0,14.0,0.21452506310260036,4186.9997630423495,4078.8551862415043,11753.46333907239,0.23730355944038067,0.385,0.6883649876024329,2.950415413155998,0.5856351986242483,1928.0
393,1.0,1.3,1.4,0.4,3.0,8.0,14.0,0.21837611915015423,4262.974005918816,4053.472652460396,11690.001390000309,0.2417234237102309,0.385,0.6877667058701271,2.9324927614620524,0.5890442606177347,1907.5
394,1.0,1.3,1.4,0.4,4.0,6.0,14.0,0.18597196653743936,3580.101691863848,4123.2550486411255,11639.12206528775,0.24127523612582744,0.385,0.6994994431532056,2.9337961611724444,0.5865937679364366,1676.5
395,1.0,1.3,1.4,0.4,4.0,7.0,14.0,0.1895323285706391,3533.072425322108,4077.0328130129956,11845.8932154705,0.23841382046380785,0.38,0.6938837595123887,2.9376329561018966,0.5775093455387325,1665.5
396,1.0,1.3,1.4,0.4,4.0,8.0,14.0,0.19603972479122894,3492.1783524850284,4031.509664355697,11843.88625253845,0.23620706541109104,0.38,0.6946866927443085,2.931329944914681,0.5823493263285145,1648.5
397,1.0,1.3,1.4,0.4,5.0,6.0,14.0,0.20560463283218525,3185.2968274560917,4160.314782858074,11475.45882528405,0.2496918491576368,0.385,0.690576141042156,2.903185480116334,0.5790697525235868,1542.0
398,1.0,1.3,1.4,0.4,5.0,7.0,14.0,0.20965386851172899,3160.5914768594603,4080.496944541041,11738.376880745618,0.24649999740066647,0.38,0.6886678588943128,2.908800804369223,0.5762688481742604,1520.0
399,1.0,1.3,1.4,0.4,5.0,8.0,14.0,0.2162748101622279,3169.7876418060087,4009.1193672694076,11734.57784186701,0.24075154627144357,0.38,0.6928463064534951,2.9246271644406536,0.5762559613814907,1510.5
400,1.0,1.3,1.4,0.4,6.0,6.0,14.0,0.21919101811041836,2895.9673110108665,4153.663107436543,11822.494321445934,0.24751820881933717,0.375,0.6944453772733039,2.9002781228447705,0.5751381672745873,1465.0
401,1.0,1.3,1.4,0.4,6.0,7.0,14.0,0.22663287060735227,2956.917537975931,4115.145974845452,11533.766557145187,0.2443001443001443,0.385,0.6955266955266955,2.8992495515448553,0.5769660489243773,1428.0
402,1.0,1.3,1.4,0.4,6.0,8.0,14.0,0.2297102076394566,2916.8716449695444,4044.512413295234,11745.935042535788,0.23728987521470984,0.375,0.6968703443481739,2.919181483315225,0.5778912641467836,1443.0
403,1.0,1.3,1.4,0.4,7.0,6.0,14.0,0.23232398129439583,2809.828855123431,4168.759133166474,11655.180393699726,0.24658442706165049,0.385,0.6933536376052645,2.9035784842783245,0.5765950039971894,1434.0
404,1.0,1.3,1.4,0.4,7.0,7.0,14.0,0.2331083842156382,2870.8436227601965,4087.528278993387,11602.009778967962,0.24565613924454202,0.385,0.6975795782437182,2.916258045778193,0.5758188946025051,1412.0
405,1.0,1.3,1.4,0.4,7.0,8.0,14.0,0.23402114671636778,2814.7945003577356,4038.166924398544,11565.341336509344,0.2485468311179674,0.38,0.6928414815437913,2.9001879011372758,0.5755454402613331,1414.0
406,1.0,1.3,1.8,0.4,3.0,6.0,14.0,0.21761957031048093,4276.569978028516,4107.2598332743455,12131.463076828906,0.23333588147453022,0.38,0.6885781767522534,2.9574329934443564,0.5828288295125725,1948.0
407,1.0,1.3,1.8,0.4,3.0,7.0,14.0,0.21401402365650993,4224.002458595476,4124.980883689112,11955.521218216756,0.23184426997986318,0.38,0.6937889793821997,2.953010288591197,0.5924161874393115,1918.5
408,1.0,1.3,1.8,0.4,3.0,8.0,14.0,0.21874200043860964,4223.022255485572,3958.757038794327,12057.897490924213,0.23236964467789445,0.375,0.6950637072632483,2.9753397701901765,0.5867787844593438,1917.5
409,1.0,1.3,1.8,0.4,4.0,6.0,14.0,0.1885773575720807,3503.5380563750723,4156.164091177808,11897.960880942268,0.2362507059358055,0.38,0.694384997218719,2.936470928529261,0.5815002628927954,1681.5
410,1.0,1.3,1.8,0.4,4.0,7.0,14.0,0.18347109883397061,3575.152271721034,4086.576206693222,12134.373453286968,0.2366075137047206,0.375,0.6951516819479087,2.954739472158911,0.5820764402940322,1664.5
411,1.0,1.3,1.8,0.4,4.0,8.0,14.0,0.1974564974657419,3487.3098437240224,4047.412866488822,12120.23791878648,0.2329488309878618,0.38,0.6967840424030985,2.939894938855411,0.5838320960259483,1661.0
412,1.0,1.3,1.8,0.4,5.0,6.0,14.0,0.20894637932465152,3155.6672655842963,4159.627909062514,11918.171468723409,0.24113283134121546,0.38,0.6910675541860041,2.929648764808375,0.5766014543015787,1532.5
413,1.0,1.3,1.8,0.4,5.0,7.0,14.0,0.2189372269600775,3091.3555766634804,4041.182125269078,12040.892248147156,0.2359189829778065,0.375,0.691062578877705,2.9114294977970303,0.578019873579632,1508.5
414,1.0,1.3,1.8,0.4,5.0,8.0,14.0,0.21980296821344722,3148.3233297866827,4016.887681760443,12083.276349292675,0.23655777915784015,0.38,0.6897493837033608,2.9165399051699934,0.575757754227087,1508.0
415,1.0,1.3,1.8,0.4,6.0,6.0,14.0,0.22946319025518713,2865.4243748588433,4066.1393632855024,12227.290952213967,0.24158959354854306,0.375,0.6919913220689438,2.8991677918631673,0.5766678887543744,1467.5
416,1.0,1.3,1.8,0.4,6.0,7.0,14.0,0.23005709927042697,2981.8338279192617,4075.1320410137973,12177.71889487647,0.2329579519926031,0.38,0.6966478133254357,2.93176840304592,0.5793796453560772,1442.0
417,1.0,1.3,1.8,0.4,6.0,8.0,14.0,0.23361320372582886,2947.227296365745,4013.9010650464315,12103.570322140135,0.2364090845759986,0.38,0.6953410551161301,2.923172473654631,0.5754151463031851,1436.0
418,1.0,1.3,1.8,0.4,7.0,6.0,14.0,0.23415369315912002,2804.7791706487988,4177.299689239851,12256.271540747286,0.2369512272012129,0.38,0.6911021863668423,2.907272545298547,0.5844462103629532,1431.0
419,1.0,1.3,1.8,0.4,7.0,7.0,14.0,0.2397495381024658,2817.6909352055313,4094.0155147849423,12181.641801690475,0.2335743346773272,0.38,0.695369798075883,2.9266536111988652,0.5781698103272236,1404.0
420,1.0,1.3,1.8,0.4,7.0,8.0,14.0,0.23681727594349228,2787.3416417340636,4072.941281942183,12227.865385153906,0.2374699641062528,0.375,0.6891080624007556,2.9265223499102087,0.5767672681054241,1407.0
421,1.0,1.3,2.2,0.4,3.0,6.0,14.0,0.21196198490588852,4244.8766672955835,4140.03485351597,11970.240877855056,0.22993977846313454,0.375,0.6900981118999141,2.9582940777217956,0.5866605793977078,1946.0
422,1.0,1.3,2.2,0.4,3.0,7.0,14.0,0.21938694158807834,4222.1949664538715,4117.160387595102,12262.110618495692,0.22331602167954484,0.38,0.6905197808328459,2.9883969277287834,0.5868012014622099,1926.5
423,1.0,1.3,2.2,0.4,3.0,8.0,14.0,0.2186956905361717,4174.303433104085,4019.7938348204525,12253.246609999002,0.2278042391045487,0.38,0.6929052620629432,2.974562975306181,0.5869314634775058,1911.5
424,1.0,1.3,2.2,0.4,4.0,6.0,14.0,0.1889354976591591,3499.0412283943633,4159.292925839061,12270.130334731419,0.23587724377533298,0.38,0.686693688477128,2.942521476548775,0.5795110468348537,1688.5
425,1.0,1.3,2.2,0.4,4.0,7.0,14.0,0.18751497037167048,3553.036659900554,4095.8089648368855,12250.614189361742,0.23148949018445059,0.375,0.6919897234144878,2.9517044513913486,0.5809471734468713,1663.5
426,1.0,1.3,2.2,0.4,4.0,8.0,14.0,0.19039993063378666,3507.2749417157393,4020.5552973563626,11976.260246843893,0.23222898351436688,0.37,0.6894369261452148,2.9550637359156475,0.5802817236088884,1651.5
427,1.0,1.3,2.2,0.4,5.0,6.0,14.0,0.20631064343722572,3115.703993215524,4202.492420141622,12135.083747388457,0.23987163449932558,0.375,0.6957029462954804,2.928573305274208,0.5790492946454313,1540.0
428,1.0,1.3,2.2,0.4,5.0,7.0,14.0,0.22097990540916038,3093.4283573150738,4062.7123684369553,12111.003091891223,0.23668056535870824,0.38,0.6816437055045792,2.93043692191596,0.5801123729765593,1515.5
429,1.0,1.3,2.2,0.4,5.0,8.0,14.0,0.21818962380226503,3125.8317473407233,4049.3111539665197,11982.975325174639,0.23890169393114308,0.38,0.6930342525105458,2.9317269999150626,0.5805990198044959,1508.5
430,1.0,1.3,2.2,0.4,6.0,6.0,14.0,0.22338046728954364,2901.9771003242995,4203.052873210081,12059.598957426191,0.24172266182993757,0.38,0.696720171415683,2.918685552536067,0.5814444646017907,1459.5
431,1.0,1.3,2.2,0.4,6.0,7.0,14.0,0.22847151832088086,2865.120865611521,4121.012139816841,12107.553221879738,0.24472071383193097,0.38,0.6904234544229773,2.9380487985007937,0.5827304747809443,1445.5
432,1.0,1.3,2.2,0.4,6.0,8.0,14.0,0.23562886946022452,2895.82103759493,4035.7542157028197,12155.287624519722,0.23688251389980497,0.38,0.6911616161616161,2.934017186389708,0.5795780122245701,1436.5
433,1.0,1.3,2.2,0.4,7.0,6.0,14.0,0.22788163627654207,2858.170389571829,4133.942635057758,12174.2209631846,0.23897314632956138,0.375,0.6903170437413055,2.9144477135577027,0.5778537757123898,1436.0
434,1.0,1.3,2.2,0.4,7.0,7.0,14.0,0.23543569850941432,2762.4061328407847,4106.752585925269,12277.37383730368,0.2332130065426437,0.37,0.6877092912772116,2.935411043583279,0.5775935292195695,1412.0
435,1.0,1.3,2.2,0.4,7.0,8.0,14.0,0.23389139175264934,2844.435821366951,4057.772302276396,12025.918018064713,0.24364401281654,0.38,0.683510128109428,2.904170269384687,0.5802829295609122,1403.0
436,1.0,1.3,2.6,0.4,3.0,6.0,14.0,0.1975108724274473,4221.451215095922,4288.468020687784,12178.284728219194,0.21912891912891913,0.36,0.6892983892983893,2.9827179946583637,0.5867710090916678,1952.0
437,1.0,1.3,2.6,0.4,3.0,7.0,14.0,0.2091328123165944,4227.441030689364,4161.759793896569,12046.42755615302,0.21803706001921117,0.365,0.6944332541711744,2.9871259611285383,0.5875900200953843,1922.0
438,1.0,1.3,2.6,0.4,3.0,8.0,14.0,0.21052160321481667,4177.572266588972,4070.0286114668306,11901.502544131476,0.21830018402278858,0.365,0.6957595844745705,2.9785588210425926,0.5869588871301323,1910.5
439,1.0,1.3,2.6,0.4,4.0,6.0,14.0,0.1803246902037638,3485.319363363955,4229.39584913724,12112.292768704456,0.22014146993710595,0.36,0.6940918482634117,2.97346615244634,0.5825528005131583,1679.0
440,1.0,1.3,2.6,0.4,4.0,7.0,14.0,0.179723939960127,3537.2919390318557,4213.694758466142,12190.962932344184,0.2230374023838882,0.365,0.6921836183160015,2.9582555135919035,0.5778364414917981,1658.5
441,1.0,1.3,2.6,0.4,4.0,8.0,14.0,0.18244209942658185,3557.364795451598,4126.335318375515,12122.219633072604,0.21768639459350766,0.36,0.6912200234304648,2.9652474480449396,0.5767751228740208,1657.5
442,1.0,1.3,2.6,0.4,5.0,6.0,14.0,0.20739808232795715,3165.948277478313,4207.48475266209,11985.407291180869,0.21917603202975405,0.365,0.687597386331311,2.954275991492982,0.5814110689303413,1535.5
443,1.0,1.3,2.6,0.4,5.0,7.0,14.0,0.20592675308588113,3155.1145433167503,4156.862626019042,12226.913972211903,0.22106247230799017,0.36,0.6954989845721669,2.9564470820625925,0.5742182313283634,1520.0
444,1.0,1.3,2.6,0.4,5.0,8.0,14.0,0.21390495721329156,3085.268883637053,4094.897476422645,11985.05877311167,0.22114304138800006,0.36,0.6899792736696964,2.9550622770115753,0.5830461831303275,1513.5
445,1.0,1.3,2.6,0.4,6.0,6.0,14.0,0.21578050982813538,2973.3256549117846,4224.328053800745,12136.069223176608,0.2254033692581354,0.365,0.6854403404136584,2.9416616211108764,0.5768675352774029,1467.0
446,1.0,1.3,2.6,0.4,6.0,7.0,14.0,0.22445149253558705,2948.505414099535,4137.466176967227,12083.739847345263,0.22145687558716437,0.365,0.6915846789083862,2.951668843443117,0.5792157702948781,1446.5
447,1.0,1.3,2.6,0.4,6.0,8.0,14.0,0.2250687081092683,2905.2398101004396,4115.205244753614,12246.151601662597,0.22095947062888,0.36,0.6936542092141216,2.954875758715392,0.5816417827187437,1438.0
448,1.0,1.3,2.6,0.4,7.0,6.0,14.0,0.22006489560793246,2850.9026875137183,4212.314702815771,12186.74807895659,0.22679235195399133,0.36,0.686965539418499,2.9561459055493744,0.5778463725456825,1431.5
449,1.0,1.3,2.6,0.4,7.0,7.0,14.0,0.23016142590325217,2801.68880335145,4175.517164501438,12036.525880541332,0.2250777072209679,0.365,0.6950086592448481,2.948861283796772,0.582324303760666,1396.0
450,1.0,1.3,2.6,0.4,7.0,8.0,14.0,0.22958696989611566,2804.9628878435205,4134.206888072748,12137.888543184705,0.2293855229500773,0.365,0.683351249801117,2.938843052741258,0.5770947679627816,1401.0
451,1.5,0.5,0.6,0.4,3.0,6.0,14.0,0.10357944554965734,4262.007849154259,4193.524381104247,11630.91687537984,0.415518467540243,0.38,0.5091560267848894,2.493269581595329,0.5906761551675471,1946.5
452,1.5,0.5,0.6,0.4,3.0,7.0,14.0,0.11094555728817088,4259.497117476612,4129.957312983263,11788.400870805213,0.4149370776514385,0.385,0.510021850847732,2.4931796723243638,0.583329501893444,1925.5
453,1.5,0.5,0.6,0.4,3.0,8.0,14.0,0.105253452139561,4263.247013932503,4059.293699964508,11529.554302539347,0.4185498669178567,0.375,0.5109696233345697,2.4934450876965633,0.5853537569823632,1918.0
454,1.5,0.5,0.6,0.4,4.0,6.0,14.0,0.10068769928551888,3533.530832406927,4144.960963103632,11456.172693307351,0.3878779422984543,0.385,0.545329763485829,2.5553164393379064,0.5833895194046492,1683.0
455,1.5,0.5,0.6,0.4,4.0,7.0,14.0,0.10155978102816353,3536.1724056921357,4141.448984051509,11593.310291632184,0.3864292742215534,0.385,0.5508688794999421,2.556135806454119,0.5863550580133505,1663.0
456,1.5,0.5,0.6,0.4,4.0,8.0,14.0,0.10516915393979068,3589.359884486724,4041.04407484322,11503.866578158722,0.3833655571168091,0.385,0.5437690086692373,2.551752152111637,0.5811011601359768,1651.5
457,1.5,0.5,0.6,0.4,5.0,6.0,14.0,0.13848750011645206,3085.2317794916116,4196.801669763615,11412.530124207591,0.3641422108421034,0.38,0.5675656452501975,2.605559952349809,0.5832995133855345,1537.5
458,1.5,0.5,0.6,0.4,5.0,7.0,14.0,0.15276236994817088,3142.2268309019078,4016.3250471238634,11623.638907602257,0.35629092814491736,0.385,0.5783600662023405,2.6202203143247322,0.5769065517389065,1512.5
459,1.5,0.5,0.6,0.4,5.0,8.0,14.0,0.15187460396623992,3088.5387536689377,4008.6318701997943,11562.646188212635,0.36455678477637127,0.385,0.5718744110513625,2.601276465260728,0.5843694714987939,1507.5
460,1.5,0.5,0.6,0.4,6.0,6.0,14.0,0.15869977459454562,2887.5638225676425,4211.246812749762,11721.622594760169,0.3512826251587094,0.38,0.587927107702789,2.6382081538419326,0.5750461882645574,1460.5
461,1.5,0.5,0.6,0.4,6.0,7.0,14.0,0.17120368088674556,2870.4851565667723,4081.331379741485,11559.878489438193,0.3502537390219671,0.385,0.5918322572857158,2.6227101813965583,0.581502743267712,1445.5
462,1.5,0.5,0.6,0.4,6.0,8.0,14.0,0.17509430726116357,2875.817722294916,4016.446447513137,11547.984066060846,0.34894628911572567,0.385,0.5817381436235236,2.6340245493866945,0.5798885859892711,1434.5
463,1.5,0.5,0.6,0.4,7.0,6.0,14.0,0.17169875707934792,2781.725963042135,4190.464160748308,11711.759500234211,0.34330397903712295,0.38,0.5931291646768595,2.644090973736192,0.5752783461290496,1422.0
464,1.5,0.5,0.6,0.4,7.0,7.0,14.0,0.17992214339770743,2763.5548768968147,4108.613434444542,11739.99204228981,0.3389056149330122,0.38,0.594533092478298,2.6551007464844325,0.5780676073192169,1412.5
465,1.5,0.5,0.6,0.4,7.0,8.0,14.0,0.18334451504219174,2753.771370188005,4055.786644509568,11738.045093407196,0.33901347738309595,0.38,0.5965899908280003,2.6545267397278125,0.5798824169741634,1388.0
466,1.5,0.5,1.0,0.4,3.0,6.0,14.0,0.15296095297481227,4306.52133487959,4166.372629302154,11722.487647497537,0.34004174387265224,0.38,0.588401730817822,2.6134050177040793,0.582689139550342,1949.5
467,1.5,0.5,1.0,0.4,3.0,7.0,14.0,0.14920799218641326,4188.120691790462,4108.573927507967,11734.702903456739,0.344491605450707,0.385,0.5886104522550242,2.602582439900167,0.5895293881165595,1935.0
468,1.5,0.5,1.0,0.4,3.0,8.0,14.0,0.15417534199755611,4294.263098778427,4066.2259022200533,11577.433084248727,0.3456156388052871,0.38,0.5883263371878135,2.6212423654137735,0.5883676069719412,1907.0
469,1.5,0.5,1.0,0.4,4.0,6.0,14.0,0.13785134396136636,3490.8177230790525,4151.365844360185,11552.555141968773,0.3297065975334519,0.385,0.5968823225535445,2.6489929993979997,0.5811355343231814,1682.0
470,1.5,0.5,1.0,0.4,4.0,7.0,14.0,0.14077456928983803,3485.904828118868,4009.2243772511,11475.322841855868,0.3317666979729652,0.38,0.6081201672102055,2.665406176024816,0.580912826431038,1667.0
471,1.5,0.5,1.0,0.4,4.0,8.0,14.0,0.14051901005023387,3582.9325224355002,4016.485524863174,11662.975698169663,0.3269137599562574,0.385,0.6049142334442292,2.6698009380317522,0.5819383641287947,1652.5
472,1.5,0.5,1.0,0.4,5.0,6.0,14.0,0.1773834364331823,3083.3693426565005,4087.7869277242,11479.094773346103,0.31517181336839484,0.385,0.6193001737847337,2.6756820597497892,0.5772377014934853,1538.0
473,1.5,0.5,1.0,0.4,5.0,7.0,14.0,0.1697067785864807,3155.689608180077,4122.704389283368,11677.712110683042,0.316735788815378,0.385,0.6180918995424772,2.695611897319394,0.5799935434018166,1520.0
474,1.5,0.5,1.0,0.4,5.0,8.0,14.0,0.17778880818786127,3150.811097953585,3997.846805338993,11715.302553417387,0.30857142857142855,0.38,0.6206407724380074,2.7029542011289687,0.5839990100989143,1510.0
475,1.5,0.5,1.0,0.4,6.0,6.0,14.0,0.1867819715705772,2899.597955128119,4162.129864571325,11539.425511678295,0.30715655615774695,0.38,0.6269702601540967,2.707952987495359,0.5794062114776737,1469.5
476,1.5,0.5,1.0,0.4,6.0,7.0,14.0,0.19345738265227497,2867.096035487987,4120.101553634393,11579.983620490511,0.3097661722266142,0.385,0.6320361590826628,2.7058352552977274,0.5747903671198166,1443.0
477,1.5,0.5,1.0,0.4,6.0,8.0,14.0,0.19983406841448406,2902.958059424586,4040.2167661162507,11720.255871943078,0.3021716263593588,0.385,0.6328183449275672,2.7276144199613075,0.5783584867937428,1436.5
478,1.5,0.5,1.0,0.4,7.0,6.0,14.0,0.19571634532411988,2827.158338126512,4187.990619821162,11588.15082357298,0.3043929815980926,0.385,0.6330009170385767,2.718195672912807,0.5791206069384001,1431.0
479,1.5,0.5,1.0,0.4,7.0,7.0,14.0,0.19362682308740817,2803.7304035407897,4159.930381534218,11888.817997885842,0.3067166465335807,0.38,0.6285821741242108,2.7144132092443694,0.5809371626769504,1418.0
480,1.5,0.5,1.0,0.4,7.0,8.0,14.0,0.20082428121906049,2793.649724872269,4076.235365663011,11435.928342905081,0.3096546383245674,0.385,0.6316665761201037,2.719701813864549,0.5810352228189462,1397.5
481,1.5,0.5,1.4,0.4,3.0,6.0,14.0,0.18664563138608894,4299.24583186523,4161.18715291651,11801.635332751608,0.2894569722182827,0.385,0.6442033438913315,2.762287409417884,0.585089485706481,1951.5
482,1.5,0.5,1.4,0.4,3.0,7.0,14.0,0.19040607177675548,4282.756972431362,4086.705889372441,11492.700070485096,0.28796691991136436,0.385,0.6383785509546545,2.7600856772177544,0.5885732414828206,1921.0
483,1.5,0.5,1.4,0.4,3.0,8.0,14.0,0.19080466807414928,4261.623795393867,4020.065618317046,11860.56703197513,0.29089368463793003,0.385,0.6434084972921187,2.7536449308634543,0.5855211841983388,1923.5
484,1.5,0.5,1.4,0.4,4.0,6.0,14.0,0.1623899301505575,3541.7143705815624,4162.217005142864,11823.381041209068,0.2817397355110345,0.385,0.6474635479951397,2.7730971447137875,0.5840107968423895,1683.0
485,1.5,0.5,1.4,0.4,4.0,7.0,14.0,0.1641699355039638,3558.950163729034,4132.543170720939,11645.541128610614,0.2794641219835887,0.385,0.6449093291757904,2.7761398617185487,0.5844455721245742,1661.5
486,1.5,0.5,1.4,0.4,4.0,8.0,14.0,0.1725511190103229,3487.311882903782,4029.7861436253033,11632.636421187222,0.2827378662122795,0.385,0.6438364572454607,2.768204965914962,0.5824878103843233,1652.5
487,1.5,0.5,1.4,0.4,5.0,6.0,14.0,0.18624863802055194,3183.664574564886,4167.2693297598125,11850.954409616985,0.27540602225222405,0.38,0.6609752512771199,2.801667189463248,0.5754199689700865,1544.0
488,1.5,0.5,1.4,0.4,5.0,7.0,14.0,0.19630211958461594,3083.899063971861,4119.055581710744,11516.318901510243,0.28051744236609333,0.385,0.650964906193092,2.7787776481830644,0.579564034974424,1509.5
489,1.5,0.5,1.4,0.4,5.0,8.0,14.0,0.1987104001391545,3113.6485023433024,4027.785050851,11573.040278631577,0.28130591521316467,0.385,0.6556565062413706,2.7785224509710504,0.5821510307936655,1507.5
490,1.5,0.5,1.4,0.4,6.0,6.0,14.0,0.20014597587402944,2950.4278710577255,4223.801191721892,11604.737678012516,0.27976559497527187,0.385,0.6551568076855823,2.7905983403272083,0.5837748963657712,1463.5
491,1.5,0.5,1.4,0.4,6.0,7.0,14.0,0.2076127033283931,2913.1312158727233,4070.038954750969,11704.904738734589,0.2789063401685069,0.38,0.6561468472280998,2.7931559718338783,0.5797986410028304,1443.0
492,1.5,0.5,1.4,0.4,6.0,8.0,14.0,0.21109559119305107,2913.4223391967735,4016.8911676396774,11683.774498153089,0.2777999449776496,0.38,0.663548083095456,2.79630587054395,0.5751767399445553,1432.5
493,1.5,0.5,1.4,0.4,7.0,6.0,14.0,0.21253855531198027,2848.4373754407507,4169.937315899725,11890.172356339437,0.2753437142469313,0.385,0.6646541526886307,2.8098393636378267,0.576979342217043,1437.0
494,1.5,0.5,1.4,0.4,7.0,7.0,14.0,0.22072833078503734,2811.6335311499965,4081.0916640268906,11815.727169468559,0.2737417169235351,0.385,0.6645245871290097,2.8039607572850898,0.5759076077830478,1410.5
495,1.5,0.5,1.4,0.4,7.0,8.0,14.0,0.21803179832560773,2800.230993580062,4100.701176800839,11734.45878401022,0.2778009479529276,0.385,0.6587389535980857,2.7888205448110206,0.5772137606342538,1412.5
496,1.5,0.5,1.8,0.4,3.0,6.0,14.0,0.20354903612652014,4203.2042899470125,4120.814090457689,12130.680414806495,0.2474436172105958,0.38,0.6797602320386519,2.8984619977420243,0.5840878967993499,1940.5
497,1.5,0.5,1.8,0.4,3.0,7.0,14.0,0.20983490753153358,4231.58745438052,4096.255415413043,12197.540342429169,0.2423068996473782,0.38,0.6824133929380689,2.9085498627831323,0.5859132663513412,1925.5
498,1.5,0.5,1.8,0.4,3.0,8.0,14.0,0.21116750661681835,4157.638540818683,3988.41666913075,12266.295324775729,0.2413841909599047,0.38,0.678453850483683,2.9030595288352385,0.5819423412968172,1915.0
499,1.5,0.5,1.8,0.4,4.0,6.0,14.0,0.1821374321477632,3514.5498583790886,4151.720372614975,12306.11956338256,0.24622163081451365,0.38,0.6892525224035231,2.891565782202229,0.5818601707724274,1693.0
500,1.5,0.5,1.8,0.4,4.0,7.0,14.0,0.18157409917601688,3596.6843994063,4111.672590186046,12036.229935295782,0.241462441314554,0.38,0.6882208378475985,2.8783578962969307,0.5800265226851733,1664.5
501,1.5,0.5,1.8,0.4,4.0,8.0,14.0,0.18903923106970158,3465.310665512832,4061.9264645935828,12297.766574955207,0.248277594321263,0.38,0.6777539029676305,2.885604616029372,0.5854438252893595,1658.5
502,1.5,0.5,1.8,0.4,5.0,6.0,14.0,0.20583310215362072,3141.243760108685,4151.236884973299,12185.238515971636,0.24238800181007175,0.375,0.6805831777406806,2.8953320013491126,0.5798830634089369,1539.0
503,1.5,0.5,1.8,0.4,5.0,7.0,14.0,0.20480655335746784,3167.5216567005828,4134.794431305558,12141.689402472268,0.24897710797933628,0.38,0.6850937168046669,2.8907480197849544,0.5801079327034637,1521.0
504,1.5,0.5,1.8,0.4,5.0,8.0,14.0,0.21212218613987519,3158.60790595702,4083.9027141588062,12140.45910638439,0.2422717913520933,0.38,0.6781194234728894,2.888411892099776,0.5785683971859579,1503.5
505,1.5,0.5,1.8,0.4,6.0,6.0,14.0,0.22047744328393487,2869.32325872236,4164.289325410326,12182.076836019463,0.24742049548795858,0.375,0.681748866877117,2.887560125170779,0.579936994587132,1467.5
506,1.5,0.5,1.8,0.4,6.0,7.0,14.0,0.22966371398766391,2878.5762258892846,4077.824656096521,12203.879892430326,0.24507578050897055,0.38,0.6831720276655797,2.902084761222241,0.5792720994473761,1443.5
507,1.5,0.5,1.8,0.4,6.0,8.0,14.0,0.22717755120624236,2976.383372432455,4032.511723421829,12134.50379501818,0.2422445745726383,0.38,0.6789709614832269,2.8766193549766697,0.579618835589472,1431.5
508,1.5,0.5,1.8,0.4,7.0,6.0,14.0,0.2288372595100088,2829.96924782623,4126.5559533342785,12128.846265072949,0.24759054388684018,0.38,0.6781438725883171,2.8545773823831193,0.5794348449367444,1422.0
509,1.5,0.5,1.8,0.4,7.0,7.0,14.0,0.2333139969094074,2791.337399759952,4035.4428095149324,12359.911660986447,0.24627376677632667,0.375,0.6807428788713346,2.8831963676956365,0.5798930014941003,1412.5
510,1.5,0.5,1.8,0.4,7.0,8.0,14.0,0.22868857872132572,2800.8787901082765,4017.802220226513,12091.38806259332,0.2481856420678921,0.37,0.6810498964510361,2.883982810033344,0.5787734029083649,1395.0
511,1.5,0.5,2.2,0.4,3.0,6.0,14.0,0.20952323000902534,4226.7843934881,4186.967648812686,12109.12228269472,0.23413155384670697,0.38,0.685695319489122,2.928803943873689,0.587832228980098,1945.0
512,1.5,0.5,2.2,0.4,3.0,7.0,14.0,0.20591359614634494,4171.054903658507,4137.4214921161265,12162.82943228998,0.23833569788654813,0.38,0.6858147193504681,2.935826532761845,0.5878943133922788,1931.0
513,1.5,0.5,2.2,0.4,3.0,8.0,14.0,0.21630590526288881,4221.091587805554,4039.039832636847,11963.51489828833,0.23538997468954503,0.38,0.6836530563759795,2.940401520232868,0.5845129249461802,1909.5
514,1.5,0.5,2.2,0.4,4.0,6.0,14.0,0.18706109884134237,3537.6119344730105,4130.511918155454,12224.332395691697,0.23724353878420892,0.38,0.6841421833947882,2.9160402409814976,0.5833687663998521,1685.0
515,1.5,0.5,2.2,0.4,4.0,7.0,14.0,0.18974906046727055,3511.5382318333095,4108.627305790159,12123.401203238325,0.23764925865124226,0.38,0.6918258927989267,2.927478214483835,0.5800553295205071,1662.0
516,1.5,0.5,2.2,0.4,4.0,8.0,14.0,0.19331539107308301,3537.259255637619,4026.6406554833147,12221.35281815212,0.23611402798742825,0.38,0.6944021497378456,2.926771759440321,0.5802859443675986,1656.5
517,1.5,0.5,2.2,0.4,5.0,6.0,14.0,0.213404849825894,3116.9685312623537,4133.280635564311,12129.0095236702,0.24039568283894325,0.38,0.6799861673241456,2.901997443400112,0.5768984062446623,1531.0
518,1.5,0.5,2.2,0.4,5.0,7.0,14.0,0.21240268218014005,3143.3474534722027,4072.508594069969,12086.33279379379,0.24455385468855642,0.38,0.6876319712913683,2.902942441294148,0.5776497990863078,1519.5
519,1.5,0.5,2.2,0.4,5.0,8.0,14.0,0.22110037246151956,3092.980747871818,4007.360560854482,12102.575804415826,0.24150487033922619,0.38,0.6875797796043195,2.9152962040913986,0.5838842884214026,1510.5
520,1.5,0.5,2.2,0.4,6.0,6.0,14.0,0.21685014393907664,2925.7434070101617,4240.27619738306,12145.646276930722,0.240290991160847,0.375,0.6884498522484228,2.891115451168098,0.5792715609029256,1470.0
521,1.5,0.5,2.2,0.4,6.0,7.0,14.0,0.22873526975518163,2910.1447509914906,4091.2487709596057,12172.68758728675,0.24185208817702653,0.38,0.6933185212638528,2.910888496274227,0.5745663916394439,1448.0
522,1.5,0.5,2.2,0.4,6.0,8.0,14.0,0.2315866943094032,2913.7853342847575,4003.0064121582254,12211.364653595598,0.24458196617962275,0.38,0.6871688409175545,2.90268908371271,0.5779002249442975,1431.5
523,1.5,0.5,2.2,0.4,7.0,6.0,14.0,0.22595042359693068,2807.9841544990495,4224.1662438179355,12115.654573628117,0.23979278685695685,0.375,0.6935629993058252,2.9192929727897887,0.5763059071916937,1429.0
524,1.5,0.5,2.2,0.4,7.0,7.0,14.0,0.23475390629043738,2797.3469657324367,4091.324061758041,12146.414602364177,0.24451390510334994,0.38,0.6952446228662815,2.91333139314023,0.5747068271442373,1412.0
525,1.5,0.5,2.2,0.4,7.0,8.0,14.0,0.23571612426758143,2796.9599130670485,4070.1017421393353,12086.672672579054,0.23848542367180522,0.375,0.6926742529817664,2.909644670693619,0.5800744764509298,1397.5
526,1.5,0.5,2.6,0.4,3.0,6.0,14.0,0.20789665328889884,4177.864510258232,4165.0051056831235,12251.423998496448,0.22056872060483212,0.37,0.6866708571894184,2.953567053083142,0.5892144701258708,1944.5
527,1.5,0.5,2.6,0.4,3.0,7.0,14.0,0.21706108505292998,4240.519804078495,4066.801466067812,12134.433249289425,0.2210995057855961,0.37,0.6931072720119431,2.9606589749285863,0.5874139303189819,1926.5
528,1.5,0.5,2.6,0.4,3.0,8.0,14.0,0.21190408328528643,4165.997169913796,4069.724708254643,12182.937082534087,0.2210571251606434,0.37,0.6902013831407241,2.9654328899383584,0.5849966650974482,1920.0
529,1.5,0.5,2.6,0.4,4.0,6.0,14.0,0.18651872096544386,3552.9887448212266,4184.615501867576,12168.835162125648,0.2188215171882152,0.37,0.6964780419647805,2.958351781544518,0.5797195690963604,1680.5
530,1.5,0.5,2.6,0.4,4.0,7.0,14.0,0.18661859949343237,3502.4448506529698,4093.958536142817,12107.951555695505,0.2261664786826077,0.365,0.692085720730882,2.948328769983645,0.584606684150726,1665.0
531,1.5,0.5,2.6,0.4,4.0,8.0,14.0,0.1833574207236922,3547.408494522822,4126.901392385244,12194.131809135702,0.2235894432446283,0.365,0.6908774113254512,2.9432089104584316,0.5826594485157506,1653.5
532,1.5,0.5,2.6,0.4,5.0,6.0,14.0,0.21249248356743816,3170.880137466234,4088.3857004645847,12130.582541249463,0.2271289771925096,0.37,0.6887248169967357,2.920093558804788,0.5789502231720984,1529.5
533,1.5,0.5,2.6,0.4,5.0,7.0,14.0,0.21757726391561713,3093.010043070718,4108.702144124572,12142.975486160643,0.2255827701597246,0.37,0.6904623331748159,2.9453337041319285,0.5804960305932666,1514.5
534,1.5,0.5,2.6,0.4,5.0,8.0,14.0,0.21962010484978134,3131.0544624346408,4019.631291006722,12214.389174208412,0.22584762215682025,0.37,0.6954671467883338,2.940251251572003,0.5773250904331024,1500.0
535,1.5,0.5,2.6,0.4,6.0,6.0,14.0,0.22432981162647278,2884.6078515336203,4160.754636580847,12033.688744680838,0.23317090756686232,0.37,0.6878002997547674,2.9222473224187215,0.5767334672751455,1461.0
536,1.5,0.5,2.6,0.4,6.0,7.0,14.0,0.2205963368697666,2973.5202185448925,4113.780559877374,12161.591805902626,0.22722865276513343,0.365,0.6954437074608748,2.9250985019491145,0.5780785672085411,1441.5
537,1.5,0.5,2.6,0.4,6.0,8.0,14.0,0.22406212963410732,2951.4493438211653,4099.812284440019,12070.08214534979,0.2315260786265506,0.37,0.689728661239113,2.9131621874399203,0.5783665203959101,1434.5
538,1.5,0.5,2.6,0.4,7.0,6.0,14.0,0.23231731094412672,2788.2918999770777,4216.087384111674,12115.32781354025,0.22569016307334064,0.37,0.6906621934659318,2.928353381363576,0.5801705947440035,1438.0
539,1.5,0.5,2.6,0.4,7.0,7.0,14.0,0.22934030103846,2775.7314086162364,4130.496659585196,12258.81833100905,0.22708173179478305,0.36,0.694720758756978,2.9223170680351416,0.5756736264151252,1411.0
540,1.5,0.5,2.6,0.4,7.0,8.0,14.0,0.2249741762123017,2880.988943974934,4062.1597214251788,11978.937619723141,0.22863453428490327,0.36,0.699708547909655,2.920156472739111,0.5746960796053118,1405.5
541,1.5,0.7,0.6,0.4,3.0,6.0,14.0,0.10439622919886682,4181.499884843079,4186.44177371149,11438.910148107158,0.4120251293422025,0.385,0.5189616988702355,2.5025444882467736,0.5878551461272714,1946.5
542,1.5,0.7,0.6,0.4,3.0,7.0,14.0,0.11067576951636501,4251.979962834427,4138.676933761736,11359.524938646207,0.4073911273911274,0.38,0.5228327228327229,2.500301499034493,0.5885038995587286,1920.0
543,1.5,0.7,0.6,0.4,3.0,8.0,14.0,0.1182371953874638,4204.907627897581,3979.763669822877,11551.577231358566,0.40364054279314476,0.38,0.5206217117257905,2.4991723550898723,0.5870904110390602,1920.0
544,1.5,0.7,0.6,0.4,4.0,6.0,14.0,0.10884457456225602,3494.0444331376457,4161.0548021144805,11586.298163572952,0.37720137581565205,0.385,0.5541761029880112,2.56432114436873,0.5830916700319875,1681.5
545,1.5,0.7,0.6,0.4,4.0,7.0,14.0,0.11193023312906408,3491.2291852336602,4070.1112290101237,11561.657964372303,0.3805120127182763,0.385,0.5591853812748175,2.5585044640607,0.5811902276693447,1656.5
546,1.5,0.7,0.6,0.4,4.0,8.0,14.0,0.11097807104639282,3540.416320925955,4051.7075580728165,11596.214133423637,0.3718295869088625,0.38,0.5522567405037855,2.5593434533461057,0.5818469599134517,1647.5
547,1.5,0.7,0.6,0.4,5.0,6.0,14.0,0.1461607558693913,3079.448113490519,4178.136166991471,11571.682257161534,0.35994803962295374,0.385,0.5695888257326295,2.6139650110139514,0.5801575687935313,1539.5
548,1.5,0.7,0.6,0.4,5.0,7.0,14.0,0.15150784716665358,3072.2832113312033,4090.6467403516126,11634.006386334255,0.3596417634243771,0.385,0.5753933317451604,2.607695614342698,0.5757140145534076,1523.0
549,1.5,0.7,0.6,0.4,5.0,8.0,14.0,0.14433432958196935,3132.8461554378523,4132.698506927896,11630.193270158175,0.3546875670769476,0.38,0.5684270286040198,2.6266418532420133,0.580585372282469,1511.5
550,1.5,0.7,0.6,0.4,6.0,6.0,14.0,0.15805067379142007,2895.423547331052,4149.675676200668,11520.289509798557,0.35701769075272416,0.38,0.5859897372103873,2.621974146236825,0.5745603341968848,1475.5
551,1.5,0.7,0.6,0.4,6.0,7.0,14.0,0.1729506366716235,2920.123071882015,4084.70995806148,11714.503304644419,0.3413911940735578,0.385,0.5917064174889097,2.6560315850731984,0.5792605774821584,1438.0
552,1.5,0.7,0.6,0.4,6.0,8.0,14.0,0.1788004935815039,2895.377317532456,3990.024320770728,11570.897132476704,0.3428790871187185,0.385,0.5975678443420379,2.650168621879491,0.580401020187763,1432.5
553,1.5,0.7,0.6,0.4,7.0,6.0,14.0,0.16932274561243132,2796.4986043252875,4226.457676879721,11679.736040106098,0.34874986827366294,0.385,0.591311965044709,2.6462500630835226,0.578332218969588,1432.5
554,1.5,0.7,0.6,0.4,7.0,7.0,14.0,0.17213382577215713,2831.44830520334,4140.853278261503,11621.732519951289,0.34139944626227037,0.38,0.6000931286181727,2.6483804789632144,0.5741633171801201,1410.0
555,1.5,0.7,0.6,0.4,7.0,8.0,14.0,0.17231576459188225,2839.3695621380466,4051.561176730649,11568.391606615014,0.34185979618671924,0.375,0.5886546679815912,2.6703009969621574,0.5746275178395082,1396.0
556,1.5,0.7,1.0,0.4,3.0,6.0,14.0,0.1519784739320285,4247.712098509098,4201.960062519452,11550.906230507033,0.3381936949805316,0.385,0.5939765585322498,2.6373522008887256,0.5881931539565534,1944.5
557,1.5,0.7,1.0,0.4,3.0,7.0,14.0,0.1653130115232328,4284.74834270553,4070.134544228974,11692.11698883324,0.3318386002515031,0.385,0.5969526245555217,2.6440261247287937,0.5888667508684123,1921.5
558,1.5,0.7,1.0,0.4,3.0,8.0,14.0,0.15607286702646547,4181.957442054063,4097.515787955147,11774.866569603528,0.33325442112786396,0.385,0.5957789738632963,2.6451500257320704,0.582753231380624,1915.5
559,1.5,0.7,1.0,0.4,4.0,6.0,14.0,0.14159519488082187,3468.0412744050636,4168.788958977601,11601.788292167526,0.3244311903070487,0.385,0.6131815708760416,2.6628613564989143,0.5801843639326201,1685.0
560,1.5,0.7,1.0,0.4,4.0,7.0,14.0,0.14082958297722492,3595.221993279605,4073.7091385413423,11524.339440116068,0.3198553645767722,0.385,0.613958255820426,2.6749007912339975,0.5808566141259935,1653.0
561,1.5,0.7,1.0,0.4,4.0,8.0,14.0,0.14803338358848583,3546.0908989375125,4059.917614598026,11597.270650907909,0.3145593116701607,0.385,0.6140628639645935,2.6883623200503477,0.58286588021157,1658.0
562,1.5,0.7,1.0,0.4,5.0,6.0,14.0,0.16648643654947362,3158.7440550836436,4161.430325408861,11707.83842796765,0.3119549052348115,0.38,0.6193563396763695,2.7114223231336654,0.5820516238631996,1539.0
563,1.5,0.7,1.0,0.4,5.0,7.0,14.0,0.18088649835075102,3090.5947020004605,4079.739441078037,11701.973623519438,0.3091914891770383,0.385,0.6192984169140239,2.711181325129993,0.5841291640180037,1518.5
564,1.5,0.7,1.0,0.4,5.0,8.0,14.0,0.1805223674603538,3086.2615914319185,4074.9926867750737,11633.023638231734,0.310720887083763,0.385,0.6261692691344515,2.708159270216348,0.5817604174984119,1511.0
565,1.5,0.7,1.0,0.4,6.0,6.0,14.0,0.18582083012364412,2956.4657318610944,4147.48302052024,11664.478325162145,0.30364491339260535,0.38,0.6344543622816261,2.717213044321332,0.578407601365461,1469.0
566,1.5,0.7,1.0,0.4,6.0,7.0,14.0,0.19795715710712433,2912.593329894804,4117.706595899088,11730.228472697941,0.29726704587242403,0.385,0.6355762329995535,2.73121274463849,0.5788292315754859,1443.0
567,1.5,0.7,1.0,0.4,6.0,8.0,14.0,0.19490441630498967,2916.9000809895906,4104.878743074674,11743.245485207584,0.3030608879466288,0.385,0.631258356002943,2.7164380310546936,0.5814884198870474,1446.0
568,1.5,0.7,1.0,0.4,7.0,6.0,14.0,0.19908440241667527,2834.3866152598653,4165.2486152074935,11683.893431614091,0.29996013183598563,0.385,0.6289604511755441,2.7212145930349383,0.5738297099732651,1425.5
569,1.5,0.7,1.0,0.4,7.0,7.0,14.0,0.20218560042998326,2794.4040225251947,4052.00403635592,11515.628899338733,0.3094604908744303,0.385,0.6386861239437798,2.7222235119813725,0.5794006172353696,1401.0
570,1.5,0.7,1.0,0.4,7.0,8.0,14.0,0.21552251873280343,2766.873337267593,3951.392222248588,11686.593324372458,0.29921839818212875,0.385,0.6399119015699326,2.738674017291097,0.579576614794334,1390.5
571,1.5,0.7,1.4,0.4,3.0,6.0,14.0,0.18300342999497018,4264.047580571749,4166.777292485709,11685.343953321957,0.2910853998867301,0.385,0.6393568499494546,2.7640352095371745,0.5846046673757096,1950.0
572,1.5,0.7,1.4,0.4,3.0,7.0,14.0,0.18335320985431755,4231.001142689845,4083.7964598088593,11526.917104444507,0.2878497490955454,0.38,0.6446910374531774,2.7684412165251953,0.5861790537366265,1920.5
573,1.5,0.7,1.4,0.4,3.0,8.0,14.0,0.19479845506229246,4287.4858157767885,4022.734856636318,11727.17719431324,0.28687431056805085,0.385,0.6485821310187581,2.7712397479148176,0.5882731116095418,1911.5
574,1.5,0.7,1.4,0.4,4.0,6.0,14.0,0.1649704051091791,3479.3818034851506,4182.791666908672,11684.760856512616,0.2826171595827973,0.385,0.6536463277872713,2.7881312031007663,0.5822883890205277,1677.5
575,1.5,0.7,1.4,0.4,4.0,7.0,14.0,0.16438281642426322,3570.3719333239005,4108.022049188971,11748.638669458385,0.28001678673847663,0.385,0.6557174305982485,2.775227943118926,0.5853180200888115,1648.5
576,1.5,0.7,1.4,0.4,4.0,8.0,14.0,0.1681973758364603,3486.576354621256,4085.0183363022165,11572.217225270753,0.28517026668311046,0.385,0.6530994350382024,2.7687237837977587,0.5846840693830855,1651.0
577,1.5,0.7,1.4,0.4,5.0,6.0,14.0,0.1911818718614834,3148.2446588639623,4137.401121500991,11675.703911441662,0.28017994268366314,0.385,0.6524852669801774,2.7972547229976756,0.575788737291373,1534.0
578,1.5,0.7,1.4,0.4,5.0,7.0,14.0,0.19183767359113743,3175.227534838258,4073.024532270895,11594.542912636221,0.28180833749210993,0.385,0.6586950019909962,2.7924459083480397,0.5794941830789506,1517.5
579,1.5,0.7,1.4,0.4,5.0,8.0,14.0,0.20037273520739948,3106.4367436860225,4085.5735560110843,11715.338945316398,0.27413525023428853,0.385,0.6579409257530325,2.8001582834749,0.5823449989808276,1506.0
580,1.5,0.7,1.4,0.4,6.0,6.0,14.0,0.2109169920430648,2914.720832004021,4148.079677095982,11696.209870983665,0.2725230221845259,0.385,0.6665324669198402,2.795991620043062,0.5779688777695888,1464.0
581,1.5,0.7,1.4,0.4,6.0,7.0,14.0,0.2074279166043995,2926.0299476348346,4119.71747661999,11691.369805671755,0.27328940333232177,0.38,0.6633133914249794,2.8009606026843032,0.5791501123019929,1441.5
582,1.5,0.7,1.4,0.4,6.0,8.0,14.0,0.21165587103881486,2910.2245432185982,4057.407461106669,11680.648671701361,0.2735786786677797,0.38,0.6673618117809312,2.802627220080215,0.5765745798724353,1438.0
583,1.5,0.7,1.4,0.4,7.0,6.0,14.0,0.21627546106137058,2799.8749504272887,4137.9558883098425,11745.828065719565,0.27744283745135545,0.385,0.6605981963819567,2.791426427996291,0.5778971852418048,1427.5
584,1.5,0.7,1.4,0.4,7.0,7.0,14.0,0.22123012835876235,2759.0723613809305,4141.020771278516,11658.48166612631,0.2734663710273466,0.385,0.6636134684915174,2.8120636711481,0.579288205808631,1398.0
585,1.5,0.7,1.4,0.4,7.0,8.0,14.0,0.22464003759478315,2759.054462883886,4067.131623103868,11578.846690692168,0.2743821833804575,0.385,0.6635699335365182,2.8053959580988,0.5771327135086606,1401.0
586,1.5,0.7,1.8,0.4,3.0,6.0,14.0,0.2046459617493189,4226.855596377843,4148.1043595345855,11993.140731330055,0.2458271349822139,0.38,0.6795118391374967,2.888817465954354,0.5848512542125628,1943.5
587,1.5,0.7,1.8,0.4,3.0,7.0,14.0,0.20518507239165445,4224.309990134012,4076.5948550371995,12132.97953540802,0.2446978862186699,0.375,0.6841178036000907,2.8915429491919715,0.5874422435282085,1926.0
588,1.5,0.7,1.8,0.4,3.0,8.0,14.0,0.2043267256433809,4172.2588292007795,4076.1643307689687,12173.024047248708,0.24028125870231135,0.375,0.6820449817353842,2.904635424818639,0.589124896123234,1914.0
589,1.5,0.7,1.8,0.4,4.0,6.0,14.0,0.17263785191177083,3582.605503555869,4138.421963412422,12068.693010123776,0.24930213211405033,0.375,0.6800812973534212,2.8929086233075756,0.5825082072762745,1679.5
590,1.5,0.7,1.8,0.4,4.0,7.0,14.0,0.18702926054744556,3477.344791538476,4091.105874053897,12231.081935591188,0.24766773941665984,0.38,0.680318884282487,2.8918487226160483,0.5823437524808093,1668.5
591,1.5,0.7,1.8,0.4,4.0,8.0,14.0,0.18516390427037746,3480.807293259132,4031.954192373888,12051.323954156167,0.24299954080907898,0.37,0.6822901697538171,2.8923769627475986,0.5817887414359337,1651.0
592,1.5,0.7,1.8,0.4,5.0,6.0,14.0,0.20641530456948035,3096.5441511763493,4172.296332279826,12031.833119633231,0.2509447798110525,0.38,0.6751816102621335,2.872523153177061,0.5817840028248833,1537.5
593,1.5,0.7,1.8,0.4,5.0,7.0,14.0,0.20925681435185395,3110.00561370912,4107.080124517716,12116.02379082572,0.24414499296856257,0.375,0.678422506203952,2.8905023594947705,0.5784361707593961,1512.0
594,1.5,0.7,1.8,0.4,5.0,8.0,14.0,0.21746445098266814,3152.092042352633,3989.2790232937605,12143.549148298202,0.24254143887942886,0.38,0.6922600064264963,2.8958596997724984,0.5770746980956393,1513.0
595,1.5,0.7,1.8,0.4,6.0,6.0,14.0,0.217993450646915,2906.8241753310017,4219.35886498786,12193.449424238821,0.24239417989417988,0.375,0.6842991913746631,2.9051327963197062,0.5789377163643499,1471.5
596,1.5,0.7,1.8,0.4,6.0,7.0,14.0,0.2230708646569315,2922.9725238733417,4158.111213356669,12157.14244722711,0.24390416241514928,0.38,0.685044239732885,2.8850725388243177,0.5773408740646355,1445.5
597,1.5,0.7,1.8,0.4,6.0,8.0,14.0,0.2313614066219184,2886.08597737427,4013.510199365235,12223.85024235207,0.24079086541276204,0.375,0.6870050504853384,2.89799243853894,0.5827240744447073,1432.5
598,1.5,0.7,1.8,0.4,7.0,6.0,14.0,0.22940556715919533,2860.3381951659094,4090.014957757512,12014.300423930992,0.2464799460888621,0.38,0.676922966224156,2.866024120303171,0.5715923255311861,1420.5
599,1.5,0.7,1.8,0.4,7.0,7.0,14.0,0.23115794232897302,2812.6118337948174,4119.006905719991,12142.740602920781,0.2463370159437046,0.38,0.6838111448921623,2.896447982182263,0.582243261799428,1401.5
600,1.5,0.7,1.8,0.4,7.0,8.0,14.0,0.23556273046431433,2748.7075764109804,4085.391814018817,12035.194174023723,0.2491991754454122,0.38,0.679993070625294,2.8787663204667178,0.5868898720370201,1397.5
601,1.5,0.7,2.2,0.4,3.0,6.0,14.0,0.20384562375174214,4173.101863730861,4159.235888268417,12172.708519100424,0.23371711956163807,0.375,0.6861715776024447,2.935821801402356,0.5860182757815325,1948.5
602,1.5,0.7,2.2,0.4,3.0,7.0,14.0,0.2068090808360742,4149.879971189101,4061.093115401628,12248.21313718706,0.2349302570508346,0.375,0.6895942785064355,2.9289652501731207,0.5903238076500612,1917.0
603,1.5,0.7,2.2,0.4,3.0,8.0,14.0,0.2148481637383815,4225.487481224638,4049.8996728204693,12124.164427710155,0.2373607616194876,0.38,0.6873684703187547,2.93645587400318,0.5882331413073909,1906.0
604,1.5,0.7,2.2,0.4,4.0,6.0,14.0,0.17562736449165578,3560.6855598377133,4150.425515314667,12093.209876812438,0.24568417584286384,0.375,0.682659113132945,2.9096769309262625,0.5824784874825741,1680.5
605,1.5,0.7,2.2,0.4,4.0,7.0,14.0,0.19100194204260498,3540.6039039303373,4078.8068281361225,12077.291764205798,0.23493208050358122,0.38,0.6948294996825208,2.9135268430912027,0.5818888477559282,1660.0
606,1.5,0.7,2.2,0.4,4.0,8.0,14.0,0.19367087560293494,3486.9677880612294,4026.5743907306073,12086.483145491296,0.2348571158532386,0.375,0.6879647837688533,2.9199037268624037,0.582405589454315,1652.5
607,1.5,0.7,2.2,0.4,5.0,6.0,14.0,0.21877394179312823,3089.260336131751,4164.006774651884,12446.436779195112,0.23175272794838014,0.38,0.6943608324043107,2.919773131657437,0.578182154863778,1539.5
608,1.5,0.7,2.2,0.4,5.0,7.0,14.0,0.20800185608325755,3131.0292162378873,4091.034365949409,12148.472935056427,0.2389501996450754,0.37,0.6905639973380657,2.9093351898051765,0.5798892897752812,1520.0
609,1.5,0.7,2.2,0.4,5.0,8.0,14.0,0.21266884420544438,3182.3065318296794,4088.6217559174993,12154.114836494558,0.23824414238345154,0.38,0.6848005006697556,2.9143646385699578,0.5785612210218591,1509.5
610,1.5,0.7,2.2,0.4,6.0,6.0,14.0,0.22907856035317517,2873.161239382058,4138.346321767771,12171.107843524354,0.24123162012680427,0.38,0.6889192409730653,2.9109351979291564,0.5795171645685897,1462.0
611,1.5,0.7,2.2,0.4,6.0,7.0,14.0,0.22832412744810815,2955.0565225065384,4084.61109363133,11905.770510901311,0.2380510501043761,0.38,0.6895793527527997,2.9205939172905317,0.5767055448990366,1443.5
612,1.5,0.7,2.2,0.4,6.0,8.0,14.0,0.22838321796083955,2874.283898146209,4081.491199794844,12311.036448806059,0.24102008238105188,0.375,0.6941953692289271,2.9193831075559133,0.5787091674465964,1437.0
613,1.5,0.7,2.2,0.4,7.0,6.0,14.0,0.2251530614979676,2814.5854013072985,4199.973861192997,12039.154783862728,0.24255926835765235,0.375,0.6920250392162666,2.9049561862609967,0.5784193627435175,1424.5
614,1.5,0.7,2.2,0.4,7.0,7.0,14.0,0.23328230204001882,2813.333999647387,4098.695070311571,12072.89333984743,0.23814861283268335,0.375,0.6873479557799478,2.910547071949954,0.5755496824608753,1409.5
615,1.5,0.7,2.2,0.4,7.0,8.0,14.0,0.23279248898320837,2839.504624815386,4070.66310719632,12176.1582667194,0.238526385506088,0.375,0.6941152211218964,2.9114299894159728,0.579743228655057,1399.5
616,1.5,0.7,2.6,0.4,3.0,6.0,14.0,0.20697078194208396,4214.433907691357,4184.642950977575,11955.029247551023,0.2245020781256305,0.37,0.6874839388604184,2.9738896450002845,0.5872539928327023,1941.0
617,1.5,0.7,2.6,0.4,3.0,7.0,14.0,0.21791040383536237,4234.157731637619,4082.7928600215587,12341.369530661666,0.2175142502394743,0.37,0.6918955689490018,2.9545736195630212,0.5913168404715565,1924.0
618,1.5,0.7,2.6,0.4,3.0,8.0,14.0,0.21473526181989233,4231.244147673615,4058.924199099731,12090.742726434477,0.218300473058488,0.365,0.6870506616400203,2.971040748739569,0.5909845000043221,1909.5
619,1.5,0.7,2.6,0.4,4.0,6.0,14.0,0.18395348392323096,3504.7102584358636,4239.384446352657,12358.196189280496,0.22367744949612747,0.37,0.6894697429112226,2.935722108461363,0.5868869429425865,1682.5
620,1.5,0.7,2.6,0.4,4.0,7.0,14.0,0.1929605819569459,3563.107474538024,4028.9184814043015,12407.752213374275,0.22084948267989343,0.37,0.6883735164422169,2.9494521550705946,0.5812890288587952,1665.5
621,1.5,0.7,2.6,0.4,4.0,8.0,14.0,0.191153079521366,3493.570207553662,4083.511448578073,12024.345249662687,0.22685684279090873,0.37,0.6863486330519297,2.9517185891599267,0.5832746897722474,1653.5
622,1.5,0.7,2.6,0.4,5.0,6.0,14.0,0.2107630901125743,3134.803297085955,4207.572364406574,12196.973594073177,0.2234072794927224,0.37,0.6951675827730976,2.93640298054804,0.5790793421204562,1536.0
623,1.5,0.7,2.6,0.4,5.0,7.0,14.0,0.21163159491978334,3191.6507446573023,4134.730312859847,11991.069330907736,0.22205572401256768,0.37,0.6896610488211927,2.9387199464878018,0.5813840925322462,1516.5
624,1.5,0.7,2.6,0.4,5.0,8.0,14.0,0.2157776496414775,3145.0796147906394,4119.024187124462,12165.110507352587,0.22177875982176976,0.37,0.6929780276119357,2.940362372989103,0.5785700463853687,1516.5
625,1.5,0.7,2.6,0.4,6.0,6.0,14.0,0.22176025984003517,2935.602580026373,4202.608762400389,12012.046488052754,0.22794752323214362,0.37,0.6925991938904603,2.922051512139097,0.5734324119101738,1470.5
626,1.5,0.7,2.6,0.4,6.0,7.0,14.0,0.22595183521949005,2914.9154459884267,4095.728921564405,12172.062526622116,0.2264940800874612,0.365,0.6940673423973514,2.9191385649426715,0.5798407337819278,1437.5
627,1.5,0.7,2.6,0.4,6.0,8.0,14.0,0.22582751682316476,2899.667664441072,4088.2723853101074,11968.510269769122,0.22910081807195315,0.365,0.686704006693316,2.917713857833215,0.5732253153331444,1438.0
628,1.5,0.7,2.6,0.4,7.0,6.0,14.0,0.22771537946827974,2841.955338061497,4184.208552492603,12238.249389963115,0.23020720491744623,0.37,0.6857293381139097,2.90205170081519,0.5738431323335107,1424.0
629,1.5,0.7,2.6,0.4,7.0,7.0,14.0,0.2306789052880355,2827.3932335513764,4171.80001693491,12183.030314904016,0.2279938491542587,0.37,0.6891260048256636,2.9390021371671624,0.5761326107158345,1415.0
630,1.5,0.7,2.6,0.4,7.0,8.0,14.0,0.23656735873575332,2859.0843721322763,4030.488022463175,12138.579341238925,0.22721422900963278,0.37,0.6868560075949159,2.9257179577430312,0.5773245787021148,1399.0
631,1.5,0.9,0.6,0.4,3.0,6.0,14.0,0.10743524652842983,4171.846375373203,4189.349105316647,11511.82223006662,0.4055644845323908,0.385,0.5338373699798202,2.513616291073514,0.5865935428092046,1949.0
632,1.5,0.9,0.6,0.4,3.0,7.0,14.0,0.1150836270686999,4179.670191843244,4066.0717643678418,11450.162923949913,0.4046839322932393,0.385,0.527515052203277,2.5151162495639774,0.5878743220286924,1917.5
633,1.5,0.9,0.6,0.4,3.0,8.0,14.0,0.1172043584351522,4228.696153635207,4055.0474211913015,11637.879262082191,0.401303125954642,0.38,0.5281801560645062,2.5108560470090335,0.5850410156674213,1926.0
634,1.5,0.9,0.6,0.4,4.0,6.0,14.0,0.11041469643869625,3483.3280811134496,4100.8678092050695,11546.73531922253,0.37482473418901174,0.38,0.5574660058457237,2.572026258121597,0.5854874530400094,1683.5
635,1.5,0.9,0.6,0.4,4.0,7.0,14.0,0.11434597125231329,3495.3238112687604,4134.9482537527765,11444.482841979225,0.370160984076915,0.385,0.5578514019996974,2.567811307931997,0.5842757895638993,1658.5
636,1.5,0.9,0.6,0.4,4.0,8.0,14.0,0.11439688662387837,3533.1015203433594,4044.0567642246924,11657.09677601492,0.3739661592971546,0.385,0.554876351278065,2.5692129045468226,0.5770533370079172,1663.5
637,1.5,0.9,0.6,0.4,5.0,6.0,14.0,0.14494136544297462,3123.908539947227,4156.975458390982,11466.31791034837,0.3588615761307152,0.385,0.5720363413773046,2.6058955731830675,0.5785196087071116,1537.5
638,1.5,0.9,0.6,0.4,5.0,7.0,14.0,0.14397556167827547,3145.6401244784706,4084.5253559344083,11450.49964323769,0.3581713854549602,0.38,0.575463470700229,2.623010367011246,0.5801604003863741,1510.5
639,1.5,0.9,0.6,0.4,5.0,8.0,14.0,0.14877871149536825,3123.2238426960157,4009.054350841792,11471.567964851976,0.35942647633040153,0.38,0.575356880497151,2.6108588338511223,0.5788431245103692,1506.0
640,1.5,0.9,0.6,0.4,6.0,6.0,14.0,0.16185396103324493,2917.5250952202878,4202.952814797335,11604.786374451665,0.34969824886171336,0.385,0.5860888284295852,2.629623948377417,0.5788863055949529,1463.5
641,1.5,0.9,0.6,0.4,6.0,7.0,14.0,0.16967975400272006,2891.313873667049,4138.0616756267,11497.552961281423,0.34535416178319,0.385,0.5914208529516456,2.6417162201180258,0.582341496464601,1440.5
642,1.5,0.9,0.6,0.4,6.0,8.0,14.0,0.17011989539114333,2879.0829154560233,4091.899770881274,11416.321923519237,0.35015031035338107,0.385,0.5956316554138182,2.6462257453700966,0.5787806137527854,1436.0
643,1.5,0.9,0.6,0.4,7.0,6.0,14.0,0.17373955258112703,2776.1490621836583,4162.48110672861,11598.381072593555,0.3430229006881536,0.38,0.5965447004290492,2.6419016888363824,0.5796229346289674,1425.5
644,1.5,0.9,0.6,0.4,7.0,7.0,14.0,0.18551083673969423,2757.8153740777934,4097.494628442468,11630.008765598275,0.33753007754891795,0.385,0.6012911547057063,2.653755851462768,0.5772956113808942,1409.5
645,1.5,0.9,0.6,0.4,7.0,8.0,14.0,0.17860289118041564,2816.123783309546,4081.247288440135,11450.027856789471,0.33762608707260294,0.38,0.5973934389026432,2.66225460074042,0.5814216400064716,1396.5
646,1.5,0.9,1.0,0.4,3.0,6.0,14.0,0.15211182542673748,4189.932310805796,4177.279942549887,11783.380284879071,0.32727830164617555,0.38,0.6007548280121732,2.660557277466042,0.5900847659225003,1950.5
647,1.5,0.9,1.0,0.4,3.0,7.0,14.0,0.15555050088274955,4180.894485443912,4139.640497882092,11725.341536154956,0.32386103177837566,0.38,0.6067233207934393,2.6559027887405326,0.5891654133603365,1922.5
648,1.5,0.9,1.0,0.4,3.0,8.0,14.0,0.1593963179624967,4180.479222179911,4032.4606635919845,11684.324903330871,0.3269881835631544,0.38,0.6014641600917185,2.6523099194553383,0.5876008445100387,1912.0
649,1.5,0.9,1.0,0.4,4.0,6.0,14.0,0.1411491153540146,3601.0618584245503,4176.112063604656,11640.372668773893,0.3094511559392311,0.385,0.6206529906265263,2.6908959905590426,0.5818550329667693,1682.5
650,1.5,0.9,1.0,0.4,4.0,7.0,14.0,0.14831572747760832,3523.39537257248,4094.4730164587536,11625.456608254648,0.31354992213938354,0.385,0.6184255263928642,2.704788985216754,0.5804076288494946,1661.5
651,1.5,0.9,1.0,0.4,4.0,8.0,14.0,0.14855778179249193,3517.3937110882016,4112.451074200379,11650.481462906426,0.31220707598160463,0.385,0.6168819509335093,2.6917893558848576,0.5810171864095589,1652.5
652,1.5,0.9,1.0,0.4,5.0,6.0,14.0,0.18193048689547833,3090.846535561771,4176.684131510132,11668.07832289255,0.2986939938220435,0.385,0.6302700473677065,2.726338752392963,0.5795005514001144,1540.5
653,1.5,0.9,1.0,0.4,5.0,7.0,14.0,0.18710379039903854,3098.176486085185,4046.565374584263,11630.77956674207,0.3008696864293633,0.385,0.6298572738499469,2.7241039657469335,0.5833567743441749,1516.0
654,1.5,0.9,1.0,0.4,5.0,8.0,14.0,0.18890820150611132,3134.291265171034,4036.659151796932,11722.43007458348,0.29463704378849004,0.385,0.6356261297037054,2.725333220843795,0.5756467179901787,1510.0
655,1.5,0.9,1.0,0.4,6.0,6.0,14.0,0.19693718169573068,2899.351353221012,4140.821014854673,11815.85142908102,0.2920393501464589,0.38,0.6368767326922198,2.7396261025971613,0.5790945680356936,1464.5
656,1.5,0.9,1.0,0.4,6.0,7.0,14.0,0.19701937049311408,2924.069421121958,4137.364230788273,11654.090824422194,0.295775128324868,0.385,0.6428833267032952,2.7314168055991317,0.5811080309789841,1443.5
657,1.5,0.9,1.0,0.4,6.0,8.0,14.0,0.20192492705677054,2962.737303278662,4032.507639856225,11594.165936923579,0.29257907483226847,0.385,0.6414057834692228,2.7360701421404547,0.5778895024798638,1432.5
658,1.5,0.9,1.0,0.4,7.0,6.0,14.0,0.2051328214615761,2799.9065831398157,4205.501230903022,11547.618132411342,0.29008674677574026,0.385,0.6426035285828914,2.745553075384925,0.5781616493449875,1430.5
659,1.5,0.9,1.0,0.4,7.0,7.0,14.0,0.21049962000287528,2789.4464155448777,4081.3592496742094,11727.161327064678,0.2934156774649421,0.385,0.6468908210015525,2.7444673633993593,0.5793170084573585,1406.0
660,1.5,0.9,1.0,0.4,7.0,8.0,14.0,0.21041673891206283,2755.274655482257,4064.9642968387852,11458.054033455477,0.2989004108784974,0.385,0.6402987021456988,2.734077237749152,0.5833826919960539,1385.0
661,1.5,0.9,1.4,0.4,3.0,6.0,14.0,0.19360617849599718,4249.287725921673,4134.00671178173,11723.059731954463,0.26818285227540267,0.38,0.6637346866972998,2.811520368575202,0.5889505852421268,1944.5
662,1.5,0.9,1.4,0.4,3.0,7.0,14.0,0.20039144649776103,4259.009533147647,4096.275018182658,11588.398577288546,0.26764068690491516,0.385,0.6517632034074845,2.8160729014277313,0.5860354796449272,1923.5
663,1.5,0.9,1.4,0.4,3.0,8.0,14.0,0.20462604272689147,4296.459253811097,4059.653278002625,11555.330660812491,0.26806178138225156,0.385,0.6620516723947298,2.8360729189758356,0.5806254354177265,1916.5
664,1.5,0.9,1.4,0.4,4.0,6.0,14.0,0.16792713174510224,3486.89235042077,4171.927778524355,11647.41323952427,0.27141191758541466,0.38,0.6620770053035929,2.802294165139811,0.5777518619876134,1679.5
665,1.5,0.9,1.4,0.4,4.0,7.0,14.0,0.17603280621648465,3495.8770277716185,4132.537269547145,11735.323569843862,0.26668116324461383,0.385,0.6643110623828502,2.8142821183893725,0.5800496412289733,1670.5
666,1.5,0.9,1.4,0.4,4.0,8.0,14.0,0.1774265449920836,3477.1000059674316,4058.348582390612,11803.697978175147,0.2667728263246887,0.38,0.664733303832429,2.8246001202232307,0.5853783965747861,1659.5
667,1.5,0.9,1.4,0.4,5.0,6.0,14.0,0.19803292113766383,3166.8476199326324,4157.426026019044,11475.388661794415,0.26476229591401174,0.385,0.6739223966759271,2.8280718597312893,0.5820485358901768,1535.0
668,1.5,0.9,1.4,0.4,5.0,7.0,14.0,0.20398451556740607,3092.987858163622,4065.317338834747,11683.92313072984,0.26504854877648876,0.38,0.6676385737134913,2.839093657621211,0.5771101397815577,1514.0
669,1.5,0.9,1.4,0.4,5.0,8.0,14.0,0.20359278011486254,3131.839053395871,4030.2121251640096,11711.56920623506,0.2644607189368145,0.38,0.6771145508083201,2.837587558585989,0.5777297193294749,1515.5
670,1.5,0.9,1.4,0.4,6.0,6.0,14.0,0.21797571167184168,2886.709234910505,4145.291624058667,11713.07847073959,0.26408870206357055,0.385,0.674088477273749,2.833053803318972,0.5821534495871115,1462.0
671,1.5,0.9,1.4,0.4,6.0,7.0,14.0,0.20949937401688726,2909.937105498906,4178.046528565458,11676.964399327908,0.26638903847133566,0.38,0.6751523955489978,2.83413734762419,0.5792717509550476,1450.0
672,1.5,0.9,1.4,0.4,6.0,8.0,14.0,0.21574463956168594,2933.2684960684633,4099.928669768766,11677.765580118907,0.26027614679984384,0.38,0.6756561591816939,2.83255536106429,0.5807501934552334,1425.0
673,1.5,0.9,1.4,0.4,7.0,6.0,14.0,0.219935885337838,2740.1130717722813,4215.954956410644,11672.885874260246,0.2710523930161039,0.385,0.6677978694367339,2.83445586892287,0.5803898681371125,1425.5
674,1.5,0.9,1.4,0.4,7.0,7.0,14.0,0.223570223588435,2799.437136437977,4090.428220234863,11760.866481935038,0.2631462111482668,0.38,0.6716135905422898,2.838265004264935,0.5835599460737764,1405.5
675,1.5,0.9,1.4,0.4,7.0,8.0,14.0,0.22491642245425178,2798.7726385479064,4049.9466642401458,11672.8592224897,0.264599065084502,0.38,0.6671649458057225,2.82424378107837,0.5808851663495316,1396.0
676,1.5,0.9,1.8,0.4,3.0,6.0,14.0,0.19840057875110356,4141.46085993214,4153.683521350853,12134.242814509398,0.2461426748298478,0.38,0.6795200548653759,2.9022846165156837,0.5867648416468919,1945.0
677,1.5,0.9,1.8,0.4,3.0,7.0,14.0,0.20992635851504896,4219.927959543074,4026.6211644223613,11968.519336685547,0.2470921793656016,0.38,0.6797623425132087,2.884256536598148,0.582261919417338,1929.0
678,1.5,0.9,1.8,0.4,3.0,8.0,14.0,0.20180450270552996,4188.423546729808,4115.423907496932,11976.213216889973,0.24282071382874237,0.375,0.6807774443813694,2.901630075275431,0.5864465395233627,1914.0
679,1.5,0.9,1.8,0.4,4.0,6.0,14.0,0.18147621178946485,3511.345878733232,4224.536463790875,12117.710882428919,0.24114952213041085,0.38,0.6777503764703072,2.887237431094611,0.584536380755434,1687.5
680,1.5,0.9,1.8,0.4,4.0,7.0,14.0,0.17956510870968206,3517.645090617188,4166.894960116036,12196.740457787946,0.24246465676054954,0.375,0.6755821239438897,2.9022740354390275,0.5817516692089526,1665.0
681,1.5,0.9,1.8,0.4,4.0,8.0,14.0,0.1869080516940545,3537.481589552757,3995.0110237870367,12128.415947402775,0.24333294876687284,0.375,0.6866996210541263,2.8895003758965236,0.5792616168240066,1645.0
682,1.5,0.9,1.8,0.4,5.0,6.0,14.0,0.20066812084466734,3114.6101513239573,4225.235550108182,12083.869229402235,0.24743045875235792,0.375,0.6808187046133315,2.883082100916765,0.5824627953386752,1535.5
683,1.5,0.9,1.8,0.4,5.0,7.0,14.0,0.20882568769797555,3123.5855814248634,4066.17084095698,12051.866205574801,0.2470083192730917,0.375,0.6776346000124722,2.8887236494628734,0.5748994150075435,1515.0
684,1.5,0.9,1.8,0.4,5.0,8.0,14.0,0.21203516400385258,3139.9506242924544,4035.863178830955,12235.686981221226,0.24248682919812004,0.375,0.6785452833327523,2.8809790972629,0.5782588795159824,1506.0
685,1.5,0.9,1.8,0.4,6.0,6.0,14.0,0.2131104167223884,2932.4600255118294,4219.483957251424,12157.239426318352,0.24768191104824766,0.375,0.6850182042013726,2.8900237748130757,0.5768001221097458,1463.0
686,1.5,0.9,1.8,0.4,6.0,7.0,14.0,0.2289551116410555,2878.763408794507,4089.630333732486,12163.254143057162,0.2451837267094928,0.38,0.6888697919838032,2.8867264128980095,0.5761514348819936,1450.5
687,1.5,0.9,1.8,0.4,6.0,8.0,14.0,0.22630556927792114,2917.4079049990123,4030.177800622834,12283.600451356364,0.2506011886191749,0.38,0.6838714318656127,2.894904287707213,0.5795337852157976,1437.5
688,1.5,0.9,1.8,0.4,7.0,6.0,14.0,0.2270034893469178,2813.4341113397495,4167.946378875638,12023.568078798353,0.24882380903940654,0.38,0.6861443237660021,2.8832768427979176,0.5768239134912654,1431.0
689,1.5,0.9,1.8,0.4,7.0,7.0,14.0,0.23058964877928642,2860.5084621840497,4086.0853299127148,12150.017550599076,0.24482466063348415,0.38,0.6850032320620556,2.8917984180625043,0.5765979628530901,1408.0
690,1.5,0.9,1.8,0.4,7.0,8.0,14.0,0.2307991205438435,2806.9703380852216,4013.6631829725898,12047.56545774229,0.2506854889873022,0.375,0.6843114317280821,2.874367095081978,0.5729081423367925,1393.5
691,1.5,0.9,2.2,0.4,3.0,6.0,14.0,0.207336076161543,4220.986101729182,4187.183585377148,12066.232159942645,0.23712961859750853,0.38,0.6864328739558097,2.9334150557999434,0.5842601157641307,1943.5
692,1.5,0.9,2.2,0.4,3.0,7.0,14.0,0.21837010709551338,4299.969410590224,4071.7233375684445,12082.560158580123,0.23792074942070585,0.38,0.6809131169733051,2.9317440715873895,0.5881004364070215,1922.5
693,1.5,0.9,2.2,0.4,3.0,8.0,14.0,0.21732554559130604,4226.0362980135615,4019.18920999942,12112.069256662286,0.23602172705916624,0.38,0.6840500015838022,2.9362810556626187,0.5845663954288417,1922.0
694,1.5,0.9,2.2,0.4,4.0,6.0,14.0,0.19073649442635046,3481.988857432939,4119.543689832771,12175.950812283376,0.238356935991187,0.38,0.6854790068440231,2.9176198664031054,0.583402376244522,1676.5
695,1.5,0.9,2.2,0.4,4.0,7.0,14.0,0.1900446430851156,3539.719138642902,4063.1532779676377,12173.001893046785,0.2380477971930477,0.38,0.6931275559996282,2.922570190812072,0.5832639775420325,1660.0
696,1.5,0.9,2.2,0.4,4.0,8.0,14.0,0.1920589882641101,3496.380722510402,4020.806760339454,12083.542344790565,0.23701710315143104,0.375,0.6853556331691695,2.9181794297669468,0.5836033330271283,1650.5
697,1.5,0.9,2.2,0.4,5.0,6.0,14.0,0.21492993951044334,3148.817533072821,4071.181282504731,12095.037740760072,0.2398076286025271,0.38,0.6959236429889735,2.9194628872694772,0.5785113488603457,1539.0
698,1.5,0.9,2.2,0.4,5.0,7.0,14.0,0.21798078514953687,3087.0805659077023,4101.309249334033,11972.963081320911,0.2389685330051859,0.38,0.6910389382086666,2.9000199551357384,0.580547273935897,1509.0
699,1.5,0.9,2.2,0.4,5.0,8.0,14.0,0.21430247471073227,3130.5897378186755,4004.6097186731586,12052.078701254624,0.24254792826221397,0.375,0.6858534322820038,2.91615992488528,0.583015626859017,1505.0
700,1.5,0.9,2.2,0.4,6.0,6.0,14.0,0.21928336507294877,2928.0940043245537,4199.834674700787,12144.221275453074,0.23957244103636577,0.375,0.6955780178924131,2.915522657855182,0.5784903332169806,1467.5
701,1.5,0.9,2.2,0.4,6.0,7.0,14.0,0.2242131977036162,2913.0548479759545,4072.1718107627557,12246.587715157395,0.24447078776131803,0.375,0.6856526027966219,2.896449035723619,0.576833617535525,1443.0
702,1.5,0.9,2.2,0.4,6.0,8.0,14.0,0.22377609589090108,2975.982483938765,4077.616031913808,11984.048592797473,0.237586049709884,0.375,0.6896869760721929,2.9121803338884833,0.5753159447068161,1440.0
703,1.5,0.9,2.2,0.4,7.0,6.0,14.0,0.23280776763895059,2801.980842391472,4188.460731412839,12099.554691972571,0.23852608321338076,0.38,0.6892837144942789,2.903753670444144,0.5794160951517225,1431.5
704,1.5,0.9,2.2,0.4,7.0,7.0,14.0,0.23774750432359668,2790.763728266903,4073.0305851677404,12313.264162269536,0.24187506913357137,0.38,0.688405460377814,2.9138376287202883,0.5795798741112402,1408.0
705,1.5,0.9,2.2,0.4,7.0,8.0,14.0,0.2414970468064694,2841.2176897327213,4031.208122652749,12268.590448691788,0.2336191709186911,0.38,0.696787246465108,2.9244653020073317,0.5784796882482816,1404.5
706,1.5,0.9,2.6,0.4,3.0,6.0,14.0,0.2109173842138954,4242.445886324479,4159.68076655869,12185.17847711199,0.2232895520526538,0.37,0.6915529679860946,2.9630491954737828,0.5867267868836699,1945.5
707,1.5,0.9,2.6,0.4,3.0,7.0,14.0,0.2138343946350379,4286.317447594818,4127.438102265529,12169.36047286079,0.21989447656947153,0.365,0.691358127931581,2.9647882738599454,0.5870362963867395,1925.5
708,1.5,0.9,2.6,0.4,3.0,8.0,14.0,0.21761048528622529,4230.506306381458,4069.627081522857,12150.145162725446,0.21878797739043407,0.37,0.694256483323432,2.9750788001176867,0.5888102952549392,1911.0
709,1.5,0.9,2.6,0.4,4.0,6.0,14.0,0.18124941180823825,3554.5988590916513,4187.493441593262,12048.291361097432,0.22723281307537602,0.37,0.6926631589383339,2.946972325230216,0.582626127236852,1681.0
710,1.5,0.9,2.6,0.4,4.0,7.0,14.0,0.18693190064863058,3552.2939850164385,4064.206600878638,12009.042023862885,0.2226668849732164,0.365,0.6895811267226053,2.937701623737804,0.5787911803751355,1662.0
711,1.5,0.9,2.6,0.4,4.0,8.0,14.0,0.19133648122052513,3565.4452169645915,4067.6175516079434,12104.517632467005,0.21983416726864322,0.37,0.6967489954688921,2.9550843610054605,0.5837878380086379,1649.0
712,1.5,0.9,2.6,0.4,5.0,6.0,14.0,0.2076033427963665,3173.628655964828,4203.417487192443,12191.130452938167,0.22469028636922922,0.37,0.6915071044514487,2.9284903052485918,0.5812781865843073,1541.0
713,1.5,0.9,2.6,0.4,5.0,7.0,14.0,0.2060057360360529,3178.7968322460365,4164.822763238817,12112.09272771895,0.22389463925663705,0.365,0.6870641421092867,2.928403447321375,0.5831078790436273,1513.0
714,1.5,0.9,2.6,0.4,5.0,8.0,14.0,0.21891000383111536,3108.207137281338,4054.8025326519173,12064.255088412068,0.22646737643750478,0.37,0.6939753367399415,2.942785654952652,0.5796600088387363,1512.0
715,1.5,0.9,2.6,0.4,6.0,6.0,14.0,0.22002722310530948,2943.8750231436325,4173.219753668695,12146.087199945809,0.22620011906268606,0.365,0.6934674897929528,2.919889964186824,0.5752788170558405,1461.5
716,1.5,0.9,2.6,0.4,6.0,7.0,14.0,0.22479368053713372,2920.723779855055,4175.977419356709,12210.048004553733,0.22693121685498963,0.37,0.6935728634359541,2.936830721953921,0.5795174197790413,1444.0
717,1.5,0.9,2.6,0.4,6.0,8.0,14.0,0.2314796369432125,2911.3466594904658,4055.437525831554,12018.031126130103,0.22759743617004236,0.37,0.6870845342487233,2.9237081538060767,0.5773418040805687,1436.0
718,1.5,0.9,2.6,0.4,7.0,6.0,14.0,0.227171728685008,2841.85578193344,4181.950300975682,12045.18701455227,0.231334828483778,0.37,0.6963789083077686,2.9208491833721855,0.574768722083345,1438.0
719,1.5,0.9,2.6,0.4,7.0,7.0,14.0,0.229401156751125,2783.9342815976784,4177.828071649205,12042.318006777035,0.22815878764259145,0.365,0.695929977873236,2.911345438700387,0.5820423263535357,1403.0
720,1.5,0.9,2.6,0.4,7.0,8.0,14.0,0.23000842906105745,2850.986301220626,4126.66097583188,12139.377282600351,0.22414141414141414,0.365,0.6909576682859125,2.934001537154578,0.5758412262215071,1395.5
721,1.5,1.1,0.6,0.4,3.0,6.0,14.0,0.11838895743600164,4222.051670314352,4185.15052934289,11424.6670186407,0.39322790861712953,0.385,0.5400302948227953,2.5167267515364817,0.5844549678324069,1946.5
722,1.5,1.1,0.6,0.4,3.0,7.0,14.0,0.12399816293892263,4191.545155517009,4092.16267265643,11536.492611523063,0.3887074343117928,0.385,0.5333905376576382,2.5312828271398526,0.5863073545319082,1924.5
723,1.5,1.1,0.6,0.4,3.0,8.0,14.0,0.12420376064056038,4181.62091431368,4066.047335659038,11722.152218993797,0.38958531919110484,0.385,0.5376979734475928,2.5251878747627368,0.5851711371715433,1926.0
724,1.5,1.1,0.6,0.4,4.0,6.0,14.0,0.11130404146360373,3492.7524831851943,4130.277214920687,11603.472966944759,0.3696190326735291,0.38,0.5662387906086401,2.5850313308646333,0.5823332433559509,1682.5
725,1.5,1.1,0.6,0.4,4.0,7.0,14.0,0.10817394179357104,3490.951415814523,4149.16712373464,11368.484672970004,0.3733835084969286,0.38,0.563625199553463,2.5640651456615404,0.5875483412168816,1663.5
726,1.5,1.1,0.6,0.4,4.0,8.0,14.0,0.11840478742176769,3522.6920923562743,4035.151811096939,11581.411794837702,0.36284915996811024,0.38,0.5663208285486502,2.5894264407150596,0.580218255653653,1654.0
727,1.5,1.1,0.6,0.4,5.0,6.0,14.0,0.14314328878225593,3137.4811429425154,4190.245655317705,11522.151934127949,0.35099004443539905,0.38,0.581379532580306,2.6162942100155884,0.5776416759300558,1536.5
728,1.5,1.1,0.6,0.4,5.0,7.0,14.0,0.14943952071457908,3121.7438991996337,4096.190628733558,11338.395005580256,0.35065068054971493,0.38,0.5819952253004057,2.633567982796941,0.5767190321827318,1514.0
729,1.5,1.1,0.6,0.4,5.0,8.0,14.0,0.15327419297485356,3135.9740198285904,4072.9333709989933,11579.784027106301,0.35105057050067234,0.385,0.585365406139337,2.633578317942675,0.5779200797451542,1513.5
730,1.5,1.1,0.6,0.4,6.0,6.0,14.0,0.17165014272012355,2938.9602356041128,4082.3812560398887,11594.000098918632,0.3416511329467857,0.385,0.5917560441001527,2.645510089668557,0.5763757392968398,1462.0
731,1.5,1.1,0.6,0.4,6.0,7.0,14.0,0.16916872756919285,2920.1742315717347,4085.747231612738,11519.825264703175,0.3412821206015295,0.38,0.5979396331074616,2.654711143763647,0.5790757652200953,1435.0
732,1.5,1.1,0.6,0.4,6.0,8.0,14.0,0.17146034954999909,2890.134139628226,4039.039115962635,11583.599971130963,0.34503464459927957,0.38,0.5981033181301099,2.6398112026992164,0.5792420971479502,1439.5
733,1.5,1.1,0.6,0.4,7.0,6.0,14.0,0.18243360014312973,2750.227037287267,4146.2042309598355,11625.171006049493,0.33918072742837724,0.385,0.597736451485898,2.652834793653274,0.5824927211112426,1429.0
734,1.5,1.1,0.6,0.4,7.0,7.0,14.0,0.1832070930451544,2770.5992997015014,4069.3429185769533,11552.008681347696,0.336119084098511,0.38,0.6021827230497325,2.6448264283260388,0.5744970936850922,1402.0
735,1.5,1.1,0.6,0.4,7.0,8.0,14.0,0.18663089964393256,2760.1127823330253,4027.0799148900696,11508.545506236962,0.33535453090340145,0.38,0.5981487295354068,2.6581834077278668,0.5773511867607626,1394.5
736,1.5,1.1,1.0,0.4,3.0,6.0,14.0,0.17774078965142573,4309.13957982487,4105.651891550264,11667.195236453772,0.3041668911844289,0.38,0.6173158135519978,2.695587021280486,0.5798664799803382,1946.0
737,1.5,1.1,1.0,0.4,3.0,7.0,14.0,0.17465192514054495,4292.271955173626,4093.2630766102284,11660.851122879752,0.3085588163165209,0.38,0.6175893076105616,2.701997424565514,0.5848870414251089,1916.0
738,1.5,1.1,1.0,0.4,3.0,8.0,14.0,0.17038737569117654,4221.229236069659,4115.10160279306,11609.974192134556,0.3120745914182398,0.385,0.618556396791343,2.708878608103799,0.58528577596013,1922.0
739,1.5,1.1,1.0,0.4,4.0,6.0,14.0,0.15188762396466182,3499.8635306869865,4146.345837248518,11640.838120658205,0.29918841321280343,0.38,0.6369101427028256,2.715844064474605,0.5845917042081479,1678.0
740,1.5,1.1,1.0,0.4,4.0,7.0,14.0,0.15774567625609084,3484.8395079089937,4076.9204675817564,11491.098413696327,0.3036538814702101,0.385,0.6250630369068336,2.715982667235285,0.5829557848989974,1657.0
741,1.5,1.1,1.0,0.4,4.0,8.0,14.0,0.1570072017249726,3527.045966303801,4017.0632976588404,11706.251243312883,0.2991299214619373,0.38,0.6345516143935116,2.7258666300407968,0.5856429134681713,1652.0
742,1.5,1.1,1.0,0.4,5.0,6.0,14.0,0.18051818451077786,3087.670407058261,4171.8699189117915,11680.657750995324,0.2954956626910632,0.38,0.6404906821398317,2.735886105089632,0.5808243256062287,1542.0
743,1.5,1.1,1.0,0.4,5.0,7.0,14.0,0.18683440160400913,3089.750455217908,4042.7955719349225,11642.810905917213,0.2962521804222715,0.38,0.6388109977992646,2.7255275389805225,0.5764260394870045,1521.5
744,1.5,1.1,1.0,0.4,5.0,8.0,14.0,0.19398091906423556,3087.534345243601,4044.6880496838294,11792.743830869953,0.2906906222948256,0.385,0.6423953621094077,2.751105488380462,0.5788529848261521,1514.5
745,1.5,1.1,1.0,0.4,6.0,6.0,14.0,0.19422147203939236,2899.7833770640646,4206.241216722946,11738.103305896962,0.2906716975144438,0.38,0.643965549426446,2.74565013404381,0.5743558083177462,1464.5
746,1.5,1.1,1.0,0.4,6.0,7.0,14.0,0.202769825986679,2948.9836784971512,4102.595803309456,11587.211853986262,0.28641718494414004,0.385,0.6460160831073267,2.7619068116206713,0.5833195738708821,1439.5
747,1.5,1.1,1.0,0.4,6.0,8.0,14.0,0.20617642272481354,2872.597217378124,4083.57855595404,11651.038435657792,0.29105822302544815,0.385,0.6466692717237337,2.7400837870790093,0.5788453457770972,1431.5
748,1.5,1.1,1.0,0.4,7.0,6.0,14.0,0.20507033552695916,2819.9684752600087,4150.12828557445,11646.885098314233,0.29289660362389014,0.385,0.647669245159007,2.7610487882009913,0.577859694797543,1435.0
749,1.5,1.1,1.0,0.4,7.0,7.0,14.0,0.2145506207363244,2789.9647578309105,4099.520205523623,11696.559903071524,0.284918648310388,0.385,0.6527496568291009,2.7638572717818515,0.580393105617772,1408.5
750,1.5,1.1,1.0,0.4,7.0,8.0,14.0,0.20687628205161818,2867.918603003282,4028.905138625929,11703.615101216226,0.28896389651654425,0.38,0.6444271306536999,2.750527947025723,0.5766713120212978,1404.5
751,1.5,1.1,1.4,0.4,3.0,6.0,14.0,0.1918301357645322,4214.39140838287,4155.113203641589,11662.898794259632,0.2716791010408032,0.385,0.6588790641982132,2.8139798960197826,0.5866151700368103,1949.5
752,1.5,1.1,1.4,0.4,3.0,7.0,14.0,0.19510959028779262,4243.07342805138,4099.863705027488,11756.34085500769,0.2680224084779464,0.38,0.6607086356075915,2.8114084281640657,0.587007877000516,1921.5
753,1.5,1.1,1.4,0.4,3.0,8.0,14.0,0.1975863469080942,4186.329603280856,4031.7018179307906,11588.012453819469,0.2699236327304214,0.385,0.6556048311233964,2.8062028732720457,0.5883715990448937,1914.0
754,1.5,1.1,1.4,0.4,4.0,6.0,14.0,0.16891405905114643,3496.193471408506,4159.850159645421,11709.17699282226,0.26342217896567865,0.375,0.6697411109978351,2.8295114266049497,0.5817343208520195,1684.0
755,1.5,1.1,1.4,0.4,4.0,7.0,14.0,0.17254472020316755,3557.163287771188,4095.51873562645,11793.915217575723,0.26256169415521485,0.38,0.6687660809355396,2.8077078352423346,0.5818160165540129,1668.0
756,1.5,1.1,1.4,0.4,4.0,8.0,14.0,0.1838391317084394,3505.1554321884555,4029.164956582148,11731.870447464087,0.261808188680558,0.385,0.6687376074025115,2.8342622457847693,0.5790535287362034,1653.0
757,1.5,1.1,1.4,0.4,5.0,6.0,14.0,0.19258795110773863,3176.2162113352133,4171.516665191104,11579.199643712498,0.2652180457721982,0.38,0.675567683030184,2.8327073868198425,0.5801434323361814,1540.5
758,1.5,1.1,1.4,0.4,5.0,7.0,14.0,0.20666982861619218,3166.8118076285896,4026.4650789183643,11826.869401992073,0.26202937920141967,0.385,0.6670819027744711,2.8429365141939984,0.5751133246720468,1519.0
759,1.5,1.1,1.4,0.4,5.0,8.0,14.0,0.205755348921857,3168.580159473843,4044.4449092793056,11818.132360584488,0.2617490148129904,0.385,0.6713943914710954,2.835166664926035,0.5800552152389726,1508.5
760,1.5,1.1,1.4,0.4,6.0,6.0,14.0,0.21407590407993835,2882.1451392226763,4157.079905314556,11619.509020605365,0.2637341164907683,0.38,0.6723246671190883,2.8284128157190596,0.5745850746309363,1462.5
761,1.5,1.1,1.4,0.4,6.0,7.0,14.0,0.2059869750678926,2935.0082502583778,4083.5304539629724,11648.637407170989,0.27158242876526456,0.375,0.6730304443690638,2.834786236737777,0.5812369018847892,1441.0
762,1.5,1.1,1.4,0.4,6.0,8.0,14.0,0.21528649291814445,2892.5196482907695,4126.458159788087,11690.976572894826,0.263277715068546,0.38,0.6703156203872536,2.832887577775484,0.5788357689667705,1440.5
763,1.5,1.1,1.4,0.4,7.0,6.0,14.0,0.21953608055421917,2797.667456784651,4178.085348871897,11658.962912132236,0.262243938962614,0.38,0.6757189012334606,2.8232513579572833,0.5758186351762873,1433.0
764,1.5,1.1,1.4,0.4,7.0,7.0,14.0,0.2225844043428253,2817.571076824137,4082.2764335068023,11545.819127079263,0.26348065049294117,0.38,0.6766133245346311,2.8331631691885297,0.5744322898812213,1402.5
765,1.5,1.1,1.4,0.4,7.0,8.0,14.0,0.225365291693347,2761.7290683044466,4104.041987158598,11988.646702543898,0.2631789489695034,0.38,0.6801224427713134,2.8405448627565066,0.5756364598114684,1405.5
766,1.5,1.1,1.8,0.4,3.0,6.0,14.0,0.20581697090959075,4258.799957030595,4162.181202166375,12107.039354669992,0.2462136393553535,0.38,0.6838125564349352,2.893283864742317,0.5865619436662318,1951.5
767,1.5,1.1,1.8,0.4,3.0,7.0,14.0,0.2008334769400788,4165.64839756714,4090.3706800442615,12196.881644851215,0.24412384826943484,0.375,0.6771308389515639,2.8945534470330854,0.5887558183555757,1931.5
768,1.5,1.1,1.8,0.4,3.0,8.0,14.0,0.21065356972944524,4223.460081326184,4073.5831822779974,12245.825655876211,0.24204889422752604,0.38,0.6825626219962005,2.9086607904309636,0.5890444599459955,1917.5
769,1.5,1.1,1.8,0.4,4.0,6.0,14.0,0.17912198160339893,3540.8962163291153,4179.966284464697,12225.278448246114,0.2457633373163703,0.38,0.6861390314191327,2.890681724860085,0.5836293146314468,1687.5
770,1.5,1.1,1.8,0.4,4.0,7.0,14.0,0.177594388032005,3533.9845850433976,4123.2087930704565,12325.070240311758,0.24148784681018565,0.37,0.6854888192969153,2.884851831542809,0.5788842395081206,1663.0
771,1.5,1.1,1.8,0.4,4.0,8.0,14.0,0.18591623509473063,3524.56031359976,4074.4473701059324,12249.324265909418,0.2456856968771136,0.38,0.6810939577162581,2.8798542855424625,0.5848838868986022,1657.0
772,1.5,1.1,1.8,0.4,5.0,6.0,14.0,0.20813654739788895,3109.597171118544,4138.73698063211,12240.265570553558,0.24959108938523863,0.38,0.6779981140213631,2.8938918517919974,0.5820410996893783,1538.5
773,1.5,1.1,1.8,0.4,5.0,7.0,14.0,0.21339572502448326,3120.1081996183857,4100.301823009465,12180.463736129775,0.24301999560191004,0.38,0.6882007274301192,2.8973046852907123,0.5779623062740499,1514.5
774,1.5,1.1,1.8,0.4,5.0,8.0,14.0,0.2106025110624672,3145.6217569851246,4038.9220377055517,12133.400639094598,0.24397616851569418,0.375,0.6874943928129009,2.8834662870540564,0.5789768250546787,1505.0
775,1.5,1.1,1.8,0.4,6.0,6.0,14.0,0.2207301047199806,2863.8498991562346,4147.123324406159,12185.490324272325,0.24915932779725036,0.375,0.6825818582310499,2.878502602539519,0.5753090665888301,1467.0
776,1.5,1.1,1.8,0.4,6.0,7.0,14.0,0.22552617138302683,2884.6740172415502,4077.6014295800996,12054.54251991081,0.24499240851247256,0.375,0.6859919255052813,2.889960688767035,0.5771865013447459,1442.5
777,1.5,1.1,1.8,0.4,6.0,8.0,14.0,0.2283660821111999,2889.6547091679704,4008.7751742754417,12091.915907116232,0.24584434204581623,0.375,0.6818749752092341,2.875610334279747,0.5801645923197148,1438.5
778,1.5,1.1,1.8,0.4,7.0,6.0,14.0,0.22880270994082094,2822.870595054427,4189.291608771082,12092.498335394666,0.24281309504057141,0.38,0.6831628702584402,2.8955622121008275,0.5791372230768639,1424.0
779,1.5,1.1,1.8,0.4,7.0,7.0,14.0,0.23312106723553974,2836.9222684476235,4073.4175947321555,12249.453934630144,0.24438296833983442,0.38,0.6853321161506121,2.877224864761161,0.5723904397926178,1402.0
780,1.5,1.1,1.8,0.4,7.0,8.0,14.0,0.23145347152374016,2850.4239200305074,4063.5456864798543,12059.447784134696,0.24654226080770847,0.38,0.6863642610017138,2.881675800034473,0.5766920531904154,1408.0
781,1.5,1.1,2.2,0.4,3.0,6.0,14.0,0.2037061827855649,4211.572821281433,4179.310027157944,12215.260680564694,0.23650549761520914,0.375,0.6890241749595234,2.946359852469275,0.5928047839538602,1941.0
782,1.5,1.1,2.2,0.4,3.0,7.0,14.0,0.20806935189178752,4156.069538847369,4131.346652415557,12198.752328492224,0.23356231037838454,0.38,0.6902038713476117,2.939020453866336,0.5918264310601923,1915.5
783,1.5,1.1,2.2,0.4,3.0,8.0,14.0,0.2154682354720115,4182.658575556701,3994.7492820017706,12155.59935108953,0.23006079458473339,0.375,0.6868589790618168,2.9478020974323806,0.5835843120494386,1918.5
784,1.5,1.1,2.2,0.4,4.0,6.0,14.0,0.186116402068388,3535.888877916699,4196.491690068384,12289.175780523692,0.2330944495012124,0.38,0.6945588824507599,2.951858853929169,0.5816348707364908,1685.0
785,1.5,1.1,2.2,0.4,4.0,7.0,14.0,0.19186129474531446,3541.0809261576246,4056.35573128837,12044.608318829374,0.23545261384034877,0.38,0.687415283730813,2.929981313787557,0.5792516958976728,1652.5
786,1.5,1.1,2.2,0.4,4.0,8.0,14.0,0.19116879781032145,3540.243840403587,4086.3818351840255,12029.579993505864,0.23401158533013064,0.38,0.692993145468393,2.928732772670685,0.5827480385122058,1653.0
787,1.5,1.1,2.2,0.4,5.0,6.0,14.0,0.2121809113264603,3114.8587150005064,4173.688149265466,12283.850337694617,0.23905841515989634,0.38,0.6952971259559526,2.9260757179106074,0.5824506233198792,1542.0
788,1.5,1.1,2.2,0.4,5.0,7.0,14.0,0.20990950032461198,3160.3303730035323,4064.727162840514,12002.39975055362,0.2411541426099097,0.375,0.6845401705424101,2.9035530551425945,0.5770920497491843,1507.0
789,1.5,1.1,2.2,0.4,5.0,8.0,14.0,0.21686580220561233,3129.736688223799,4078.6780222353136,11846.20934890708,0.23804328667680513,0.38,0.6972390483520825,2.9233885467106147,0.5804611231125603,1503.5
790,1.5,1.1,2.2,0.4,6.0,6.0,14.0,0.22349614786107236,2948.422520585823,4157.73821947884,12127.51797165018,0.24033975441509003,0.38,0.6901422560609096,2.9111112261534684,0.5789713579421573,1472.5
791,1.5,1.1,2.2,0.4,6.0,7.0,14.0,0.22849737801359118,2892.2829764791304,4150.3413830005675,12170.980306852402,0.23896320649322234,0.38,0.6917466799102381,2.9177943092813186,0.5744014352559399,1438.0
792,1.5,1.1,2.2,0.4,6.0,8.0,14.0,0.22504582136364804,2934.4618878530273,4082.1189210575435,12259.012045228366,0.2397523623330075,0.375,0.6881611817095687,2.920442761835624,0.5771692807331578,1440.0
793,1.5,1.1,2.2,0.4,7.0,6.0,14.0,0.22566726600671688,2813.0845647752003,4203.0159165234145,11937.012714148303,0.2415919758671508,0.375,0.6840423608943536,2.900477761899217,0.5781655999455753,1423.5
794,1.5,1.1,2.2,0.4,7.0,7.0,14.0,0.23998038203299174,2786.274754762993,4105.565775794874,12176.480476437308,0.2357076070259801,0.38,0.696773131029793,2.9263625854229947,0.5781524638140243,1406.5
795,1.5,1.1,2.2,0.4,7.0,8.0,14.0,0.23733645714530233,2781.9936766535056,4067.9427545401977,12195.608269538763,0.23765301357741553,0.375,0.6883427194559746,2.919710195514206,0.5772959885924713,1393.0
796,1.5,1.1,2.6,0.4,3.0,6.0,14.0,0.20624051983715708,4232.639283344374,4179.798663442231,12115.45647107279,0.2218634241128153,0.365,0.6894599066518348,2.966524045939723,0.5825993294560978,1947.5
797,1.5,1.1,2.6,0.4,3.0,7.0,14.0,0.21737795681483785,4236.35078381471,4089.5681883662273,12160.46451847379,0.21804814875602513,0.37,0.6895447972217663,2.9794118115313166,0.5876826162162976,1917.0
798,1.5,1.1,2.6,0.4,3.0,8.0,14.0,0.21198072334281845,4159.1483126831945,4066.0021244584764,11828.231685247285,0.22048705015157422,0.37,0.6915834872410208,2.964443223468661,0.5841702435726546,1912.5
799,1.5,1.1,2.6,0.4,4.0,6.0,14.0,0.179910377536524,3608.0478947548218,4178.4813177698725,12097.838905122797,0.22423682484925375,0.37,0.6899825020313324,2.951179793455818,0.5794970634912946,1675.5
800,1.5,1.1,2.6,0.4,4.0,7.0,14.0,0.18630476946267344,3544.3150565602036,4128.1122272691755,12187.16008260382,0.22524316692232604,0.37,0.6928194580021383,2.942000821462004,0.580962672473242,1660.0
801,1.5,1.1,2.6,0.4,4.0,8.0,14.0,0.193075459606518,3534.9583038787464,4066.6226779835774,12036.792222321872,0.2204562617510949,0.37,0.689350139998125,2.95118869861007,0.5823955240792427,1646.5
802,1.5,1.1,2.6,0.4,5.0,6.0,14.0,0.20899460780290727,3146.8924518131053,4202.896471690659,12153.981245088187,0.22542898859649757,0.37,0.6870217403615686,2.940440629454735,0.580186428003687,1533.0
803,1.5,1.1,2.6,0.4,5.0,7.0,14.0,0.21981856027411167,3078.0574941758496,4073.9153025188116,12164.573861882433,0.2266387453170302,0.37,0.6913564512348052,2.942245983569747,0.5764883282572972,1515.5
804,1.5,1.1,2.6,0.4,5.0,8.0,14.0,0.2175811065234754,3156.7565390959444,4064.1481790433772,12162.8550358358,0.21599553291874263,0.365,0.6909432833927975,2.9398369835121265,0.5811136747118778,1507.5
805,1.5,1.1,2.6,0.4,6.0,6.0,14.0,0.22364408597587931,2892.3342736350996,4121.207509660413,12193.894368050245,0.22427543513160783,0.36,0.6895512975988358,2.94048835375579,0.5769269613018408,1472.0
806,1.5,1.1,2.6,0.4,6.0,7.0,14.0,0.22600631826401074,2874.1532168880995,4170.455066559837,12264.69050547533,0.23066683569979715,0.37,0.6894438810006761,2.923783627303165,0.5789222815715291,1435.5
807,1.5,1.1,2.6,0.4,6.0,8.0,14.0,0.22399426528993807,2924.4842433440417,4115.253717484837,12190.047842201795,0.2333070715336601,0.37,0.6956852298415296,2.9223207771387227,0.5770661107873014,1438.5
808,1.5,1.1,2.6,0.4,7.0,6.0,14.0,0.2322668955986429,2794.738304530092,4143.043718467599,12136.87183319671,0.23161091403051004,0.37,0.6886391177304132,2.9109035295342496,0.5720613231280912,1431.5
809,1.5,1.1,2.6,0.4,7.0,7.0,14.0,0.2292964163202995,2830.7841287513156,4194.236294261016,12076.708565919049,0.22791528516719356,0.37,0.6886457449816228,2.909797283751972,0.5751023912791675,1395.5
810,1.5,1.1,2.6,0.4,7.0,8.0,14.0,0.23255233761538108,2862.8282567954116,4105.504435517351,12115.168757387843,0.22679151548121879,0.37,0.6885660177881334,2.922763374270726,0.5800650832326062,1396.5
811,1.5,1.3,0.6,0.4,3.0,6.0,14.0,0.1385989696805259,4246.878812158823,4079.976818075248,11489.278854074928,0.3715428109512745,0.385,0.5514295886712121,2.548663217106866,0.5843947890473074,1944.5
812,1.5,1.3,0.6,0.4,3.0,7.0,14.0,0.13702324143413597,4229.184019070466,4029.711101818809,11502.120315840772,0.37670397932283367,0.385,0.5496721680888553,2.56262911235754,0.5839373534383328,1919.5
813,1.5,1.3,0.6,0.4,3.0,8.0,14.0,0.13394633556351054,4231.673576685576,4120.997011117655,11630.911286683006,0.3739488928337849,0.385,0.5537941437849419,2.553177987440084,0.5870751650034699,1919.0
814,1.5,1.3,0.6,0.4,4.0,6.0,14.0,0.11082782872259614,3535.1639948708075,4160.8364432089365,11472.613655775102,0.3565030540084747,0.375,0.5724528081289061,2.5955495335932044,0.5801390541350258,1680.5
815,1.5,1.3,0.6,0.4,4.0,7.0,14.0,0.12571748132507343,3487.2526324207056,4086.798516990115,11457.70370710759,0.3562998343864692,0.385,0.5780600468586315,2.597266741862805,0.5823029664925159,1662.0
816,1.5,1.3,0.6,0.4,4.0,8.0,14.0,0.12996360456656136,3485.6566070488307,4049.070614265157,11501.676953990003,0.3527388107715742,0.385,0.5795119393929395,2.5966843747856307,0.5842764610658409,1652.0
817,1.5,1.3,0.6,0.4,5.0,6.0,14.0,0.15205458927390764,3133.074489995974,4174.400098449938,11576.965849539883,0.3443064382167426,0.385,0.5943432433444416,2.6252346114824046,0.5830915585896621,1533.5
818,1.5,1.3,0.6,0.4,5.0,7.0,14.0,0.15783826805027298,3053.6644658948526,4079.073010193366,11493.357857501334,0.3457929548965427,0.38,0.5924605643915494,2.6389234987984107,0.5782667721476819,1516.5
819,1.5,1.3,0.6,0.4,5.0,8.0,14.0,0.16086981278944995,3130.674829763221,4026.289087499869,11524.128732383408,0.3430835163090924,0.385,0.5869500806856962,2.6234052586600938,0.5786264685987783,1506.5
820,1.5,1.3,0.6,0.4,6.0,6.0,14.0,0.16721410959347272,2894.13698944271,4152.5842793779875,11539.889517206982,0.3415074090812683,0.38,0.5993781911674176,2.637269364922857,0.578222728678198,1459.0
821,1.5,1.3,0.6,0.4,6.0,7.0,14.0,0.16600171451573004,2957.7520576496117,4073.588978289872,11490.467747012466,0.3370745235612022,0.375,0.6011255739614515,2.6610427192684036,0.5752968867441709,1438.5
822,1.5,1.3,0.6,0.4,6.0,8.0,14.0,0.17901012743087832,2905.5838861545008,4013.6404641729837,11569.416560409349,0.33924747997209326,0.385,0.6049304221411903,2.6594106560314525,0.5814662819345984,1428.0
823,1.5,1.3,0.6,0.4,7.0,6.0,14.0,0.1806231631472145,2753.4433372260582,4166.018969857498,11613.211794105273,0.33371293038451877,0.38,0.6003824767529531,2.6610931024143216,0.5802444338328129,1428.0
824,1.5,1.3,0.6,0.4,7.0,7.0,14.0,0.19029174996015696,2811.787545049776,4053.4466256871515,11585.954470023515,0.3273429362701956,0.385,0.6091018643369855,2.662904998382778,0.5805629811708096,1408.5
825,1.5,1.3,0.6,0.4,7.0,8.0,14.0,0.18708873471963933,2776.085061102838,4026.268261144739,11554.017404743281,0.33284868759650027,0.38,0.6066958311888832,2.673358161118045,0.578729574793982,1395.0
826,1.5,1.3,1.0,0.4,3.0,6.0,14.0,0.16918858010103296,4282.320202213863,4163.194714323128,11714.501365662694,0.3166866844215449,0.385,0.6171609654307351,2.685996018451248,0.5847572591876116,1947.5
827,1.5,1.3,1.0,0.4,3.0,7.0,14.0,0.17052181112927786,4178.495332292224,4120.676687754314,11820.333915477142,0.3065058394569068,0.385,0.619326815870925,2.7019851258093954,0.5907958936735396,1928.0
828,1.5,1.3,1.0,0.4,3.0,8.0,14.0,0.16679204893399704,4174.246615120632,4049.436399925488,11699.016307521073,0.31233113417575564,0.38,0.61552553134546,2.687590271519765,0.5853042023275499,1919.5
829,1.5,1.3,1.0,0.4,4.0,6.0,14.0,0.1503355233315072,3472.7946114363394,4192.937630328963,11781.675121619845,0.30067435364187883,0.38,0.6307963033606931,2.718470156235804,0.5819964453141002,1687.0
830,1.5,1.3,1.0,0.4,4.0,7.0,14.0,0.1567171221737785,3482.819712920421,4038.1449276221138,11613.780000732488,0.30273287185601444,0.38,0.6288751869026419,2.7200014606206713,0.5798294446688748,1665.5
831,1.5,1.3,1.0,0.4,4.0,8.0,14.0,0.15705921849146173,3518.024560373042,4040.097945516788,11620.656015879884,0.3043575356718193,0.385,0.633271031510107,2.72965752329668,0.5844464421764726,1641.0
832,1.5,1.3,1.0,0.4,5.0,6.0,14.0,0.18068583128193735,3122.951231579869,4168.770558695822,11656.146059228486,0.297858988556663,0.385,0.6395422665190107,2.7406662360303526,0.5805982666322,1540.0
833,1.5,1.3,1.0,0.4,5.0,7.0,14.0,0.18132745395818914,3144.069570137018,4107.37612305093,11745.854477776229,0.29354392755927283,0.38,0.6457161125319693,2.7464343114263396,0.5798005967368477,1522.0
834,1.5,1.3,1.0,0.4,5.0,8.0,14.0,0.1912304517444713,3089.283822471075,4095.615287044003,11520.495971194368,0.2905349739731652,0.385,0.6382987412636811,2.7433450694895556,0.5814266834622929,1505.5
835,1.5,1.3,1.0,0.4,6.0,6.0,14.0,0.19623995757107796,2866.9269418348404,4187.985956770563,11622.940239215932,0.2926443463116093,0.38,0.647537713727338,2.741723832986077,0.5776401353944804,1470.0
836,1.5,1.3,1.0,0.4,6.0,7.0,14.0,0.20145950632570786,2917.589398544431,4098.454930774103,11832.207417945694,0.2861840843720038,0.38,0.6561361457334611,2.76419135009823,0.5777695345565923,1445.0
837,1.5,1.3,1.0,0.4,6.0,8.0,14.0,0.20242208730083144,2873.0400573879306,4085.6369551329853,11683.470045780174,0.29076665232458077,0.38,0.6449161181787877,2.741106753324501,0.5798087960341725,1437.5
838,1.5,1.3,1.0,0.4,7.0,6.0,14.0,0.20443712221979102,2821.20223691506,4165.967246508938,11670.445741224295,0.29239673862255866,0.385,0.6478658536585367,2.7448268236219073,0.5807133576235786,1434.0
839,1.5,1.3,1.0,0.4,7.0,7.0,14.0,0.2130184505861428,2785.9967580159973,4153.077935673862,11680.94204164301,0.2831275720164609,0.385,0.6455829903978052,2.7552064768996325,0.5783271812242111,1404.0
840,1.5,1.3,1.0,0.4,7.0,8.0,14.0,0.20943225910431343,2847.1821203392674,4007.4431291460037,11868.058008215694,0.28894865706506584,0.38,0.6463494245151562,2.771148224462502,0.5784776580610118,1396.0
841,1.5,1.3,1.4,0.4,3.0,6.0,14.0,0.19797335624739507,4243.929812456624,4224.772118180593,11722.55790107993,0.2584430215387749,0.385,0.6683072160836431,2.842573351540059,0.5878399554787831,1942.0
842,1.5,1.3,1.4,0.4,3.0,7.0,14.0,0.1949803574091246,4171.356110211347,4151.330826687636,11538.543583447354,0.26185089070905304,0.385,0.6696410131646529,2.8511765057045912,0.5901740914508417,1923.5
843,1.5,1.3,1.4,0.4,3.0,8.0,14.0,0.20449194609226515,4237.922726777904,4035.722977240897,11540.840194881192,0.2638061926430808,0.385,0.6679275123881152,2.836552922320858,0.5846820086500906,1917.5
844,1.5,1.3,1.4,0.4,4.0,6.0,14.0,0.17440275754886628,3528.7517674266464,4090.0375953196935,11558.321697426923,0.26315193240693546,0.38,0.6645525571846969,2.832930355306572,0.5800290258557425,1682.5
845,1.5,1.3,1.4,0.4,4.0,7.0,14.0,0.17494742881555106,3540.578635148201,4135.181075248805,11765.48181634141,0.2632022716551149,0.385,0.6718922596799362,2.8347758042407265,0.5819049553949642,1660.5
846,1.5,1.3,1.4,0.4,4.0,8.0,14.0,0.18081223912700253,3531.551981385175,4024.3851895795187,11597.357963311713,0.26433234922593346,0.385,0.670487977732734,2.8336719700157778,0.5789627893223993,1650.5
847,1.5,1.3,1.4,0.4,5.0,6.0,14.0,0.19858550087004098,3126.233336519981,4140.227975237972,11604.484005036902,0.2636179475939789,0.38,0.6712303115677121,2.8252038526991976,0.578268427236261,1533.5
848,1.5,1.3,1.4,0.4,5.0,7.0,14.0,0.20338611621987432,3135.6778174711594,4073.4466382558753,11477.452813823209,0.2668499576082514,0.385,0.6728271941542083,2.8504629254767355,0.5810196733158648,1515.5
849,1.5,1.3,1.4,0.4,5.0,8.0,14.0,0.2039030657401535,3154.1066383535845,4070.1342850581486,11582.101353658047,0.2641912838969461,0.385,0.6688617857208041,2.831929584597975,0.5808063656495637,1517.5
850,1.5,1.3,1.4,0.4,6.0,6.0,14.0,0.2122351882306416,2869.154338329619,4169.27477273313,11646.882456980855,0.26720208082480434,0.38,0.6703548314268513,2.824981909077205,0.5767964329647068,1459.0
851,1.5,1.3,1.4,0.4,6.0,7.0,14.0,0.2170099640909333,2878.75359242321,4137.040328042185,11694.936533808175,0.2609906581823105,0.38,0.677166702125602,2.8348879315935074,0.5780724634908156,1439.0
852,1.5,1.3,1.4,0.4,6.0,8.0,14.0,0.2223992564921852,2957.332328582184,4005.2605718607238,11646.25288277669,0.26124401725723595,0.385,0.6741000878394685,2.8416362191204168,0.5770606254149881,1427.0
853,1.5,1.3,1.4,0.4,7.0,6.0,14.0,0.2240932519051243,2827.2451646016525,4144.9475895374,11980.566939737433,0.2605793916713807,0.385,0.670188515413919,2.8427922719100054,0.5752956074646631,1423.0
854,1.5,1.3,1.4,0.4,7.0,7.0,14.0,0.22554538436741395,2838.4525817962067,4036.223435202941,11807.791203856425,0.26664402173913043,0.385,0.6743982919254659,2.8264131190535116,0.5790753354472716,1396.5
855,1.5,1.3,1.4,0.4,7.0,8.0,14.0,0.22434391903983733,2823.5118607790146,4074.2929032878933,11694.781227483643,0.2605692774418824,0.38,0.6769334520957262,2.836494775890583,0.5746377104816741,1404.5
856,1.5,1.3,1.8,0.4,3.0,6.0,14.0,0.20870809816285082,4269.541416450074,4179.0210500595995,12041.971436573662,0.24105968775046532,0.38,0.6831618411726911,2.9064405897793217,0.5892500712935187,1943.0
857,1.5,1.3,1.8,0.4,3.0,7.0,14.0,0.20987520598881979,4209.850627673936,4088.4274890225697,12197.456452032846,0.2404801430869572,0.38,0.6849149244489721,2.9183108477003374,0.5842956809975636,1923.0
858,1.5,1.3,1.8,0.4,3.0,8.0,14.0,0.2105028791644573,4227.578042711535,4080.9283662363246,12115.68465100399,0.23574466768029884,0.375,0.6836817089060578,2.926124347469291,0.5842726929977914,1911.0
859,1.5,1.3,1.8,0.4,4.0,6.0,14.0,0.1819914479947084,3541.240689168744,4130.683158354546,12345.322464267192,0.2389703869457107,0.375,0.6872805080871149,2.9094869855140395,0.5829534404839456,1677.5
860,1.5,1.3,1.8,0.4,4.0,7.0,14.0,0.18835788652989438,3547.1269518190647,4092.08751282348,12122.700009580829,0.23744114072612243,0.38,0.6886692462773568,2.9086866966579716,0.5845520207579078,1658.0
861,1.5,1.3,1.8,0.4,4.0,8.0,14.0,0.19559960466363768,3479.507363275503,3976.936862486455,12211.205939996937,0.24328802508021546,0.38,0.6832213505637161,2.902815787930619,0.5836328582003353,1649.0
862,1.5,1.3,1.8,0.4,5.0,6.0,14.0,0.2117579659770236,3139.151424712262,4131.387900780037,12107.684559364032,0.2408192960992742,0.38,0.6896397518485109,2.9085350450966594,0.5774028169470055,1534.5
863,1.5,1.3,1.8,0.4,5.0,7.0,14.0,0.20854318851169967,3123.4827793019904,4102.868458389268,12135.023044794041,0.2441955500348427,0.375,0.6838898892260982,2.8947906581258627,0.5843041702508538,1512.0
864,1.5,1.3,1.8,0.4,5.0,8.0,14.0,0.21540473284350817,3120.5492416333263,4058.3522116306303,12309.997981684839,0.2433660479069944,0.38,0.6819089850121741,2.8900681703307707,0.5830556337707007,1505.5
865,1.5,1.3,1.8,0.4,6.0,6.0,14.0,0.2208513946034774,2952.375084676578,4108.502429005045,12158.334284161434,0.24239764398910246,0.375,0.6857948658915621,2.8852305087095136,0.5738989952917111,1480.5
866,1.5,1.3,1.8,0.4,6.0,7.0,14.0,0.22946418295667403,2893.4167789545377,4085.370770476685,12178.73021133383,0.2430511953807472,0.38,0.680937697999719,2.8895938305956124,0.5803522290509949,1447.5
867,1.5,1.3,1.8,0.4,6.0,8.0,14.0,0.23146895554676597,2909.975001566011,4008.5348255399117,12103.809432636088,0.24471448559479914,0.38,0.6930287736833561,2.912444885005353,0.5762386899626832,1439.5
868,1.5,1.3,1.8,0.4,7.0,6.0,14.0,0.23326524153327893,2770.762023762494,4165.1278565999455,12035.899341624592,0.24339215463465094,0.38,0.6849971395881007,2.887902005082589,0.5744005065011375,1429.5
869,1.5,1.3,1.8,0.4,7.0,7.0,14.0,0.23453855223997672,2796.134255939614,4104.715241399437,12105.378421100158,0.23744563218828063,0.375,0.6917348245647406,2.896166389284335,0.5748077840155829,1405.0
870,1.5,1.3,1.8,0.4,7.0,8.0,14.0,0.23442529409281115,2763.9166826066707,4071.1132358144805,12240.742403200373,0.24430685823380927,0.375,0.6899696995860323,2.8918083213432206,0.5820272204347555,1400.0
871,1.5,1.3,2.2,0.4,3.0,6.0,14.0,0.20873693094589926,4175.413377320055,4159.522574848379,12143.506733970185,0.2320994800576337,0.38,0.6947626924684831,2.953568597989915,0.5833870693421611,1956.0
872,1.5,1.3,2.2,0.4,3.0,7.0,14.0,0.22018865768373994,4275.954377994862,4084.8049427666037,11989.691471629983,0.23096870085483917,0.38,0.6936291686560763,2.9529033230447768,0.5845094784863885,1925.5
873,1.5,1.3,2.2,0.4,3.0,8.0,14.0,0.22178004185162398,4240.289283288127,4023.6620200105067,12173.297206900756,0.2297509312885771,0.38,0.6983051907442152,2.9733871725069223,0.5839358368539379,1918.0
874,1.5,1.3,2.2,0.4,4.0,6.0,14.0,0.1786641728929527,3583.7660873218447,4183.210207163392,11907.116100961113,0.2413837156534659,0.38,0.6942009301340475,2.926549069923663,0.5818728246877891,1678.0
875,1.5,1.3,2.2,0.4,4.0,7.0,14.0,0.18319924345487892,3562.3803236841286,4107.421344307277,12060.93281809826,0.23663736101202387,0.375,0.6991910856287737,2.929791376717939,0.5784494181192142,1661.5
876,1.5,1.3,2.2,0.4,4.0,8.0,14.0,0.19967835262659148,3484.8120469013284,3985.8404596141513,12107.801527226551,0.23503430329535607,0.38,0.6969720858407549,2.942551742144656,0.5820833288299406,1648.0
877,1.5,1.3,2.2,0.4,5.0,6.0,14.0,0.20907597327115535,3129.3260940476202,4173.688934768042,12181.154294438336,0.23627186216703341,0.375,0.6983592357719326,2.933964936531024,0.5742555511218455,1540.5
878,1.5,1.3,2.2,0.4,5.0,7.0,14.0,0.2114583036158458,3162.0938131819426,4111.4628685019225,12121.743397866017,0.2405145812508149,0.38,0.6930722321656304,2.9278079005717927,0.580535071003984,1510.0
879,1.5,1.3,2.2,0.4,5.0,8.0,14.0,0.21866691549400477,3151.683737136779,4042.5442192025157,12154.794851005681,0.23577916395973852,0.38,0.6925563437191344,2.9208136520088273,0.5771239665227348,1508.0
880,1.5,1.3,2.2,0.4,6.0,6.0,14.0,0.21980080988379908,2939.7142015439435,4156.759368136973,12190.980549039325,0.24125892717218528,0.375,0.6860028096805247,2.914886419427921,0.5761799211997162,1465.0
881,1.5,1.3,2.2,0.4,6.0,7.0,14.0,0.22921519584248987,2901.966640100338,4064.878791745392,12119.281054536652,0.24434297436016356,0.38,0.6940759088344194,2.9037493060714077,0.5799058010350087,1439.5
882,1.5,1.3,2.2,0.4,6.0,8.0,14.0,0.23315765573976802,2912.900120958051,4072.1625634530524,12072.126765775349,0.23582609637376373,0.38,0.6958691522586046,2.9323383558530463,0.5765198010644108,1432.5
883,1.5,1.3,2.2,0.4,7.0,6.0,14.0,0.23502454259186348,2810.528549815925,4144.139012837032,12250.864562185012,0.23781785425996493,0.38,0.6888713394216359,2.9128288307093317,0.5825775191733316,1426.0
884,1.5,1.3,2.2,0.4,7.0,7.0,14.0,0.23323392680174282,2825.0631887944182,4073.2083885782417,12099.184211266474,0.23919215877253103,0.375,0.6961103495544894,2.909473305479696,0.5776539507870859,1413.5
885,1.5,1.3,2.2,0.4,7.0,8.0,14.0,0.23825561890578842,2777.386570566445,4068.7841975001747,11990.03596819234,0.24291879603360164,0.38,0.6967535047916532,2.903627836860659,0.579582115639999,1396.5
886,1.5,1.3,2.6,0.4,3.0,6.0,14.0,0.2138249954861257,4231.240952880479,4184.130380372575,12033.662884692647,0.21493730222966656,0.37,0.6916994538011684,2.969890873594508,0.5857102065154938,1942.0
887,1.5,1.3,2.6,0.4,3.0,7.0,14.0,0.21318174698749687,4230.58266472124,4134.163815988347,12075.778027745993,0.22043523345286364,0.37,0.6872704573606583,2.966426932132042,0.5924151109587213,1920.5
888,1.5,1.3,2.6,0.4,3.0,8.0,14.0,0.21141939986721375,4230.786621946926,4097.416481098867,12230.571148276736,0.22035893316334718,0.365,0.6953540005290386,2.9662409115006096,0.5873213712989183,1921.0
889,1.5,1.3,2.6,0.4,4.0,6.0,14.0,0.18214195673927208,3558.6449059883435,4221.328526094527,12180.56131652126,0.2222332424635718,0.37,0.6853640410784219,2.9352373304138633,0.5841517118467447,1680.5
890,1.5,1.3,2.6,0.4,4.0,7.0,14.0,0.18627423992755648,3530.1217182806267,4104.572201969204,12123.939510294875,0.2226550973167492,0.365,0.6946267587726425,2.9455299180069963,0.5802857387401265,1657.5
891,1.5,1.3,2.6,0.4,4.0,8.0,14.0,0.18967861539836825,3535.5465123711683,4099.623267109342,12034.638602103163,0.22312965394065454,0.37,0.6903339310197789,2.942050360014842,0.5812781784165806,1647.0
892,1.5,1.3,2.6,0.4,5.0,6.0,14.0,0.21373602299023395,3135.157287998327,4083.8190451788396,12095.333356362644,0.22949772973229302,0.37,0.6879169425819575,2.936608881826692,0.5798155817368962,1537.5
893,1.5,1.3,2.6,0.4,5.0,7.0,14.0,0.214973293436292,3137.4942627117925,4096.493960924095,12067.56917360489,0.22601489790248647,0.37,0.691973277538547,2.950494949348429,0.5793839994047185,1518.5
894,1.5,1.3,2.6,0.4,5.0,8.0,14.0,0.21157599616600734,3181.380106680791,4075.023975323138,11948.174558485574,0.22868022077831343,0.37,0.6998401802557116,2.936040296976417,0.5787440998624342,1514.0
895,1.5,1.3,2.6,0.4,6.0,6.0,14.0,0.2209561831167025,2938.6841896177784,4219.1825078696675,12239.414933501317,0.22109565766384728,0.365,0.6987551876851087,2.9240597731210394,0.575406415865923,1468.5
896,1.5,1.3,2.6,0.4,6.0,7.0,14.0,0.21930783335563012,2988.954549622026,4120.170467124813,12077.990867274108,0.22707020670994177,0.365,0.6911477647258273,2.9189177030597673,0.575751486853979,1450.0
897,1.5,1.3,2.6,0.4,6.0,8.0,14.0,0.22696938541819886,2928.2461885315947,4050.4815006680565,12003.880925175701,0.22734185294444437,0.365,0.690042245641445,2.916949922705734,0.5789740847573959,1430.0
898,1.5,1.3,2.6,0.4,7.0,6.0,14.0,0.22969707439591264,2791.248499662037,4218.565481283812,12276.540371661025,0.22953440605603992,0.37,0.6906796003300686,2.9203241952933388,0.5766787654274435,1417.5
899,1.5,1.3,2.6,0.4,7.0,7.0,14.0,0.23091246224194797,2820.9220134366415,4134.004731833198,12151.816174263597,0.22536871351737148,0.365,0.6922497514720503,2.9331530179561605,0.5750584542182284,1401.5
900,1.5,1.3,2.6,0.4,7.0,8.0,14.0,0.2296037685533171,2852.01334559482,4141.929281271643,12107.144360709368,0.22333230169763266,0.365,0.6955968604450578,2.919808859661913,0.579153805558439,1404.5
901,2.0,0.5,0.6,0.4,3.0,6.0,14.0,0.10665868948920168,4202.263911485196,4233.451877130154,11435.3288970742,0.4336493365935784,0.385,0.48737072593899067,2.4517017819664835,0.5869607948695474,1947.5
902,2.0,0.5,0.6,0.4,3.0,7.0,14.0,0.1181407742017255,4280.949171703038,4073.3270618743218,11639.168223013083,0.4296294825355616,0.385,0.4982635394145406,2.4718016559739873,0.5878095355445021,1917.5
903,2.0,0.5,0.6,0.4,3.0,8.0,14.0,0.1174038653638668,4264.2531153954515,4064.54723540536,11466.269174843059,0.43585747892383153,0.38,0.49420247015827046,2.4571300834575824,0.5856942089997716,1916.0
904,2.0,0.5,0.6,0.4,4.0,6.0,14.0,0.09698446231195786,3493.6787410549023,4141.303547591351,11619.165905126167,0.3989433806719189,0.385,0.5300813198144985,2.5356313444976566,0.5822249178700786,1681.0
905,2.0,0.5,0.6,0.4,4.0,7.0,14.0,0.09316818080967781,3554.610857425669,4108.154723247464,11719.048960108288,0.3950675278919554,0.38,0.5336324133881385,2.5368212769503637,0.5829618949396203,1664.0
906,2.0,0.5,0.6,0.4,4.0,8.0,14.0,0.10171819899217532,3496.148491824086,4083.5584198021743,11622.999461440213,0.39590201113476575,0.385,0.5312973245835436,2.53306636667587,0.5803143783371763,1654.0
907,2.0,0.5,0.6,0.4,5.0,6.0,14.0,0.12940387040857362,3142.184213595856,4186.708005412512,11479.358752813496,0.37385743836541707,0.38,0.5624339327929754,2.583609439009896,0.5816905851411474,1539.5
908,2.0,0.5,0.6,0.4,5.0,7.0,14.0,0.1357398396026951,3152.0050801475513,4096.2497591550045,11522.157354399706,0.3765958990231164,0.385,0.5558292629848147,2.585980716028835,0.5796447950677768,1522.5
909,2.0,0.5,0.6,0.4,5.0,8.0,14.0,0.14540629487199808,3081.591594906654,4034.058370875775,11574.589474722956,0.373924878583738,0.385,0.5563847981617839,2.5730829197791047,0.582380099243471,1516.5
910,2.0,0.5,0.6,0.4,6.0,6.0,14.0,0.14961759404189023,2937.0701979257638,4208.8370897009545,11539.283291142336,0.3611482850591924,0.38,0.5650484301155771,2.620832711848487,0.5779699556085165,1462.5
911,2.0,0.5,0.6,0.4,6.0,7.0,14.0,0.16335334851309002,2893.165194617157,4095.9740567480103,11618.18243581209,0.35955633151894834,0.385,0.5708637157235288,2.607704833388327,0.5737144748566776,1444.5
912,2.0,0.5,0.6,0.4,6.0,8.0,14.0,0.1581270370610861,2905.8887508988582,4035.919704018795,11553.106123718208,0.35956641552235546,0.375,0.5770220007873432,2.6123772794368705,0.5766606014263562,1433.5
913,2.0,0.5,0.6,0.4,7.0,6.0,14.0,0.1646479059873773,2848.2840897225565,4147.202011734689,11495.55802763627,0.3514975774482455,0.38,0.585051142759262,2.637426744021294,0.5780411569641827,1430.0
914,2.0,0.5,0.6,0.4,7.0,7.0,14.0,0.17252741431216476,2838.5306430534365,4071.4851559919307,11504.497667860256,0.34617179870167175,0.38,0.5791430376941953,2.639696076832837,0.5718269072079665,1397.0
915,2.0,0.5,0.6,0.4,7.0,8.0,14.0,0.18153549913547015,2792.8554583385994,4037.668587341044,11564.73575122546,0.3456168296677925,0.385,0.585564719695354,2.644104546938527,0.5781667313986698,1390.5
916,2.0,0.5,1.0,0.4,3.0,6.0,14.0,0.10940434854652853,4184.635349964665,4148.625033173119,11610.254613487103,0.4010027194176107,0.38,0.523659038535264,2.495794418421565,0.5874563762085265,1949.0
917,2.0,0.5,1.0,0.4,3.0,7.0,14.0,0.12488715463552481,4286.156451576997,4070.889937966253,11390.69147343962,0.399845669553041,0.385,0.5275639899256135,2.4991266652473616,0.5866934607874058,1916.0
918,2.0,0.5,1.0,0.4,3.0,8.0,14.0,0.12403019058593806,4241.187818463718,3968.754100354707,11623.684412767889,0.39900855624331844,0.38,0.5212327229702225,2.5080303367109877,0.5862895518316129,1918.5
919,2.0,0.5,1.0,0.4,4.0,6.0,14.0,0.09870805584119374,3541.281301282172,4145.343342658947,11548.984787775298,0.38392761040468526,0.38,0.547587365236814,2.5297420404630815,0.5853706573358439,1686.5
920,2.0,0.5,1.0,0.4,4.0,7.0,14.0,0.10698125719078394,3526.235957290755,4134.185666825685,11670.482586917733,0.3727363015182815,0.38,0.5514326885572713,2.5576450254922687,0.58076900517115,1664.5
921,2.0,0.5,1.0,0.4,4.0,8.0,14.0,0.11605631872002024,3486.416280938073,4062.0522185233667,11498.244531517044,0.3748499699206198,0.385,0.5482528281953839,2.5591119921101506,0.5821876572585712,1651.5
922,2.0,0.5,1.0,0.4,5.0,6.0,14.0,0.14878986637938504,3120.3936476435233,4128.0626301404,11643.506445851719,0.35539351296270566,0.385,0.5726505227610542,2.6064483695639318,0.5785932242374823,1541.5
923,2.0,0.5,1.0,0.4,5.0,7.0,14.0,0.14521640884033138,3155.261294460928,4084.347512976015,11447.013432781561,0.3550126793041709,0.38,0.5748880110909078,2.6004039879565086,0.5773249775711407,1516.0
924,2.0,0.5,1.0,0.4,5.0,8.0,14.0,0.15901326591120862,3106.3885097815514,3971.740999866144,11622.710049267233,0.3538578584403431,0.385,0.5733014073136273,2.6077712039890555,0.5784809558992973,1513.5
925,2.0,0.5,1.0,0.4,6.0,6.0,14.0,0.16858963888901313,2851.5858793371726,4151.787908616371,11640.351869945069,0.3440891166057396,0.38,0.5859226942972466,2.6288141429826872,0.5778858402585435,1468.5
926,2.0,0.5,1.0,0.4,6.0,7.0,14.0,0.1716252777765297,2857.2539812192117,4086.634140754797,11420.658486215061,0.34420419729874135,0.38,0.5895525019830937,2.643091342739141,0.5762868219616001,1439.5
927,2.0,0.5,1.0,0.4,6.0,8.0,14.0,0.1721828328357215,2921.00307519719,4089.5535523256935,11384.840044832878,0.3421459750239401,0.385,0.5897950451288458,2.631348042989116,0.5837195821714363,1430.0
928,2.0,0.5,1.0,0.4,7.0,6.0,14.0,0.1796839182518903,2780.6224023538553,4158.799394350604,11559.088991989462,0.3392241528803801,0.385,0.5858998369923352,2.6471579447377245,0.5788178102868187,1421.5
929,2.0,0.5,1.0,0.4,7.0,7.0,14.0,0.179712323839927,2786.735257697129,4093.7266772709627,11371.709250559481,0.3379700727144027,0.38,0.5943370766491121,2.640946126837667,0.5721566574448657,1406.0
930,2.0,0.5,1.0,0.4,7.0,8.0,14.0,0.1861378972231966,2808.466958918643,4028.024689039911,11412.023424779662,0.33698299095553264,0.385,0.586420612597894,2.634630575929977,0.5761727023973855,1393.5
931,2.0,0.5,1.4,0.4,3.0,6.0,14.0,0.14760049766688743,4227.074725948832,4171.550985038085,11660.679780332144,0.3459441908060453,0.385,0.5734571788413099,2.60233057284298,0.5847979666116041,1952.5
932,2.0,0.5,1.4,0.4,3.0,7.0,14.0,0.14628288835767905,4182.580922053007,4130.483076052574,11603.247869533168,0.34044491981165903,0.38,0.5813592255159932,2.5958576115823266,0.5899829888640566,1919.0
933,2.0,0.5,1.4,0.4,3.0,8.0,14.0,0.14667238086990808,4186.8337186778435,4071.2325382888907,11840.894667907602,0.339235235343361,0.375,0.5791851421781751,2.6097270910590487,0.5886049353501513,1924.5
934,2.0,0.5,1.4,0.4,4.0,6.0,14.0,0.14507271456677445,3536.4163030867758,4061.539560360372,11727.42018918985,0.3204835507657402,0.385,0.6023681225184345,2.6584769145506466,0.5791064137965589,1680.0
935,2.0,0.5,1.4,0.4,4.0,7.0,14.0,0.13887775900370333,3515.807193332601,4072.48043117823,11487.768529983283,0.32587888033718826,0.38,0.599057469231056,2.658327918741068,0.5846182293963069,1654.5
936,2.0,0.5,1.4,0.4,4.0,8.0,14.0,0.14086746112544546,3590.2733860049857,4019.559263273026,11568.028023970171,0.32522032778447385,0.385,0.5977468919246267,2.638614145045489,0.581736533350672,1647.0
937,2.0,0.5,1.4,0.4,5.0,6.0,14.0,0.17153162481554576,3150.605775136433,4181.2063352420955,11865.35994486515,0.3089868765206234,0.385,0.6175376138367699,2.6860049903450767,0.5768951177863967,1539.0
938,2.0,0.5,1.4,0.4,5.0,7.0,14.0,0.18013303620763665,3089.3603334973586,4030.8454570077965,11654.346294196705,0.3086289573447817,0.38,0.6163757392223523,2.6862936304822744,0.5828286007814083,1520.5
939,2.0,0.5,1.4,0.4,5.0,8.0,14.0,0.1797588552075596,3106.2122434441817,4056.3632920478485,11584.38040496279,0.30505429066221856,0.38,0.6182030428269392,2.7027406728671224,0.5814902783374032,1503.5
940,2.0,0.5,1.4,0.4,6.0,6.0,14.0,0.1840152743099405,2903.0229262910298,4192.4542180803655,11680.226997453328,0.3086904848869684,0.38,0.6133870723031709,2.7005291015001553,0.5779329054340908,1462.0
941,2.0,0.5,1.4,0.4,6.0,7.0,14.0,0.1938119907583211,2908.8092308899422,4077.2488436089307,11752.946824769611,0.308296701678918,0.385,0.6274202353468153,2.7001177617534693,0.5772578401373021,1440.0
942,2.0,0.5,1.4,0.4,6.0,8.0,14.0,0.18706321064926856,2962.482184096816,4103.645571278827,11644.612360479336,0.304816921686744,0.38,0.620210383665105,2.705833793778897,0.5739881578599634,1435.0
943,2.0,0.5,1.4,0.4,7.0,6.0,14.0,0.19915865553824938,2775.478484469149,4160.653185157891,11881.839949203568,0.3005591087556708,0.38,0.623954272395566,2.721504742684848,0.5801130845560456,1421.5
944,2.0,0.5,1.4,0.4,7.0,7.0,14.0,0.20474661345509898,2773.0507494181197,4108.310421418323,11589.279004105454,0.29615187086179273,0.38,0.6271092748123295,2.7248315521122217,0.5786120104394106,1397.5
945,2.0,0.5,1.4,0.4,7.0,8.0,14.0,0.20073342929531077,2807.8619882363664,4069.3030776136206,11750.59822921364,0.3024565893418353,0.38,0.6185415898530653,2.7028769950221667,0.579716484043707,1392.5
946,2.0,0.5,1.8,0.4,3.0,6.0,14.0,0.17268891898264546,4211.4982452595905,4157.870320401171,11590.620764956911,0.30326069502898767,0.385,0.621704021094265,2.7109706806735616,0.5871923344203838,1946.0
947,2.0,0.5,1.8,0.4,3.0,7.0,14.0,0.1704747687766677,4171.9330371995275,4090.589176035854,11812.128177766534,0.30218251657136047,0.38,0.6226905063102549,2.6990160326776085,0.5835427434743388,1921.5
948,2.0,0.5,1.8,0.4,3.0,8.0,14.0,0.18034457404232782,4172.27869551904,4019.504349973947,11790.721986121309,0.2983943739972473,0.385,0.6224877226416478,2.714846698646224,0.5880739276676128,1919.5
949,2.0,0.5,1.8,0.4,4.0,6.0,14.0,0.1580682697649271,3546.41694964763,4174.143115339379,11477.415518862686,0.2873952020508746,0.385,0.6326938163672712,2.7430757372051753,0.5852827132632075,1673.5
950,2.0,0.5,1.8,0.4,4.0,7.0,14.0,0.16486457153326442,3475.875788570726,4081.6689197526166,11803.903323146224,0.2922828464689202,0.385,0.6323163343385696,2.7354143748239137,0.5771988928159177,1667.0
951,2.0,0.5,1.8,0.4,4.0,8.0,14.0,0.16119669944582415,3519.6904082027204,4050.5401005407275,11780.283991459013,0.29627910737445434,0.385,0.6251553197020617,2.725329057731974,0.5819029695976462,1661.0
952,2.0,0.5,1.8,0.4,5.0,6.0,14.0,0.1906745485997382,3130.6417426199678,4156.524182287126,11566.18864642306,0.2813075306805739,0.385,0.6386548077072851,2.747695146980815,0.576770602193428,1542.0
953,2.0,0.5,1.8,0.4,5.0,7.0,14.0,0.18617320941390883,3128.6765208041224,4099.681917658543,11821.01841281804,0.2878387659953159,0.38,0.6361058547584785,2.7367837076425072,0.5814331877737469,1515.5
954,2.0,0.5,1.8,0.4,5.0,8.0,14.0,0.19574338548668335,3104.8910931516693,4005.8790335953527,11493.388817223,0.28925199790209166,0.385,0.6369711893184464,2.7617815935218655,0.5817555155778489,1500.5
955,2.0,0.5,1.8,0.4,6.0,6.0,14.0,0.20551409530338108,2931.6714289129022,4125.236148287973,11858.38986954654,0.2817329709072817,0.385,0.6456841180660114,2.7532034932923763,0.5759212311991515,1464.5
956,2.0,0.5,1.8,0.4,6.0,7.0,14.0,0.21082073670521742,2902.833142011492,4119.256534346943,11645.591091974118,0.27662271805273836,0.385,0.6468475321162948,2.768849611357341,0.5762073872870448,1435.5
957,2.0,0.5,1.8,0.4,6.0,8.0,14.0,0.20442395964822457,2911.9968252630188,4100.7497686902,11733.534874005447,0.2816311370247083,0.38,0.6416046119418295,2.7640736640149726,0.5760385411210325,1435.0
958,2.0,0.5,1.8,0.4,7.0,6.0,14.0,0.21280286552481592,2764.95233864916,4169.792845936811,11713.235400057045,0.2843714453968719,0.385,0.6498121744020402,2.7705093487953283,0.5803879313963975,1427.5
959,2.0,0.5,1.8,0.4,7.0,7.0,14.0,0.21737240901550145,2735.6196721499264,4090.8179619559787,11686.578994173764,0.28075396825396826,0.38,0.648628597304094,2.7679023037165704,0.5791308016385557,1407.5
960,2.0,0.5,1.8,0.4,7.0,8.0,14.0,0.22010417209117558,2816.112779951348,4069.452936106278,11809.96941651659,0.2753290981389645,0.385,0.6461464651886843,2.7877697008474804,0.5803660654006585,1392.5
961,2.0,0.5,2.2,0.4,3.0,6.0,14.0,0.18841278525002886,4171.3900274167645,4230.342969853109,12104.939290579032,0.2466943704374841,0.37,0.6698623417738228,2.8679000354737063,0.5883093044080454,1946.5
962,2.0,0.5,2.2,0.4,3.0,7.0,14.0,0.2020685721537543,4236.474099551926,4126.83829065515,12141.17355061802,0.24679504283428016,0.375,0.6638108683125509,2.855857440798073,0.588017386058823,1926.5
963,2.0,0.5,2.2,0.4,3.0,8.0,14.0,0.19674068244393567,4210.0017379977735,4090.779016974202,12176.038853694115,0.24962459466810422,0.37,0.6656577139416799,2.8549468886019773,0.5853858507198468,1919.5
964,2.0,0.5,2.2,0.4,4.0,6.0,14.0,0.16867317640821655,3561.344809605474,4236.594567303647,12151.16414954967,0.24954615768144106,0.375,0.6654542897687321,2.836720410904335,0.5796241031128653,1678.5
965,2.0,0.5,2.2,0.4,4.0,7.0,14.0,0.1762462328537892,3531.631560656746,4121.6686811723275,12029.049724090723,0.25052143140865923,0.375,0.6599470985447586,2.8362901873622492,0.5810451585075801,1664.5
966,2.0,0.5,2.2,0.4,4.0,8.0,14.0,0.1785879388824851,3475.825403345165,4106.169697351164,12126.683852562932,0.24793983605455017,0.37,0.6625712841670517,2.8376491080596358,0.5802719382076407,1663.5
967,2.0,0.5,2.2,0.4,5.0,6.0,14.0,0.19582894700493386,3161.269070381448,4166.37510384288,12207.346345956345,0.25556524715043905,0.375,0.6615325829591379,2.837919265706331,0.5791161795061932,1540.0
968,2.0,0.5,2.2,0.4,5.0,7.0,14.0,0.2025128909222178,3077.168597197691,4160.638181356544,12199.01897612749,0.24801683190190826,0.37,0.6724847076855098,2.846065399179972,0.5792089089001596,1523.0
969,2.0,0.5,2.2,0.4,5.0,8.0,14.0,0.19612157807308045,3165.986271955049,4186.0462948859995,12108.970270301967,0.24640714941771194,0.37,0.6687101670791645,2.8533838270202283,0.5787150020610127,1511.0
970,2.0,0.5,2.2,0.4,6.0,6.0,14.0,0.2177906178605557,2958.146197977331,4136.926287850782,12207.159594727502,0.24433065956971636,0.375,0.6669866187746594,2.842644277725511,0.574820228296179,1467.0
971,2.0,0.5,2.2,0.4,6.0,7.0,14.0,0.21621288840266517,2973.477741595658,4094.850452284494,12016.991062175122,0.24902669632925473,0.375,0.6635381905821283,2.831620686939152,0.5785488057556809,1440.0
972,2.0,0.5,2.2,0.4,6.0,8.0,14.0,0.21452978534977823,2937.910515394984,4131.96040119978,12132.999754035107,0.24618432734331663,0.37,0.6617150021410734,2.8461510030878685,0.5822681114729702,1440.0
973,2.0,0.5,2.2,0.4,7.0,6.0,14.0,0.2201267662496887,2820.080120188185,4195.514951971507,11997.633981303172,0.250781741043369,0.375,0.669254792583281,2.847199979004617,0.5757312028634867,1428.0
974,2.0,0.5,2.2,0.4,7.0,7.0,14.0,0.2271234445515993,2768.103669714672,4110.712011173485,12165.435270122318,0.24617612554648524,0.37,0.6725173231255099,2.8577514842267835,0.5767398745410727,1405.0
975,2.0,0.5,2.2,0.4,7.0,8.0,14.0,0.2316090097195861,2821.1164762099215,4055.7668614779004,12207.11953161983,0.24393712420723168,0.375,0.6644996808335393,2.85461378106829,0.5781152989759806,1394.5
976,2.0,0.5,2.6,0.4,3.0,6.0,14.0,0.19644186592803298,4223.682733062439,4204.931352842159,12191.419252131594,0.22868739673916044,0.36,0.6768631799958913,2.89209545165427,0.5863506034305817,1950.0
977,2.0,0.5,2.6,0.4,3.0,7.0,14.0,0.20699427240957602,4270.312564223903,4132.203170560862,12158.14746027545,0.22914417542172938,0.365,0.6782053834396458,2.9029403800262843,0.5855369852609449,1925.5
978,2.0,0.5,2.6,0.4,3.0,8.0,14.0,0.2028866799349963,4168.507573408235,4110.996170388278,12137.991143640076,0.22641696166876024,0.365,0.6730044535799932,2.901437993723955,0.5901986815378804,1918.0
979,2.0,0.5,2.6,0.4,4.0,6.0,14.0,0.16324939009381018,3582.954797003408,4214.52707658874,12173.724593788455,0.2327389866907796,0.355,0.6729894882590635,2.8815680586668133,0.5835855379063366,1683.0
980,2.0,0.5,2.6,0.4,4.0,7.0,14.0,0.17964486197514112,3525.1224419207374,4215.484238212077,12156.493573071995,0.22438817791806714,0.365,0.6768781076526799,2.8927233210328738,0.5799790566772005,1665.0
981,2.0,0.5,2.6,0.4,4.0,8.0,14.0,0.17826028895879287,3588.394273620782,4142.76920016141,12122.166878468452,0.22608249766682179,0.365,0.6785771951554835,2.8974393244122734,0.5830910961871448,1653.0
982,2.0,0.5,2.6,0.4,5.0,6.0,14.0,0.20106944522422035,3150.0093900432003,4177.432362290197,12253.379765458169,0.23431563254056126,0.365,0.6762747650121321,2.868971137469388,0.57859254975937,1542.5
983,2.0,0.5,2.6,0.4,5.0,7.0,14.0,0.20807132449304888,3103.3857347500034,4131.776697652711,12132.80371800203,0.22557557932761038,0.36,0.6757778994274717,2.8887409772953836,0.5771863541498945,1515.0
984,2.0,0.5,2.6,0.4,5.0,8.0,14.0,0.2039012070522339,3127.6983764576476,4177.840314264646,12218.265981080644,0.22568578172256587,0.36,0.6769000507711358,2.8894004837217695,0.574671421576388,1513.5
985,2.0,0.5,2.6,0.4,6.0,6.0,14.0,0.21495203711121158,2863.6336551937866,4222.2801943781615,12135.015820601253,0.2330436758479331,0.36,0.6719514430197939,2.8723291951653764,0.5791107607224382,1463.0
986,2.0,0.5,2.6,0.4,6.0,7.0,14.0,0.22012195146186414,2903.2281712046765,4103.230882281276,12228.08243909773,0.23057440118095507,0.36,0.6785638453838609,2.880397632972791,0.5769409704959773,1442.0
987,2.0,0.5,2.6,0.4,6.0,8.0,14.0,0.22289058631456576,2931.232981385211,4152.901357847977,12172.228499199358,0.22464856974782943,0.365,0.6757046301652742,2.8833410056475497,0.5793734568977829,1432.0
988,2.0,0.5,2.6,0.4,7.0,6.0,14.0,0.22327922481208007,2826.1619761683487,4202.835762385266,12080.646314322104,0.23141114793553097,0.365,0.676604081592393,2.877542768220977,0.5775059642662772,1424.5
989,2.0,0.5,2.6,0.4,7.0,7.0,14.0,0.22322107641934308,2819.4034549319413,4188.504255159626,12120.745366987449,0.2271992989111073,0.36,0.6764900435781667,2.868810674124389,0.5794212434863449,1400.5
990,2.0,0.5,2.6,0.4,7.0,8.0,14.0,0.2306526930055763,2772.520591175409,4167.414814952795,12288.54497764326,0.22828549156272926,0.365,0.6825550766283526,2.8889445512019765,0.5790820870389564,1401.5
991,2.0,0.7,0.6,0.4,3.0,6.0,14.0,0.11070068878926952,4204.574428981177,4157.503869381777,11689.651319757002,0.4333505978977357,0.385,0.49256937371868686,2.4565279308673222,0.5850075915031723,1946.5
992,2.0,0.7,0.6,0.4,3.0,7.0,14.0,0.11028911727298545,4214.248506014181,4131.32234482638,11563.3070658554,0.4292094455852156,0.385,0.4922590528340015,2.4573238480110255,0.5889884165124348,1919.0
993,2.0,0.7,0.6,0.4,3.0,8.0,14.0,0.11878074607231695,4258.693822811665,4051.6228991334797,11418.96176843502,0.43127500292944254,0.385,0.48989657151180044,2.4637915595554767,0.5903874852397127,1911.5
994,2.0,0.7,0.6,0.4,4.0,6.0,14.0,0.09379120889548397,3490.8372955409786,4179.854029031567,11527.062744511142,0.4011643971484295,0.385,0.5325869699166683,2.526976759416303,0.5816661268309888,1688.0
995,2.0,0.7,0.6,0.4,4.0,7.0,14.0,0.09047808944199506,3541.6336210772497,4140.273211646319,11379.097263348129,0.39816982730445155,0.38,0.5293885085570988,2.534268285740546,0.5800712730957297,1652.5
996,2.0,0.7,0.6,0.4,4.0,8.0,14.0,0.09850068757498419,3585.8480329400727,3934.7485793104147,11471.972190637298,0.3981585079173407,0.38,0.5339863313451608,2.536041195979726,0.5761641441813297,1645.5
997,2.0,0.7,0.6,0.4,5.0,6.0,14.0,0.13294404995883236,3079.964934413002,4147.65973236525,11473.069274568605,0.3784696617865496,0.38,0.5527678060179892,2.5831307482823913,0.5853165374835111,1539.0
998,2.0,0.7,0.6,0.4,5.0,7.0,14.0,0.13948774130886227,3066.268654666126,4126.157496599805,11420.137665426904,0.37732466580894286,0.385,0.5619718444359945,2.5811717032830304,0.5805712576346189,1518.5
999,2.0,0.7,0.6,0.4,5.0,8.0,14.0,0.14196206044066279,3140.120443041935,4037.0537656144766,11587.890037986428,0.36644700873565406,0.38,0.5577826796241057,2.60364206027485,0.5822157201415085,1507.0
1000,2.0,0.7,0.6,0.4,6.0,6.0,14.0,0.15648000305667878,2845.4642815478037,4156.774678307924,11662.045075079553,0.3646785797814877,0.38,0.5740495309373457,2.616961869881071,0.5743839890671416,1469.0
1001,2.0,0.7,0.6,0.4,6.0,7.0,14.0,0.16254314730036587,2909.057925840025,4112.644381000484,11452.548561541149,0.3576182199209854,0.385,0.582285345203232,2.6184872754331265,0.5838452376864518,1439.5
1002,2.0,0.7,0.6,0.4,6.0,8.0,14.0,0.16148457402679872,2940.2552706509027,4014.7040542838304,11518.380630194813,0.36466655698462913,0.385,0.5765900528013177,2.6054844872375096,0.576064344963447,1442.5
1003,2.0,0.7,0.6,0.4,7.0,6.0,14.0,0.16852249139866832,2783.0096134048226,4173.23452812882,11434.789829540921,0.35640720199968756,0.385,0.5787533197937822,2.6247051867562337,0.5778211698658161,1432.0
1004,2.0,0.7,0.6,0.4,7.0,7.0,14.0,0.1726182129398845,2856.835550672784,4030.2083685185853,11436.425744175218,0.3540196327518156,0.385,0.5852126036242038,2.6384703667427782,0.5771295615097103,1405.0
1005,2.0,0.7,0.6,0.4,7.0,8.0,14.0,0.18246464573237017,2764.482316647876,4025.3952685067748,11662.360314139874,0.3483738543490268,0.385,0.5870133031259069,2.6336153849929813,0.583190278363446,1387.5
1006,2.0,0.7,1.0,0.4,3.0,6.0,14.0,0.11807624623339799,4191.983391051977,4192.018155748374,11785.308953778462,0.3897291717434093,0.385,0.5255589410818546,2.5027752913742347,0.5858449939792504,1942.0
1007,2.0,0.7,1.0,0.4,3.0,7.0,14.0,0.12143005807671337,4179.682844301164,4085.615209704155,11455.671189174916,0.38590282315699326,0.38,0.5317359637892451,2.5190082731968673,0.5843554636428983,1917.5
1008,2.0,0.7,1.0,0.4,3.0,8.0,14.0,0.12587381996022873,4176.0144617611195,4050.3979977654617,11513.136345227515,0.3875512457500191,0.385,0.5348913863410261,2.52610575572694,0.5842444756136227,1913.0
1009,2.0,0.7,1.0,0.4,4.0,6.0,14.0,0.104392985791735,3596.6816931346375,4171.592162141655,11564.776118017933,0.3657404130628654,0.38,0.5606031383151904,2.565790065708776,0.579584517455951,1681.5
1010,2.0,0.7,1.0,0.4,4.0,7.0,14.0,0.12076164635047248,3495.8002004197974,4106.261101462094,11552.386578854112,0.36190757181557276,0.385,0.5580700862866997,2.572424062261298,0.5854161329654568,1661.5
1011,2.0,0.7,1.0,0.4,4.0,8.0,14.0,0.11254736332902865,3586.002053201142,4022.2240518388,11476.201088254975,0.3666788369622942,0.38,0.5595149583997168,2.564128214659812,0.5809273011944496,1647.0
1012,2.0,0.7,1.0,0.4,5.0,6.0,14.0,0.1464261571925231,3127.7982868468916,4207.435402928399,11515.064875529151,0.3513902101530745,0.385,0.5692362216874989,2.598043171442308,0.583459874642015,1536.5
1013,2.0,0.7,1.0,0.4,5.0,7.0,14.0,0.1566779840327888,3117.3429097864337,4074.545299316158,11624.346454958537,0.3472981827712738,0.385,0.5754988642320461,2.6166067443384144,0.5779750971347156,1513.5
1014,2.0,0.7,1.0,0.4,5.0,8.0,14.0,0.15730362455900004,3095.8741299889116,4108.534409519631,11446.14659514006,0.34562397359846564,0.385,0.5744940636687452,2.6063456217752754,0.5771441830870561,1514.5
1015,2.0,0.7,1.0,0.4,6.0,6.0,14.0,0.16659832746709782,2877.1458781707197,4158.931194597794,11615.043274195436,0.34389643146232857,0.38,0.5853417821841682,2.621799574783256,0.577655159098925,1460.0
1016,2.0,0.7,1.0,0.4,6.0,7.0,14.0,0.16578527226221063,2883.330818566519,4088.4996799441547,11510.95403447531,0.3445295794725588,0.375,0.5905815662865288,2.634602203690285,0.5766468523012135,1437.5
1017,2.0,0.7,1.0,0.4,6.0,8.0,14.0,0.17400963896094931,2905.6188338312695,4091.8815744997737,11467.567424689847,0.34061067959984925,0.385,0.5830750343385722,2.6344090565704246,0.5823562461448176,1435.0
1018,2.0,0.7,1.0,0.4,7.0,6.0,14.0,0.1783192345376218,2755.135081326523,4176.487194485378,11389.551091997711,0.33645079254280363,0.38,0.5932938761264617,2.6403183524069593,0.5790651878782248,1429.0
1019,2.0,0.7,1.0,0.4,7.0,7.0,14.0,0.180312797197039,2815.799580832657,4051.0354707191013,11497.411313854594,0.33750613647520866,0.38,0.5937162493863525,2.653520084170865,0.5776398634015886,1406.5
1020,2.0,0.7,1.0,0.4,7.0,8.0,14.0,0.18378197262482346,2853.2300280029804,4116.918452882432,11637.470508629407,0.32787802016203305,0.385,0.5950221357553631,2.6607572582619987,0.579710779477681,1397.0
1021,2.0,0.7,1.4,0.4,3.0,6.0,14.0,0.15579432025514034,4240.372101093304,4137.558490711963,11624.29990999223,0.3367409824514399,0.385,0.5878453819592595,2.625093803475195,0.5863659319419492,1947.5
1022,2.0,0.7,1.4,0.4,3.0,7.0,14.0,0.15882977003892795,4246.903164370862,4080.850115396759,11544.817346006192,0.33111568203417363,0.38,0.5813742151119508,2.628381874745689,0.5886553870907234,1924.0
1023,2.0,0.7,1.4,0.4,3.0,8.0,14.0,0.16245856089922034,4241.712720315263,4056.055060766461,11519.38655561204,0.33302388426116525,0.385,0.5869096262256597,2.6311426832844407,0.5862244547112876,1920.5
1024,2.0,0.7,1.4,0.4,4.0,6.0,14.0,0.14449375453857088,3508.0723121264637,4177.514370202447,11736.098971170351,0.3142417364205031,0.385,0.6022726953107421,2.6784283849206143,0.5812139525235571,1687.0
1025,2.0,0.7,1.4,0.4,4.0,7.0,14.0,0.1491047293634219,3530.1171789874306,4034.718895983713,11658.273735804036,0.316834555646339,0.385,0.6043662376875674,2.6708898300968125,0.5763289714733042,1661.0
1026,2.0,0.7,1.4,0.4,4.0,8.0,14.0,0.14814255418718406,3489.2835495331856,4087.1812161097796,11735.034906775098,0.3183612071652784,0.385,0.6087976555533807,2.6669208321720053,0.5828399573792977,1661.5
1027,2.0,0.7,1.4,0.4,5.0,6.0,14.0,0.17379947629199502,3102.6019125040425,4128.880071124828,11595.190625222185,0.3089560349538115,0.38,0.6174555035440186,2.6962910319807527,0.5811057178549857,1527.5
1028,2.0,0.7,1.4,0.4,5.0,7.0,14.0,0.18094521475393785,3106.601747695677,4073.618320321536,11666.995680448417,0.30782953271421576,0.385,0.6140073883544375,2.693040170832224,0.5789179291354061,1510.5
1029,2.0,0.7,1.4,0.4,5.0,8.0,14.0,0.18699930131881032,3100.565451801938,4017.9459386510025,11592.57894147723,0.3033473691472115,0.385,0.6175220818640834,2.713821734883828,0.5851720262098266,1504.5
1030,2.0,0.7,1.4,0.4,6.0,6.0,14.0,0.1912500986768664,2864.5382964304254,4144.186860636952,11759.036560799916,0.30523535952557446,0.38,0.6202464788732394,2.721684761676296,0.5773101179435247,1470.0
1031,2.0,0.7,1.4,0.4,6.0,7.0,14.0,0.19119466489569342,2925.7757545259883,4112.060012857429,11623.435286467637,0.3012784510825112,0.38,0.6260859455814872,2.7107000614137977,0.5823765406855117,1436.0
1032,2.0,0.7,1.4,0.4,6.0,8.0,14.0,0.2007168435178259,2897.9504894393135,4054.9298722534218,11503.685663666605,0.2999332497456149,0.385,0.6278255217385598,2.714834473685422,0.577563785357865,1435.0
1033,2.0,0.7,1.4,0.4,7.0,6.0,14.0,0.19784805941615527,2836.248803330314,4160.254987956863,11575.554992281028,0.30227511713440397,0.385,0.6214762903894419,2.7045533938337893,0.5741970299575097,1429.5
1034,2.0,0.7,1.4,0.4,7.0,7.0,14.0,0.20454605882084745,2829.0882639336733,4078.190266927494,11763.051532943287,0.2992111548458065,0.385,0.6273937317804927,2.7262156779229354,0.5775352243758656,1406.0
1035,2.0,0.7,1.4,0.4,7.0,8.0,14.0,0.2086833220763273,2813.827641751169,4047.6919602351127,11735.442075505474,0.2967312825227358,0.385,0.6257875930445471,2.7193066280417137,0.5771543665384673,1404.0
1036,2.0,0.7,1.8,0.4,3.0,6.0,14.0,0.17115462867895545,4208.064936906774,4153.019212201416,11710.037917352434,0.29952177674675085,0.38,0.6231715381633143,2.7113231393106108,0.5858546609927361,1946.0
1037,2.0,0.7,1.8,0.4,3.0,7.0,14.0,0.17738625931768848,4228.677728445338,4085.545566825405,11687.572760823607,0.29745374517743456,0.38,0.6215823986813345,2.720609284206447,0.5863638018712365,1919.5
1038,2.0,0.7,1.8,0.4,3.0,8.0,14.0,0.18432958673216981,4209.889787442889,4033.6750720103655,11679.633128343829,0.2946869488536155,0.385,0.626763668430335,2.7230666672255666,0.585203804445203,1917.0
1039,2.0,0.7,1.8,0.4,4.0,6.0,14.0,0.1624767458738309,3473.317965766356,4076.9856188374224,11755.78790834388,0.29064157231918786,0.38,0.6329532937395669,2.7433390703145193,0.5796677020437626,1679.0
1040,2.0,0.7,1.8,0.4,4.0,7.0,14.0,0.1548722663756494,3537.230189509767,4145.600234494389,11692.179754548557,0.2900076304106548,0.38,0.6285146133925268,2.735740382301528,0.5838220956697499,1664.0
1041,2.0,0.7,1.8,0.4,4.0,8.0,14.0,0.15888588566930534,3538.782325306601,4080.6550064103662,11807.84296517621,0.288927292382136,0.38,0.63044498209335,2.733425081612837,0.5847122919132043,1649.5
1042,2.0,0.7,1.8,0.4,5.0,6.0,14.0,0.1842722547561473,3168.62448429037,4179.24471615155,11495.478214835612,0.2857174577234617,0.385,0.6379659047077691,2.745302086968398,0.5798100914338281,1538.5
1043,2.0,0.7,1.8,0.4,5.0,7.0,14.0,0.19463060612704075,3126.4656709081974,4026.659668940145,11566.554347007474,0.2804453270604553,0.38,0.6375501889349898,2.755091203294964,0.5790921735845362,1512.0
1044,2.0,0.7,1.8,0.4,5.0,8.0,14.0,0.19587366226259867,3177.2922578337884,3994.324882983392,11716.899781914512,0.28186882799076696,0.385,0.6426256963848731,2.7627383662670466,0.5766837267241764,1519.0
1045,2.0,0.7,1.8,0.4,6.0,6.0,14.0,0.20104131822904348,2931.033153678738,4172.666802996894,11737.413632371099,0.2850556665311056,0.385,0.6411318059281388,2.7452815258040615,0.5820188462257803,1456.5
1046,2.0,0.7,1.8,0.4,6.0,7.0,14.0,0.21185523865060238,2909.182534927004,4081.2475842501976,11560.624138747731,0.27758227435646793,0.385,0.6539263603779732,2.7689493235604594,0.5725178155188764,1440.0
1047,2.0,0.7,1.8,0.4,6.0,8.0,14.0,0.20737418767491425,2924.164927419699,4062.9697738245336,11785.694475127792,0.27869243617275113,0.38,0.6491582544712426,2.761422703707861,0.5761723390240738,1447.0
1048,2.0,0.7,1.8,0.4,7.0,6.0,14.0,0.21071392384555138,2811.0776579769736,4242.72433850146,11794.208444918475,0.2760985659415043,0.385,0.640033460709001,2.782846896166319,0.5781026336907187,1426.5
1049,2.0,0.7,1.8,0.4,7.0,7.0,14.0,0.21393361507640943,2821.82031901589,4103.539877361626,11752.986009992994,0.2819846518907457,0.385,0.6457408996819307,2.7700846237617984,0.5749624269015565,1408.0
1050,2.0,0.7,1.8,0.4,7.0,8.0,14.0,0.21569121673955233,2799.2203371973283,4102.59087175719,11633.968186621498,0.27531411677753137,0.38,0.6503089307967356,2.777116219801223,0.5816505199082611,1398.0
1051,2.0,0.7,2.2,0.4,3.0,6.0,14.0,0.19611377373589498,4243.7856328088965,4246.978114203865,12231.770200501865,0.2404636174295226,0.37,0.6708514368453045,2.872352147620923,0.5884087393004707,1944.5
1052,2.0,0.7,2.2,0.4,3.0,7.0,14.0,0.20398496720995746,4224.315884144721,4113.279072211434,12118.411211235389,0.24341692009114618,0.375,0.6657580207764753,2.867562501052114,0.5915193725734802,1922.0
1053,2.0,0.7,2.2,0.4,3.0,8.0,14.0,0.19914638381622257,4220.089329128063,4056.542873130245,12053.556812892573,0.24344003117219915,0.365,0.6748746999839554,2.8866025405634512,0.5839908785624295,1914.5
1054,2.0,0.7,2.2,0.4,4.0,6.0,14.0,0.1747508334043581,3513.149378635928,4204.935749943117,12086.850203477497,0.2412786005336567,0.37,0.6648158168442949,2.853699998715749,0.5829200459425149,1688.5
1055,2.0,0.7,2.2,0.4,4.0,7.0,14.0,0.17324268268308507,3582.6484957064927,4111.355728524241,12155.9455800722,0.24435068944227206,0.37,0.6757185977910407,2.8624971468314735,0.5825362199857599,1664.5
1056,2.0,0.7,2.2,0.4,4.0,8.0,14.0,0.177612710448535,3591.6024532363663,4098.630150604277,12008.567691829841,0.24350219785002392,0.375,0.6727771249510379,2.8635293951298193,0.58060437137137,1661.0
1057,2.0,0.7,2.2,0.4,5.0,6.0,14.0,0.19579938294393637,3078.6287731574794,4228.4072272958965,11997.888204049534,0.2530378370289288,0.37,0.6684611837423227,2.842307359347271,0.5814384872914309,1543.0
1058,2.0,0.7,2.2,0.4,5.0,7.0,14.0,0.20232123879242891,3071.5108742247107,4176.677339169305,12248.527012607516,0.24753794641701987,0.37,0.6693290397257887,2.8509709951816666,0.5818500110777782,1523.5
1059,2.0,0.7,2.2,0.4,5.0,8.0,14.0,0.19909164539937318,3179.4290531886318,4095.8009601473677,12188.304734097055,0.24164355241925223,0.365,0.6752601065785444,2.871508644277748,0.5769459393047762,1510.5
1060,2.0,0.7,2.2,0.4,6.0,6.0,14.0,0.214215426165149,2920.8740026986115,4192.967194149203,11939.593268314657,0.24952196623449302,0.375,0.6715534931442962,2.855271249736818,0.5772584656890991,1465.0
1061,2.0,0.7,2.2,0.4,6.0,7.0,14.0,0.21292684542621643,2956.1917143987193,4116.547650545105,12141.340145007325,0.24819158591267584,0.37,0.6695094351620443,2.846352251098688,0.5769793422170428,1441.5
1062,2.0,0.7,2.2,0.4,6.0,8.0,14.0,0.22166932877633883,2915.0541709699773,4075.657383442329,12206.195649867295,0.24820462250148714,0.375,0.6739889481171757,2.8509897584448396,0.5786961178206151,1442.5
1063,2.0,0.7,2.2,0.4,7.0,6.0,14.0,0.22511223294479568,2776.4499090620875,4176.386089425339,12166.304202102308,0.2427054194015834,0.37,0.6690844711285604,2.847779466085962,0.5799353444639178,1416.5
1064,2.0,0.7,2.2,0.4,7.0,7.0,14.0,0.22551900648768408,2824.160734937698,4099.866764005167,12265.486033431687,0.23713168452592553,0.365,0.6802285308008735,2.868024041205789,0.5716841425328536,1404.0
1065,2.0,0.7,2.2,0.4,7.0,8.0,14.0,0.22917028065701067,2854.3508317167843,4056.4381525132294,12270.320473242473,0.24420841712092856,0.375,0.6745187247357363,2.8421384590581313,0.579369897633538,1398.5
1066,2.0,0.7,2.6,0.4,3.0,6.0,14.0,0.19081960035614398,4168.744007388797,4265.315421784888,12225.549569045193,0.22647992886178864,0.36,0.6769372459349594,2.8995495459037866,0.5906857553207743,1944.0
1067,2.0,0.7,2.6,0.4,3.0,7.0,14.0,0.20157226957993657,4152.282173974784,4128.037634777742,12047.227071225421,0.2252548659183647,0.365,0.675007930610418,2.917029475399487,0.5899054713288359,1919.0
1068,2.0,0.7,2.6,0.4,3.0,8.0,14.0,0.20370031747767012,4220.70757329745,4166.6632967669175,12241.664095177239,0.2259599447832025,0.365,0.679647980719114,2.9051784768316065,0.5866921523289252,1921.0
1069,2.0,0.7,2.6,0.4,4.0,6.0,14.0,0.1712096806527308,3536.0351120259234,4253.796896068818,12047.125227258546,0.2275150468038104,0.36,0.6793440057907907,2.8915231671936787,0.5837895940823418,1680.0
1070,2.0,0.7,2.6,0.4,4.0,7.0,14.0,0.1830609826180452,3471.8579277633207,4132.1540585277435,12120.411813150204,0.22581143863739134,0.36,0.6821707775396311,2.8995695951032516,0.582729008123857,1660.5
1071,2.0,0.7,2.6,0.4,4.0,8.0,14.0,0.18431590688940183,3555.5276302101447,4097.8086276369395,12123.879439531856,0.22367465504720407,0.365,0.6732735855284875,2.898379840250231,0.5809615045857197,1651.5
1072,2.0,0.7,2.6,0.4,5.0,6.0,14.0,0.2023719228695232,3094.1096534012,4222.836244847398,12129.58107639753,0.2280155425001859,0.36,0.66666821595895,2.887355760564014,0.5805536791449988,1539.0
1073,2.0,0.7,2.6,0.4,5.0,7.0,14.0,0.21009976668049302,3081.9702076677604,4207.689184983734,12172.898590529925,0.22413346949425983,0.365,0.6798728606017839,2.8904107692350016,0.5832252428390037,1519.5
1074,2.0,0.7,2.6,0.4,5.0,8.0,14.0,0.21005206418551742,3179.586605086951,4080.0641139484746,12184.494248107814,0.22462689771883745,0.365,0.6822938439547745,2.889425416756743,0.5797875229031806,1511.5
1075,2.0,0.7,2.6,0.4,6.0,6.0,14.0,0.21664592882639866,2883.0947701919804,4184.876339657414,12091.056495752462,0.23135551377467334,0.36,0.6804938760632739,2.8829283187115267,0.5811197922779425,1467.5
1076,2.0,0.7,2.6,0.4,6.0,7.0,14.0,0.2214405954410379,2951.9377564559272,4140.450115780743,12063.625923833919,0.2258580532631834,0.365,0.6722353896460158,2.8814329119402293,0.5788899329120278,1448.5
1077,2.0,0.7,2.6,0.4,6.0,8.0,14.0,0.22483504600558812,2929.980760106882,4086.517625560724,12172.862608331649,0.2274914687499543,0.365,0.6795426499118231,2.8860766658408608,0.5745827117862758,1433.0
1078,2.0,0.7,2.6,0.4,7.0,6.0,14.0,0.22360668325666855,2813.151520261534,4277.681654490889,12122.678290656706,0.22560665087973925,0.365,0.681460545412879,2.89510607242738,0.5802785649051547,1430.0
1079,2.0,0.7,2.6,0.4,7.0,7.0,14.0,0.22561916321264305,2827.077422006758,4187.388671461101,12370.71401377173,0.22240134696428931,0.36,0.6828267094146352,2.8984914180842614,0.575681290217139,1409.5
1080,2.0,0.7,2.6,0.4,7.0,8.0,14.0,0.2297821846130474,2818.7018079034387,4155.585160720559,12063.061174444749,0.2255791059316657,0.365,0.6850595990978268,2.8925017962866484,0.5789542786374491,1399.0
1081,2.0,0.9,0.6,0.4,3.0,6.0,14.0,0.11762714461656243,4305.219579109279,4136.47839669472,11484.299254277115,0.43169389995262597,0.385,0.5003766776557288,2.469906578773403,0.5904267527216314,1950.0
1082,2.0,0.9,0.6,0.4,3.0,7.0,14.0,0.11294023370105132,4273.381544854499,4087.957048501938,11659.467642675918,0.42306517600356464,0.385,0.499567383643213,2.4682568911772944,0.5882459275180358,1924.5
1083,2.0,0.9,0.6,0.4,3.0,8.0,14.0,0.10674092140608704,4277.674732953102,4111.934838955365,11622.91118283954,0.420683090759479,0.38,0.5013911299827284,2.470671652901275,0.5890085758619794,1932.5
1084,2.0,0.9,0.6,0.4,4.0,6.0,14.0,0.08564004875830562,3591.378774157839,4132.139719410545,11504.518351745328,0.39502919371350786,0.375,0.5329315213355983,2.5182969852673835,0.581336101383791,1687.0
1085,2.0,0.9,0.6,0.4,4.0,7.0,14.0,0.09934292823950876,3548.1896590744545,4137.075754878976,11742.611712513002,0.3891851834689346,0.385,0.5386351278262123,2.548046181186736,0.5789051736384316,1662.5
1086,2.0,0.9,0.6,0.4,4.0,8.0,14.0,0.1027315833315553,3531.263505018611,3978.600267842767,11637.77720729918,0.3932928377557324,0.38,0.5368402342780962,2.5385510596109038,0.5823434779312524,1655.0
1087,2.0,0.9,0.6,0.4,5.0,6.0,14.0,0.13275699921859796,3058.931019177854,4152.895409588402,11556.145951680634,0.38069635899851334,0.38,0.5561650476908366,2.578170084116671,0.5784503933602525,1546.5
1088,2.0,0.9,0.6,0.4,5.0,7.0,14.0,0.13627214908671034,3123.0724366960876,4108.233500293411,11665.454238565646,0.37153872153812106,0.38,0.5594780566226467,2.588950492725318,0.5781105000007033,1527.5
1089,2.0,0.9,0.6,0.4,5.0,8.0,14.0,0.14276613697835439,3134.0923769738974,4035.6327313931833,11557.314170131036,0.37227051844372216,0.385,0.5578432713108172,2.5860774967330302,0.5784104644459427,1511.0
1090,2.0,0.9,0.6,0.4,6.0,6.0,14.0,0.15590775106216495,2919.1841941057155,4214.746631122267,11573.910830604364,0.3584396753210539,0.385,0.5678636794581249,2.610485525429313,0.5774750559986139,1474.0
1091,2.0,0.9,0.6,0.4,6.0,7.0,14.0,0.16000442946740998,2897.920987069996,4158.887118547953,11565.985488438837,0.35898797631658086,0.385,0.5717063210057216,2.604108312935505,0.5786496065826998,1446.0
1092,2.0,0.9,0.6,0.4,6.0,8.0,14.0,0.15627179189499402,2933.910758466771,4096.645145704963,11656.46394436439,0.35404930654099676,0.375,0.5776029811779197,2.611650408371772,0.578146465680503,1442.0
1093,2.0,0.9,0.6,0.4,7.0,6.0,14.0,0.16636361927136856,2816.615430042679,4183.445574756471,11512.21489556128,0.3553086511351833,0.385,0.583560864618885,2.6363171496388342,0.5793284044877365,1422.5
1094,2.0,0.9,0.6,0.4,7.0,7.0,14.0,0.16974433416607546,2779.629480597289,4134.485728813612,11650.245800589837,0.3518572469045885,0.38,0.5778697161507023,2.6273578338285173,0.5772124748833019,1414.0
1095,2.0,0.9,0.6,0.4,7.0,8.0,14.0,0.17072422942808219,2806.091253951282,4052.476242433031,11761.937498174406,0.34822171785067296,0.375,0.5880095906210592,2.624658342773195,0.5742177707731173,1404.0
1096,2.0,0.9,1.0,0.4,3.0,6.0,14.0,0.11481472302594592,4166.661585120478,4186.265826240887,11618.950380750597,0.3864930735946751,0.38,0.5343849475743179,2.532806735151962,0.5904332818566199,1945.5
1097,2.0,0.9,1.0,0.4,3.0,7.0,14.0,0.13120336402121038,4247.655169008436,4102.622033008213,11703.925037614412,0.38201964625996404,0.385,0.5372585147212754,2.5314275456880235,0.5853322746327801,1930.5
1098,2.0,0.9,1.0,0.4,3.0,8.0,14.0,0.12374940548157949,4169.947421843363,4111.553867175375,11555.64148508379,0.3849351264154409,0.385,0.5329861469678012,2.5372446243495927,0.5871390811501096,1918.5
1099,2.0,0.9,1.0,0.4,4.0,6.0,14.0,0.11494780792200548,3494.846213380371,4150.764796992875,11623.296121692862,0.3614185096452666,0.38,0.5539731633310354,2.5676478251633874,0.5790258724509847,1683.0
1100,2.0,0.9,1.0,0.4,4.0,7.0,14.0,0.12016659023694254,3511.515383395715,4006.1494628748915,11461.471302839014,0.3701265110275711,0.385,0.5570178675302351,2.5784582460877354,0.5809286426544147,1663.0
1101,2.0,0.9,1.0,0.4,4.0,8.0,14.0,0.11379728477331463,3579.006503022213,4058.0318982387457,11589.790992329577,0.3621525316334311,0.38,0.5567065913550908,2.5803128944611062,0.5818934923611894,1663.0
1102,2.0,0.9,1.0,0.4,5.0,6.0,14.0,0.15131277823504774,3069.554922519968,4164.438658406329,11446.450767673043,0.3472812644431239,0.38,0.577668454439721,2.6197593727347663,0.5750768977852543,1537.5
1103,2.0,0.9,1.0,0.4,5.0,7.0,14.0,0.15541210078962436,3113.996827676142,4081.990391751243,11687.961948030552,0.3491346815123051,0.385,0.5753140479320281,2.612786175009067,0.5810823953784701,1516.5
1104,2.0,0.9,1.0,0.4,5.0,8.0,14.0,0.15652534575759613,3107.5735470997674,4068.707041886273,11331.727515632652,0.34918631904403197,0.385,0.5772457279783554,2.625723163253103,0.5814385411656586,1513.5
1105,2.0,0.9,1.0,0.4,6.0,6.0,14.0,0.16653539104073622,2927.263967241707,4153.61918176279,11491.358161453696,0.34516499884245594,0.385,0.5911521793905089,2.6322042395907523,0.5752977590767552,1467.5
1106,2.0,0.9,1.0,0.4,6.0,7.0,14.0,0.17889702688439704,2872.9883180130346,4084.52469050777,11697.892832493471,0.33675824175824176,0.385,0.5840265169612995,2.633098477202852,0.5796134844956404,1447.5
1107,2.0,0.9,1.0,0.4,6.0,8.0,14.0,0.1707101267373194,2887.90287884014,4079.454062915095,11492.1969569439,0.3429146259008229,0.38,0.5903420241098962,2.6493403254449817,0.5816717819911377,1436.5
1108,2.0,0.9,1.0,0.4,7.0,6.0,14.0,0.17151156460833117,2759.84688136987,4222.941926005239,11327.224046719848,0.3431776819289719,0.38,0.5934121586856365,2.6349102123160693,0.5739192563995121,1429.5
1109,2.0,0.9,1.0,0.4,7.0,7.0,14.0,0.18015727029527662,2814.694790483267,4109.2257048703195,11608.617998483682,0.3326614508679726,0.38,0.5943166208791208,2.662332459391469,0.5765145982827746,1418.5
1110,2.0,0.9,1.0,0.4,7.0,8.0,14.0,0.1856331804318032,2811.570050959426,4055.1484725439104,11462.703387588375,0.3350409836065574,0.385,0.5958835279019705,2.650568344113011,0.5758338779682338,1391.0
1111,2.0,0.9,1.4,0.4,3.0,6.0,14.0,0.1567521066054808,4222.139476693816,4225.073862214131,11690.713490150938,0.3251987681556388,0.385,0.5963549653438017,2.6330309750656697,0.5861207029922844,1945.0
1112,2.0,0.9,1.4,0.4,3.0,7.0,14.0,0.1567089197945915,4213.665625003128,4114.596052341707,11648.115328858781,0.32787925775264837,0.38,0.5946981984466049,2.6364542688421437,0.5907043885336949,1923.5
1113,2.0,0.9,1.4,0.4,3.0,8.0,14.0,0.1596216923391247,4180.122654685246,4048.358217875794,11677.468219556438,0.33150364559992057,0.385,0.5879739481162836,2.6264367496678918,0.5880738904198176,1930.5
1114,2.0,0.9,1.4,0.4,4.0,6.0,14.0,0.14023458380478407,3586.4602276269216,4160.004265809202,11620.01407570485,0.3140899683914708,0.385,0.6127737827323566,2.680575994111744,0.5835579697980451,1682.5
1115,2.0,0.9,1.4,0.4,4.0,7.0,14.0,0.14797688562459393,3498.5164965513836,4114.928989417631,11427.813092870114,0.3150989963752937,0.385,0.6112183748929891,2.6790473996463398,0.5831781824963698,1657.5
1116,2.0,0.9,1.4,0.4,4.0,8.0,14.0,0.1523277639516683,3523.89799318171,4017.371189385126,11563.832322209415,0.31368399738429315,0.385,0.608424036619896,2.683411522506862,0.5815208170139299,1647.0
1117,2.0,0.9,1.4,0.4,5.0,6.0,14.0,0.17705007378804594,3118.5609672503324,4139.419935064109,11732.355199237276,0.30710301507537685,0.385,0.6169137353433836,2.7045316425592363,0.5772202799440087,1546.0
1118,2.0,0.9,1.4,0.4,5.0,7.0,14.0,0.18060222250795907,3123.924038284247,4108.127431572962,11549.355293847158,0.3033408840936469,0.385,0.6236716335829886,2.7096952537659043,0.5769560492597181,1514.5
1119,2.0,0.9,1.4,0.4,5.0,8.0,14.0,0.18471142990658795,3132.9218451424767,4036.9092485784604,11779.879287753007,0.3018202912042767,0.385,0.6189611610086713,2.714096155353017,0.5817687410830417,1507.0
1120,2.0,0.9,1.4,0.4,6.0,6.0,14.0,0.1904085130629044,2935.5633186166287,4182.94103414098,11537.598317915865,0.29511825371622136,0.38,0.6273996658047151,2.708936265554163,0.5780554230315462,1455.5
1121,2.0,0.9,1.4,0.4,6.0,7.0,14.0,0.20102885083465935,2949.085676127887,4119.830815736104,11745.179310378582,0.28778108655532325,0.385,0.6237661482383392,2.7321118573521517,0.57770066706661,1446.5
1122,2.0,0.9,1.4,0.4,6.0,8.0,14.0,0.20395448326446633,2880.4914990813463,4082.2745136091953,11790.880267712888,0.2940138956375775,0.385,0.6284492136436074,2.723747984331755,0.5802555307400141,1436.0
1123,2.0,0.9,1.4,0.4,7.0,6.0,14.0,0.205702168174423,2799.7765916927883,4139.718461808842,11591.065544573903,0.29505866293520167,0.385,0.6337930798285614,2.733475594272415,0.574984475338461,1430.5
1124,2.0,0.9,1.4,0.4,7.0,7.0,14.0,0.20869825147840573,2852.1271397253427,4021.628832456273,11566.606227425353,0.294709903816433,0.385,0.6363868231947651,2.719798454781384,0.5775312851218941,1408.0
1125,2.0,0.9,1.4,0.4,7.0,8.0,14.0,0.2090084087140839,2848.271660427743,4104.4917758786505,11504.89037833462,0.2871765106488361,0.385,0.6343326935776787,2.7452488801238575,0.5765519949449085,1393.0
1126,2.0,0.9,1.8,0.4,3.0,6.0,14.0,0.17595384700534436,4167.396407850085,4153.162548897722,11711.381831731731,0.2932021304129268,0.385,0.6277327349730552,2.7378473705815995,0.5846264851688552,1953.0
1127,2.0,0.9,1.8,0.4,3.0,7.0,14.0,0.185133083380232,4230.651506058915,4086.684869235094,11718.274534098113,0.2845602879401423,0.38,0.6307912328592422,2.7528752677242805,0.584741768044692,1924.0
1128,2.0,0.9,1.8,0.4,3.0,8.0,14.0,0.18618250092709054,4181.805079856889,4023.4093856896297,11606.7077267675,0.28931493619771875,0.385,0.6345894823303719,2.7500494787297782,0.5880178109014631,1912.5
1129,2.0,0.9,1.8,0.4,4.0,6.0,14.0,0.15711246653507,3571.871541173002,4177.525001117659,11712.547269915827,0.28581294527773116,0.385,0.6359857398830583,2.7534486965609086,0.582229609604106,1688.5
1130,2.0,0.9,1.8,0.4,4.0,7.0,14.0,0.16440746282499968,3509.795843894383,4140.234551843697,11598.024630905435,0.28394278532527384,0.385,0.6334490394398229,2.750778990343975,0.5822974065493437,1661.0
1131,2.0,0.9,1.8,0.4,4.0,8.0,14.0,0.17286430599009853,3483.5016961799893,4045.1313078355834,11569.539060515526,0.2812639148348133,0.385,0.6410047561773642,2.7570843323273824,0.5842879475611947,1654.5
1132,2.0,0.9,1.8,0.4,5.0,6.0,14.0,0.19516410507618207,3131.2792510775266,4090.650336420614,11690.973404491317,0.27961472489213623,0.385,0.644382754036604,2.766832194147195,0.5764890787041611,1534.5
1133,2.0,0.9,1.8,0.4,5.0,7.0,14.0,0.1941866586218088,3099.615424585206,4074.1765407166713,11548.490204548198,0.27996163273446806,0.38,0.6371345443602918,2.75952290532837,0.5797916838394248,1512.5
1134,2.0,0.9,1.8,0.4,5.0,8.0,14.0,0.19290389072123845,3159.4792716334637,4104.817020417497,11643.452012033238,0.27894330018339586,0.385,0.6470800674555446,2.7713183751901402,0.5831396380951828,1500.5
1135,2.0,0.9,1.8,0.4,6.0,6.0,14.0,0.19912560603423418,2879.8857569266497,4185.320840054743,11661.308036960225,0.2865678206715508,0.38,0.6451306982675963,2.778799375204637,0.5764518161328638,1466.5
1136,2.0,0.9,1.8,0.4,6.0,7.0,14.0,0.21414054395020474,2879.798888635287,4066.0888057473603,11740.892770773291,0.27843483666224994,0.385,0.6477331227922292,2.7662370748402787,0.5791107607224383,1442.5
1137,2.0,0.9,1.8,0.4,6.0,8.0,14.0,0.21611122813810843,2908.0305093378465,4034.2251443294754,11675.31043129885,0.2747899240735917,0.385,0.643301689290228,2.7631615775253344,0.5736962142825601,1440.5
1138,2.0,0.9,1.8,0.4,7.0,6.0,14.0,0.2125818022598173,2843.3463813551234,4174.681338078577,11543.750885694479,0.275421390150536,0.385,0.6537397683492732,2.7673787906036442,0.572032830561338,1426.0
1139,2.0,0.9,1.8,0.4,7.0,7.0,14.0,0.2170462281446828,2779.886109759226,4165.898862537893,11930.586907047447,0.2695370344926554,0.38,0.6589465038669513,2.780485494444302,0.5786504856579907,1402.5
1140,2.0,0.9,1.8,0.4,7.0,8.0,14.0,0.21969620000937282,2779.930963249886,4053.293161525501,11728.298758780398,0.2752029439092376,0.38,0.6495407273379301,2.772164103610521,0.5787511354290849,1402.0
1141,2.0,0.9,2.2,0.4,3.0,6.0,14.0,0.2021998401920559,4288.550656921287,4214.736234520481,11973.382296746717,0.24457295859335368,0.375,0.6751936921403398,2.8772586593450695,0.5860687625802515,1938.0
1142,2.0,0.9,2.2,0.4,3.0,7.0,14.0,0.20300812458957157,4289.37383189437,4145.794363721512,11914.538464014277,0.24314235478094592,0.37,0.6714233047311149,2.8803481418977026,0.5867506550478963,1924.5
1143,2.0,0.9,2.2,0.4,3.0,8.0,14.0,0.1974446566651159,4164.352836474318,4133.473969591465,12077.383471087936,0.24579541270388683,0.375,0.6686983558810768,2.8660759455578972,0.5896404716976147,1920.0
1144,2.0,0.9,2.2,0.4,4.0,6.0,14.0,0.17467233993384912,3544.2146437510046,4220.241825345984,12170.00953204773,0.2428784631244515,0.375,0.6722431049687929,2.857352415024994,0.5834013204448325,1679.5
1145,2.0,0.9,2.2,0.4,4.0,7.0,14.0,0.17743363345834773,3550.1330087300603,4148.0525762124325,12238.048774365518,0.24405855991877495,0.375,0.6663028827007322,2.8607280051127058,0.5825866897378446,1656.5
1146,2.0,0.9,2.2,0.4,4.0,8.0,14.0,0.18322598285588332,3480.7268170126513,4082.759626951857,12409.650883589296,0.24169709730126876,0.37,0.668928403022228,2.8669690679745736,0.5821602602019876,1654.5
1147,2.0,0.9,2.2,0.4,5.0,6.0,14.0,0.2009829777776861,3174.355428771987,4155.000528200413,12153.371052227467,0.24644634517714625,0.375,0.670221598863648,2.8470061432067393,0.5789188789051782,1533.0
1148,2.0,0.9,2.2,0.4,5.0,7.0,14.0,0.20721194450477728,3121.517222774428,4070.4355675095503,12206.472555715864,0.24320672754655223,0.37,0.6670634886089614,2.8575179035496605,0.5763515889561086,1516.5
1149,2.0,0.9,2.2,0.4,5.0,8.0,14.0,0.21056560851124237,3113.591686960793,4059.8264745430797,12180.162813958012,0.23942425698727854,0.37,0.6683592886354038,2.8580288724757112,0.5784113905633854,1506.0
1150,2.0,0.9,2.2,0.4,6.0,6.0,14.0,0.20495639626066955,2962.3997137920323,4255.985985081393,12346.168963898388,0.24834345511902942,0.37,0.678171685867949,2.8459362151837153,0.5793601560816231,1470.5
1151,2.0,0.9,2.2,0.4,6.0,7.0,14.0,0.2192181066377556,2944.7499773692134,4086.4879274065315,12068.005198579262,0.24798452943290322,0.375,0.6688329924439123,2.855395969650397,0.5762553759467813,1441.5
1152,2.0,0.9,2.2,0.4,6.0,8.0,14.0,0.22154441986541162,2862.3319021410603,4088.3464104073914,12163.012744921736,0.24688351331752348,0.37,0.6578099582541207,2.8656114169764804,0.5761954500778693,1429.5
1153,2.0,0.9,2.2,0.4,7.0,6.0,14.0,0.21561698566746215,2821.824593657199,4179.832659145994,12014.422431640027,0.24684304746885133,0.365,0.6714596232477714,2.8357318269389205,0.5745928111333616,1426.0
1154,2.0,0.9,2.2,0.4,7.0,7.0,14.0,0.22384459166133552,2867.9077044430624,4146.514277894393,12198.710832364679,0.24352199540292666,0.375,0.6756795096455095,2.8518026307504707,0.5804741105258798,1407.0
1155,2.0,0.9,2.2,0.4,7.0,8.0,14.0,0.23006401480573213,2805.3365350439562,4103.0357651753,12102.984190725938,0.24407122486199342,0.375,0.6682747034847427,2.855402786827118,0.5727117307934897,1401.0
1156,2.0,0.9,2.6,0.4,3.0,6.0,14.0,0.20877142455683761,4230.558984983287,4121.085864824641,12160.569391836683,0.22265392785784105,0.365,0.6766996798287932,2.913433423253567,0.5860803135491748,1950.0
1157,2.0,0.9,2.6,0.4,3.0,7.0,14.0,0.2029399081287428,4202.655673100902,4127.859561270934,12300.051493840936,0.222316880438985,0.36,0.6845738006253772,2.928926906725268,0.5843264341765635,1920.0
1158,2.0,0.9,2.6,0.4,3.0,8.0,14.0,0.2046160244033201,4160.700546123505,4111.596912018367,12038.185476708668,0.22257312827261014,0.365,0.6861899278997725,2.9292768249816867,0.5890218974541293,1910.0
1159,2.0,0.9,2.6,0.4,4.0,6.0,14.0,0.18020427149230234,3531.357549554564,4202.9147610728705,12136.148693112344,0.22387189900635923,0.365,0.675597612785473,2.9049661475752746,0.5814676304612566,1686.5
1160,2.0,0.9,2.6,0.4,4.0,7.0,14.0,0.18412141581697045,3537.1198647945375,4127.866920834702,12092.808497128139,0.2233848262698871,0.365,0.6852153943095767,2.9055088635637825,0.5848116659419987,1653.5
1161,2.0,0.9,2.6,0.4,4.0,8.0,14.0,0.1812156489330184,3564.702468046492,4044.5189020415996,11964.506399343452,0.2262705509277173,0.36,0.6858451963826014,2.912074786130204,0.5787510378397543,1647.0
1162,2.0,0.9,2.6,0.4,5.0,6.0,14.0,0.19595018893176885,3163.3218753660776,4274.310841705328,12229.488006882508,0.22633494341487478,0.36,0.6799908430976322,2.8908112139080115,0.5782664300644506,1530.0
1163,2.0,0.9,2.6,0.4,5.0,7.0,14.0,0.205699191855506,3120.813972937288,4128.749007379842,12077.323971951746,0.2278583384070163,0.36,0.6825192527174209,2.881203800034437,0.5786214057486756,1514.0
1164,2.0,0.9,2.6,0.4,5.0,8.0,14.0,0.21261919324716338,3146.409783711672,4053.4607135844326,12149.754787612668,0.22646459981948322,0.365,0.6786245915632894,2.886164911155964,0.5796005656261021,1513.0
1165,2.0,0.9,2.6,0.4,6.0,6.0,14.0,0.21631324822787829,2982.9391822322286,4208.641120995039,12263.564444791651,0.22482937642186315,0.365,0.6811033519165118,2.886282503476881,0.576701736224968,1470.5
1166,2.0,0.9,2.6,0.4,6.0,7.0,14.0,0.2184756360438242,2929.799417066877,4112.396414538009,12105.36151512394,0.2295057549085985,0.36,0.6747901150981719,2.8909440874009853,0.5766950604072107,1438.5
1167,2.0,0.9,2.6,0.4,6.0,8.0,14.0,0.2261118843752353,2943.9256791679027,4093.326232423593,12053.771743171179,0.22315435751759738,0.365,0.6767336305396523,2.8852746402360276,0.5756178069214104,1434.5
1168,2.0,0.9,2.6,0.4,7.0,6.0,14.0,0.22925946839735406,2813.145030463159,4184.115549500915,12158.744003341726,0.2245220436252219,0.365,0.6800753836052817,2.8884192247553333,0.5755805571253914,1434.5
1169,2.0,0.9,2.6,0.4,7.0,7.0,14.0,0.2305981023054761,2830.878584662946,4120.0461081041185,12179.182088792033,0.2260236090473832,0.365,0.6746677398051841,2.896920006978256,0.5795016554507425,1393.0
1170,2.0,0.9,2.6,0.4,7.0,8.0,14.0,0.2268268103535926,2850.392666027232,4099.273581937863,12123.920156627679,0.22565220725441576,0.36,0.680792413281869,2.879500092562279,0.5812780481615745,1399.5
1171,2.0,1.1,0.6,0.4,3.0,6.0,14.0,0.11568302159088518,4299.73780244039,4158.084259430208,11409.087380614135,0.43099116184768205,0.385,0.49996594665674754,2.463914263473512,0.5853438951233594,1954.0
1172,2.0,1.1,0.6,0.4,3.0,7.0,14.0,0.11541674149051756,4337.9764185528475,4106.623502112451,11490.245071531435,0.4215852269562948,0.385,0.5035391794039633,2.472241580585763,0.5879551795077714,1914.0
1173,2.0,1.1,0.6,0.4,3.0,8.0,14.0,0.1157043782018139,4265.44066865072,4072.7092516874736,11535.705383986307,0.42723789823929614,0.385,0.49333167183247306,2.4639541669866976,0.5869999533963068,1922.5
1174,2.0,1.1,0.6,0.4,4.0,6.0,14.0,0.09654408040659959,3508.830352300456,4147.057156343448,11607.227120774704,0.3910856873622831,0.38,0.5312556238088153,2.5364326840225924,0.5823437524808094,1680.5
1175,2.0,1.1,0.6,0.4,4.0,7.0,14.0,0.09790430636062139,3484.6541345425244,4085.053564247284,11566.941980591142,0.39711360607058954,0.38,0.5391631837003636,2.5427024525710227,0.5818750491162565,1669.5
1176,2.0,1.1,0.6,0.4,4.0,8.0,14.0,0.10340972105008973,3546.385393719557,4090.0899612671565,11703.606235708592,0.3867812874205421,0.385,0.538551311120524,2.536191116803648,0.5840832336243175,1652.5
1177,2.0,1.1,0.6,0.4,5.0,6.0,14.0,0.13149353170573053,3177.4164619261883,4146.2664188703275,11587.493652359386,0.36999061094481156,0.38,0.5622424530000387,2.5772028910593088,0.5759907023981574,1542.5
1178,2.0,1.1,0.6,0.4,5.0,7.0,14.0,0.14149830932375593,3133.754514089582,4024.407567737225,11590.377546696462,0.369084223580862,0.38,0.5641248014621092,2.5960793827073294,0.5758308477984727,1516.5
1179,2.0,1.1,0.6,0.4,5.0,8.0,14.0,0.1459825331062742,3142.817554612242,4006.8984679297228,11664.436888011705,0.3684615491802279,0.385,0.5570343811343562,2.5825450568225916,0.5785772213444385,1516.0
1180,2.0,1.1,0.6,0.4,6.0,6.0,14.0,0.16264668305412705,2941.6735914512046,4143.252786440645,11576.968373620544,0.3509973404255319,0.385,0.5810505319148935,2.6280748784219856,0.5777881775371982,1457.0
1181,2.0,1.1,0.6,0.4,6.0,7.0,14.0,0.16364847870844781,2962.0105749437007,4119.368826716142,11606.385343154801,0.3491572630472189,0.385,0.5740111892887003,2.6330001909909417,0.5822572792067919,1436.5
1182,2.0,1.1,0.6,0.4,6.0,8.0,14.0,0.17081246558401228,2854.6090594511825,4069.7835371397596,11747.42490734842,0.3473842123056119,0.38,0.5840305949966194,2.6311720728902306,0.579739587270546,1435.5
1183,2.0,1.1,0.6,0.4,7.0,6.0,14.0,0.17016826957988446,2780.9831285530636,4230.382286578874,11502.220596394825,0.3487344667788305,0.385,0.5883814457333452,2.6320859015438796,0.5777726524274636,1426.5
1184,2.0,1.1,0.6,0.4,7.0,7.0,14.0,0.17776957640428573,2760.8422008544203,4111.936066871608,11411.024408020407,0.34889421222061867,0.385,0.5826924411638024,2.6328460656774713,0.579638346548691,1400.5
1185,2.0,1.1,0.6,0.4,7.0,8.0,14.0,0.17948781241103917,2832.8504706176172,4063.0437235356294,11677.737495367412,0.3422443866967099,0.385,0.5891012213036314,2.6270996349988622,0.5759775870923494,1404.0
1186,2.0,1.1,1.0,0.4,3.0,6.0,14.0,0.12446803008408315,4241.842308453812,4161.314807304639,11702.457430987208,0.3746728227001368,0.375,0.5500733749975024,2.5326663111648777,0.5894582427791476,1950.5
1187,2.0,1.1,1.0,0.4,3.0,7.0,14.0,0.13214947522717757,4237.0445854715545,4087.7617053895865,11673.472290736605,0.3742002755684236,0.38,0.5499691321474385,2.5405914072676348,0.5850666273810088,1930.0
1188,2.0,1.1,1.0,0.4,3.0,8.0,14.0,0.12621807548076747,4208.27032664381,4114.210807734866,11579.338679641372,0.37852722584230153,0.38,0.5485405967414945,2.5471101199650636,0.5887577526061889,1920.0
1189,2.0,1.1,1.0,0.4,4.0,6.0,14.0,0.12260207965836657,3487.05647788071,4152.128774145707,11451.287949286407,0.35568292220060105,0.385,0.5641653141631898,2.5829257671689003,0.5795617903123645,1681.0
1190,2.0,1.1,1.0,0.4,4.0,7.0,14.0,0.12014661522991715,3559.4214642453962,4114.823986789456,11513.136923580476,0.34859917181570554,0.38,0.570108116184274,2.602166242627518,0.5816536954984947,1659.0
1191,2.0,1.1,1.0,0.4,4.0,8.0,14.0,0.13227866742417857,3479.6509366769415,4009.427048899337,11597.463901156869,0.3530937905155155,0.385,0.5700236419949203,2.5936239299153296,0.5812970399030244,1664.0
1192,2.0,1.1,1.0,0.4,5.0,6.0,14.0,0.15021302075064102,3135.2529306246197,4144.879180708193,11458.689866655659,0.34344367109645824,0.38,0.5805176513285983,2.6240808624851497,0.5782438052679245,1536.5
1193,2.0,1.1,1.0,0.4,5.0,7.0,14.0,0.15792009031645746,3109.557144542281,4079.7255442956503,11538.431943141026,0.33926423871114136,0.38,0.5852535738597685,2.6136930154655937,0.579478452911639,1514.5
1194,2.0,1.1,1.0,0.4,5.0,8.0,14.0,0.16632419410122973,3128.2995439101664,3999.8425730776153,11377.721360221965,0.33656674279646376,0.385,0.5840179322709463,2.6335550813478665,0.5787746468210169,1502.0
1195,2.0,1.1,1.0,0.4,6.0,6.0,14.0,0.17140926411970242,2906.005463286112,4146.867427491251,11545.867160416816,0.33999242700147025,0.385,0.5838075395169229,2.6449000416315864,0.5801856572415871,1465.0
1196,2.0,1.1,1.0,0.4,6.0,7.0,14.0,0.17058979229480503,2837.8804852168523,4079.8024566274776,11536.191510042408,0.3423893271263758,0.375,0.5938487562198593,2.6383568834084548,0.5825478951731214,1445.0
1197,2.0,1.1,1.0,0.4,6.0,8.0,14.0,0.17605534970346248,2921.1433169064185,3989.969693396043,11446.490286095193,0.3382129371394066,0.38,0.5891622619672023,2.6416211549306103,0.5743666132547924,1438.5
1198,2.0,1.1,1.0,0.4,7.0,6.0,14.0,0.18017028949490918,2777.470082877251,4157.722836259741,11525.353775698364,0.3324973476119205,0.38,0.5953420295432212,2.640812597633749,0.5758671139578555,1430.0
1199,2.0,1.1,1.0,0.4,7.0,7.0,14.0,0.1845682787165788,2755.2615840540225,4119.956891383747,11510.959080458528,0.3310199850402127,0.38,0.6002807112431867,2.6681825696539745,0.5807584389684399,1406.0
1200,2.0,1.1,1.0,0.4,7.0,8.0,14.0,0.18958900656229316,2848.724917752421,4018.1248945600446,11585.40033304204,0.32751389859694763,0.385,0.6035177375877004,2.655822933354375,0.5807439490030872,1395.0
1201,2.0,1.1,1.4,0.4,3.0,6.0,14.0,0.16488415896675973,4172.549567345299,4141.825431703173,11683.156113723724,0.31340223075439244,0.385,0.603100516070046,2.67908892616939,0.5859348860119667,1945.5
1202,2.0,1.1,1.4,0.4,3.0,7.0,14.0,0.17103029251082721,4268.037584733143,4119.673352879351,11743.294102998701,0.3095232137499983,0.38,0.6062393469396541,2.6740717537787893,0.5861502098082043,1928.0
1203,2.0,1.1,1.4,0.4,3.0,8.0,14.0,0.17521870704693848,4233.856348138332,4061.3114790564496,11669.290100860497,0.31022418073216473,0.385,0.6023025139028912,2.675578263075586,0.5856885309629485,1921.0
1204,2.0,1.1,1.4,0.4,4.0,6.0,14.0,0.14959112921201792,3515.3262397306016,4147.400364175291,11519.175587123282,0.3011998133117807,0.38,0.6222352499231618,2.701835753277476,0.5848154549201566,1677.0
1205,2.0,1.1,1.4,0.4,4.0,7.0,14.0,0.15450660632984511,3524.8556188574403,4012.2701273032,11638.766675388611,0.30400997914273203,0.38,0.6185292748475044,2.704310214676349,0.581476039437189,1657.5
1206,2.0,1.1,1.4,0.4,4.0,8.0,14.0,0.1542762642188352,3515.0489496774926,4018.6097056613203,11714.888847795795,0.30493813058074626,0.38,0.6238469486604725,2.711349981000099,0.5853278741287783,1642.5
1207,2.0,1.1,1.4,0.4,5.0,6.0,14.0,0.17719607032634635,3137.496737049091,4162.592819545545,11648.204863375642,0.2962655188168161,0.38,0.6283099279046926,2.7184637425837255,0.5787308055128477,1539.5
1208,2.0,1.1,1.4,0.4,5.0,7.0,14.0,0.18214070908394617,3105.5217928022103,4099.054415439362,11551.023057408896,0.29729318859931597,0.38,0.628501320337705,2.728404758993557,0.5768381467551373,1520.0
1209,2.0,1.1,1.4,0.4,5.0,8.0,14.0,0.1834152998120396,3151.2927941903,4029.984068061569,11586.248010323006,0.29617529499054596,0.38,0.6306025155861206,2.728568972207463,0.5765363977292581,1502.5
1210,2.0,1.1,1.4,0.4,6.0,6.0,14.0,0.19534257503947003,2908.8488039106146,4202.991586111038,11778.7891298795,0.29441690844616375,0.385,0.6386312562787699,2.7368555449490874,0.5803049496917448,1461.5
1211,2.0,1.1,1.4,0.4,6.0,7.0,14.0,0.19882368226400268,2893.986574615943,4168.21130816508,11543.535381268168,0.2870155417946833,0.38,0.6291787592427984,2.7421310916111024,0.5738175760805289,1443.0
1212,2.0,1.1,1.4,0.4,6.0,8.0,14.0,0.20026303419698827,2953.8157610209128,4030.5708269159027,11658.446159001232,0.29019233592717664,0.38,0.6402412763666618,2.7273471546776724,0.5760950545367503,1430.0
1213,2.0,1.1,1.4,0.4,7.0,6.0,14.0,0.20746280597438702,2805.149801226228,4157.958566598817,11670.789804867341,0.28985227583677176,0.385,0.6367220869299128,2.7314833263074068,0.5751900982285554,1428.5
1214,2.0,1.1,1.4,0.4,7.0,7.0,14.0,0.2121382976720047,2806.0728340874302,4132.075195085228,11830.187451272774,0.2842197151192164,0.385,0.6368208005345589,2.7407490896891837,0.5756760874690694,1402.0
1215,2.0,1.1,1.4,0.4,7.0,8.0,14.0,0.2101749575449172,2818.108760313112,4053.013933815878,11721.738554184676,0.28689822057474895,0.38,0.6465517374249582,2.745446984483446,0.5809392200180524,1396.0
1216,2.0,1.1,1.8,0.4,3.0,6.0,14.0,0.17912420453754638,4236.4901123544,4180.873841340891,11710.39085464161,0.28684938306623176,0.38,0.6337729872831277,2.7574942190644016,0.5854886123117669,1951.5
1217,2.0,1.1,1.8,0.4,3.0,7.0,14.0,0.18663323404379914,4230.825117543173,4111.492259238016,11614.113233710108,0.28619322482915804,0.385,0.6419433166561969,2.766306805392456,0.5863041411003662,1914.5
1218,2.0,1.1,1.8,0.4,3.0,8.0,14.0,0.1895381183475289,4221.2635739460275,4074.325620613542,11732.901739026529,0.2835708832911641,0.385,0.6400412281078174,2.747023395993474,0.5836655064854872,1913.0
1219,2.0,1.1,1.8,0.4,4.0,6.0,14.0,0.16354349858786627,3536.0496693345135,4163.13762213671,11643.944589956882,0.28036078550499904,0.385,0.64367521533568,2.7584963277330385,0.5828420916873913,1683.0
1220,2.0,1.1,1.8,0.4,4.0,7.0,14.0,0.16246685758453305,3586.038722276973,4149.837584817122,11766.20240261868,0.2777014614124228,0.385,0.645479220800715,2.7617840745479256,0.5822924510438912,1667.5
1221,2.0,1.1,1.8,0.4,4.0,8.0,14.0,0.16958927419497363,3468.770786925744,4040.449245151639,11903.799973237557,0.28249223619440306,0.38,0.647296099097171,2.781554657622187,0.5835748295292897,1658.0
1222,2.0,1.1,1.8,0.4,5.0,6.0,14.0,0.197081266811354,3114.031812771122,4097.11762585316,11879.359231052858,0.2777666219125093,0.385,0.6451091239667754,2.7696312541147243,0.5769342614749807,1543.5
1223,2.0,1.1,1.8,0.4,5.0,7.0,14.0,0.19180483409391821,3130.970539059859,4114.349901054509,11515.04338066424,0.27679911466186957,0.38,0.6569142791636906,2.795338341871993,0.5779211306743102,1506.5
1224,2.0,1.1,1.8,0.4,5.0,8.0,14.0,0.1963824097579576,3115.905171251947,4054.063613214489,11670.443056396001,0.2762352532293256,0.38,0.6525401043705382,2.78159359597285,0.5800134261027691,1510.0
1225,2.0,1.1,1.8,0.4,6.0,6.0,14.0,0.2031124775005637,2868.7371465641922,4181.332392915996,11630.753931675263,0.2814915553096152,0.38,0.656737814814728,2.787898303701315,0.579667576002425,1461.0
1226,2.0,1.1,1.8,0.4,6.0,7.0,14.0,0.20734328874976077,2903.9261917786316,4127.040052228398,11809.595409363417,0.2752776356968851,0.38,0.6552368608888388,2.7892555046177536,0.5792411369821406,1441.5
1227,2.0,1.1,1.8,0.4,6.0,8.0,14.0,0.21226843453652128,2950.434600501804,4084.148242189576,11642.390322260035,0.2719535195340335,0.385,0.653424845865477,2.790268377006935,0.5746077944448464,1438.0
1228,2.0,1.1,1.8,0.4,7.0,6.0,14.0,0.21513783843561599,2779.6156555475854,4185.301356464212,11590.676177798658,0.27739317675707564,0.385,0.6515547040197291,2.789577632422886,0.5790600941840562,1437.5
1229,2.0,1.1,1.8,0.4,7.0,7.0,14.0,0.22318532180486136,2832.282971691494,3994.0502837774825,11593.499224959956,0.275099189279979,0.385,0.6588485338216498,2.7917432349792097,0.5794044730332271,1398.5
1230,2.0,1.1,1.8,0.4,7.0,8.0,14.0,0.2206946350143483,2748.422323756936,4067.838869656034,11471.989999599988,0.2757878562964699,0.38,0.6603260544031668,2.7837873748157493,0.580267042979147,1387.0
1231,2.0,1.1,2.2,0.4,3.0,6.0,14.0,0.19621162587618973,4228.745143695543,4230.315006926472,12209.191971601582,0.24645675505050504,0.375,0.6707544191919192,2.868998299209123,0.5880544933092817,1950.0
1232,2.0,1.1,2.2,0.4,3.0,7.0,14.0,0.20500184742845218,4243.743828891367,4097.503726951243,12134.299648478773,0.24532789153590706,0.375,0.6659050088513109,2.855532681945993,0.5857146695515913,1927.5
1233,2.0,1.1,2.2,0.4,3.0,8.0,14.0,0.19953918817779404,4152.011043315524,4027.271956528382,11928.278155261305,0.25042555492854335,0.375,0.6659173931783381,2.867015684697204,0.5895591971566296,1913.5
1234,2.0,1.1,2.2,0.4,4.0,6.0,14.0,0.17569254754087976,3547.6073343909848,4169.266329722883,12032.660694633134,0.24536268272991188,0.375,0.6638757350709734,2.8547404593773047,0.5812767463612043,1672.0
1235,2.0,1.1,2.2,0.4,4.0,7.0,14.0,0.18035782843972548,3558.5013123494373,4085.084351334478,12302.443353551751,0.24385846144887025,0.375,0.6689217912881436,2.8598729694932032,0.5820082191792378,1658.0
1236,2.0,1.1,2.2,0.4,4.0,8.0,14.0,0.17592553808951905,3530.4226741747525,4064.3506732669257,12064.684153552535,0.24998625995152585,0.37,0.6654569357762836,2.857374307379039,0.582249919651725,1658.0
1237,2.0,1.1,2.2,0.4,5.0,6.0,14.0,0.20350609162522043,3136.289913284908,4182.72785365515,12254.761937159848,0.2440276943923635,0.375,0.6674912040033942,2.8472654475722234,0.5745940760227146,1545.0
1238,2.0,1.1,2.2,0.4,5.0,7.0,14.0,0.20083047730384657,3131.9343927063037,4145.310721320844,12132.606741436346,0.24601626461202478,0.37,0.6654365918588332,2.850375295527269,0.5788159140833606,1518.0
1239,2.0,1.1,2.2,0.4,5.0,8.0,14.0,0.2045096892766649,3142.6363858059567,4071.6471247883737,12115.958535933776,0.24524481713929877,0.37,0.6705992912267444,2.8592480960377067,0.5792636252669638,1513.0
1240,2.0,1.1,2.2,0.4,6.0,6.0,14.0,0.21473955236300873,2934.8484078067313,4180.726997033338,12309.076034386015,0.2417948696318084,0.37,0.6717008181931513,2.8471566686484024,0.5756915266782046,1461.5
1241,2.0,1.1,2.2,0.4,6.0,7.0,14.0,0.21678007212030037,2924.009480029433,4197.559282072092,12135.583495835963,0.24444529794711273,0.375,0.6708318130317055,2.845472473139445,0.5783627697510398,1444.5
1242,2.0,1.1,2.2,0.4,6.0,8.0,14.0,0.22047487031061425,2923.0382305888897,4074.048435833643,12108.334750976986,0.24308772906410606,0.37,0.66831343488404,2.8579309913646473,0.5784407075187493,1439.5
1243,2.0,1.1,2.2,0.4,7.0,6.0,14.0,0.22195886804082093,2796.7830675741525,4228.062220178803,12025.179389395998,0.24741743637190486,0.375,0.675550865232323,2.8420960216604003,0.5801310464690823,1429.5
1244,2.0,1.1,2.2,0.4,7.0,7.0,14.0,0.22570183691338308,2798.203141173685,4142.8484698696575,12199.860085269434,0.24862883820518064,0.375,0.6670085418292089,2.846139453423687,0.5768983538320667,1408.0
1245,2.0,1.1,2.2,0.4,7.0,8.0,14.0,0.2259652930677163,2840.0033149332126,4122.008178869673,12215.56580659112,0.2453237921987922,0.375,0.6721882425007425,2.8583917280455378,0.580754364416627,1393.5
1246,2.0,1.1,2.6,0.4,3.0,6.0,14.0,0.19869735481540757,4217.329292407556,4213.415756638929,12160.822612443255,0.22341561123888629,0.36,0.682439664697148,2.9139979563279836,0.5865113534368345,1941.5
1247,2.0,1.1,2.6,0.4,3.0,7.0,14.0,0.2004990324459413,4231.90237805234,4133.4869399389945,12035.374110280209,0.22286165651094558,0.355,0.6814743631744091,2.923342923396872,0.5864970440983852,1926.0
1248,2.0,1.1,2.6,0.4,3.0,8.0,14.0,0.20365329151625838,4215.318719384928,4101.121199127423,12119.143864936545,0.22495681440330886,0.36,0.6835689279969723,2.9220462777072758,0.5901517972596443,1923.5
1249,2.0,1.1,2.6,0.4,4.0,6.0,14.0,0.1787110391818678,3547.5114595534196,4221.5847473238155,12165.669341698394,0.22287192418050605,0.365,0.6753162768454917,2.8900635181199315,0.5794111105553801,1689.5
1250,2.0,1.1,2.6,0.4,4.0,7.0,14.0,0.18222319271673668,3528.0790923084123,4111.348447086482,12341.697792938323,0.22271948221079613,0.36,0.6829265238477905,2.9091285571899252,0.5803156681316974,1660.5
1251,2.0,1.1,2.6,0.4,4.0,8.0,14.0,0.1926035738495221,3490.1874980169077,4025.1102660882234,12239.29504981357,0.22368974042027195,0.365,0.675101795971788,2.8982417173019677,0.575561421966907,1659.0
1252,2.0,1.1,2.6,0.4,5.0,6.0,14.0,0.20827323235298847,3100.222883574557,4193.442078367931,11981.056532118731,0.2264148100997242,0.365,0.6772064502440058,2.888246965233689,0.5794258451893286,1535.5
1253,2.0,1.1,2.6,0.4,5.0,7.0,14.0,0.20393475997878227,3123.7094539632362,4190.010377076679,12055.89214939154,0.22498729908465817,0.36,0.6889839267726536,2.9110570642838827,0.5824193149066847,1511.5
1254,2.0,1.1,2.6,0.4,5.0,8.0,14.0,0.21832757429050723,3086.329414101542,4073.1912509203084,12060.731452908882,0.2219078540507112,0.365,0.6868583797155225,2.888823227029097,0.5841112936636734,1505.0
1255,2.0,1.1,2.6,0.4,6.0,6.0,14.0,0.21313757766002706,2957.0517155909847,4210.652814539271,12025.29976033912,0.22655304919599012,0.36,0.6800621477261285,2.901835276796734,0.5764768057623595,1462.0
1256,2.0,1.1,2.6,0.4,6.0,7.0,14.0,0.22178049918235576,2945.9865865225856,4145.815826973296,12231.693617184083,0.2254789148188851,0.365,0.6867785750712896,2.883224518822553,0.5793169203567294,1446.0
1257,2.0,1.1,2.6,0.4,6.0,8.0,14.0,0.2180602931862587,2923.470985804189,4150.115183695869,12284.288582753634,0.2275297228709862,0.36,0.6793256044090845,2.893530017437891,0.5800767467824671,1437.0
1258,2.0,1.1,2.6,0.4,7.0,6.0,14.0,0.22146125740275066,2824.2831806547983,4203.031782710222,11914.186937516777,0.22829694108992826,0.36,0.6798800956292528,2.8948249416451377,0.5753273297941861,1429.0
1259,2.0,1.1,2.6,0.4,7.0,7.0,14.0,0.2314558097457538,2824.5290513036684,4136.375976532083,12187.824766091244,0.22383404693518072,0.365,0.6785780343109755,2.885159326017604,0.5755800653504428,1402.0
1260,2.0,1.1,2.6,0.4,7.0,8.0,14.0,0.23130700008501381,2804.2804458438277,4094.3846646686634,12050.432583104923,0.22378946475900646,0.36,0.6832631777344977,2.910436387787003,0.5764684167309764,1400.0
1261,2.0,1.3,0.6,0.4,3.0,6.0,14.0,0.09828605051126074,4200.694272141884,4173.489403037652,11426.168247732805,0.42073431615908646,0.38,0.4998665603013076,2.465176726803159,0.5846700118468465,1948.5
1262,2.0,1.3,0.6,0.4,3.0,7.0,14.0,0.10868600468962468,4274.585476797467,4136.428858622592,11644.301213778192,0.41986085028760833,0.385,0.5047020872456859,2.4866001177930954,0.5861799731606525,1928.0
1263,2.0,1.3,0.6,0.4,3.0,8.0,14.0,0.11611545220191796,4288.455859486604,4040.871714013581,11546.878116599084,0.4175412067264017,0.385,0.51315949279672,2.488632197254301,0.5920522017311141,1916.5
1264,2.0,1.3,0.6,0.4,4.0,6.0,14.0,0.09936295547033765,3491.473632019224,4198.521933109544,11516.857628631727,0.39005357308016264,0.385,0.5403086594515749,2.541042854357058,0.5795979601446719,1683.5
1265,2.0,1.3,0.6,0.4,4.0,7.0,14.0,0.099830558563033,3488.4942430686733,4137.493674308022,11570.437405434033,0.3887281990629122,0.38,0.543070918436974,2.552727715046152,0.5856941903994092,1658.0
1266,2.0,1.3,0.6,0.4,4.0,8.0,14.0,0.10262448567533822,3531.3783175401873,4057.6549490303123,11551.5531986283,0.3927165907685388,0.385,0.5394670264800134,2.536513809863777,0.5836721355188821,1655.5
1267,2.0,1.3,0.6,0.4,5.0,6.0,14.0,0.14452177056764587,3181.1804556171637,4092.8806256937346,11488.349730356715,0.3588395852270326,0.385,0.5677451555099764,2.6036758176170913,0.5810505042239631,1531.0
1268,2.0,1.3,0.6,0.4,5.0,7.0,14.0,0.1405494278870127,3122.153197411971,4092.275016719243,11577.126859331353,0.36589166614722934,0.38,0.5677385256290386,2.5941507412141815,0.5814312790547271,1521.0
1269,2.0,1.3,0.6,0.4,5.0,8.0,14.0,0.14733257231214553,3107.214656995281,4084.699525846033,11550.971906704279,0.36323315988814553,0.385,0.5673524830979435,2.597127551866534,0.580941689649612,1504.0
1270,2.0,1.3,0.6,0.4,6.0,6.0,14.0,0.15051910642951483,2912.326266632005,4190.250783769815,11612.83284271073,0.3577444325894985,0.375,0.5742775419400241,2.612027446844656,0.5714260708359844,1470.0
1271,2.0,1.3,0.6,0.4,6.0,7.0,14.0,0.16776146367249564,2901.8429482381043,4076.329197770087,11496.720315508876,0.3529335348232986,0.385,0.5820064158646836,2.62507784114033,0.5773838472399855,1441.0
1272,2.0,1.3,0.6,0.4,6.0,8.0,14.0,0.17051910772034287,2928.1744583970303,4065.3920777938893,11641.373656425818,0.34630057186293317,0.385,0.5814285112560413,2.630670327490538,0.5807884678110666,1429.5
1273,2.0,1.3,0.6,0.4,7.0,6.0,14.0,0.17514975742508215,2777.1903303655736,4141.89147354334,11490.274366233789,0.34875036971310264,0.385,0.5843093759242828,2.637793811125588,0.5785932023749971,1425.0
1274,2.0,1.3,0.6,0.4,7.0,7.0,14.0,0.17862439797804935,2794.5606945734426,4099.909893847855,11669.334266535101,0.3447189548420304,0.385,0.5822849962910819,2.6446754565630837,0.5779435544285993,1408.5
1275,2.0,1.3,0.6,0.4,7.0,8.0,14.0,0.17892447259466812,2811.6978603683333,4033.1774786643505,11443.013976422695,0.34827226422906515,0.385,0.5868010920058276,2.647539542389961,0.5756781363889594,1392.5
1276,2.0,1.3,1.0,0.4,3.0,6.0,14.0,0.12775710409071545,4186.705345666169,4234.111508770563,11591.296044401022,0.36271961893862326,0.38,0.5611475818073923,2.572847668992629,0.5870226336514158,1943.0
1277,2.0,1.3,1.0,0.4,3.0,7.0,14.0,0.14187888495738996,4219.494849700492,4111.669919266561,11551.28883938459,0.3600808502729247,0.385,0.5640957290708821,2.569839829256063,0.5878201143511679,1918.5
1278,2.0,1.3,1.0,0.4,3.0,8.0,14.0,0.14685146299489876,4259.660895883484,4045.1528511068054,11459.231069877753,0.3622574008023757,0.385,0.5604505626944187,2.568381118240393,0.5825882741673349,1919.5
1279,2.0,1.3,1.0,0.4,4.0,6.0,14.0,0.12109870660233671,3573.5256196884775,4200.165702868611,11611.340484818058,0.3440933191940615,0.385,0.5771571226581831,2.6072023651398624,0.5815348949496908,1682.5
1280,2.0,1.3,1.0,0.4,4.0,7.0,14.0,0.13337674512859746,3480.5606894448856,4115.0096259068705,11658.910147319466,0.3352907249749903,0.38,0.5876332878346414,2.6365120067137564,0.5830742202135062,1656.5
1281,2.0,1.3,1.0,0.4,4.0,8.0,14.0,0.12985905719441773,3537.6423901744674,4031.8495212002053,11625.84688731419,0.34220899732387594,0.38,0.5853246902688811,2.61254367968212,0.5831576934398263,1647.0
1282,2.0,1.3,1.0,0.4,5.0,6.0,14.0,0.15758726367667822,3101.4304361266586,4162.860303903219,11708.814957662777,0.3332705496111983,0.38,0.5959206380489314,2.6453631187202538,0.5782779531004332,1551.5
1283,2.0,1.3,1.0,0.4,5.0,7.0,14.0,0.16654578265342201,3064.6263644832507,4143.686553536787,11624.532482893923,0.3304774122606066,0.385,0.5977007725470254,2.6510168344510348,0.5786660421789389,1518.0
1284,2.0,1.3,1.0,0.4,5.0,8.0,14.0,0.16290585195206184,3159.9769371056445,4046.696093122699,11672.31142418927,0.32814489599853874,0.38,0.5938509344587937,2.6479310161982084,0.5820106340806914,1509.5
1285,2.0,1.3,1.0,0.4,6.0,6.0,14.0,0.1757424546386584,2910.201011504112,4174.075439527041,11462.36875765409,0.32342775272192087,0.38,0.5996699688365844,2.6571859445774826,0.5803062507880147,1468.0
1286,2.0,1.3,1.0,0.4,6.0,7.0,14.0,0.1849525585677271,2853.7129180602233,4136.6875915119945,11706.73871426483,0.3240795333375149,0.385,0.6056024105105207,2.672731364275566,0.5792535303114599,1440.5
1287,2.0,1.3,1.0,0.4,6.0,8.0,14.0,0.18463683647059717,2885.221106741019,4042.2472121588057,11478.701096995414,0.3231663900315124,0.38,0.603811551321835,2.665539959249726,0.5816505369104432,1442.5
1288,2.0,1.3,1.0,0.4,7.0,6.0,14.0,0.18353153898732621,2848.048391586556,4150.200175087301,11473.004375626962,0.3195302517387826,0.38,0.6066806179602389,2.664987013876603,0.5787431536675801,1426.0
1289,2.0,1.3,1.0,0.4,7.0,7.0,14.0,0.19398185332750612,2788.406731020712,4063.4410419896312,11558.523613970025,0.31653048228293545,0.38,0.6113620057974849,2.6788875090475015,0.5742237759253679,1391.5
1290,2.0,1.3,1.0,0.4,7.0,8.0,14.0,0.19231186826100227,2809.9718648801127,4103.255778272233,11616.918014025126,0.3196771462156583,0.385,0.6151978404035494,2.6788339156585277,0.577971910784677,1405.0
1291,2.0,1.3,1.4,0.4,3.0,6.0,14.0,0.16479064437887203,4217.369119516416,4182.465994638375,11494.739786139951,0.3149838777785573,0.385,0.6156790081608317,2.6768278686050104,0.5852368118806383,1951.0
1292,2.0,1.3,1.4,0.4,3.0,7.0,14.0,0.16409000516968397,4157.002867323167,4113.567212903919,11613.377591363318,0.31551531747226463,0.385,0.6059180726499709,2.6803008069488716,0.5837161456009833,1941.0
1293,2.0,1.3,1.4,0.4,3.0,8.0,14.0,0.1743314418476669,4229.258656255901,4036.74254666665,11505.779596273878,0.3134025513312072,0.385,0.6053991830006809,2.6807817345971747,0.585276935626107,1919.5
1294,2.0,1.3,1.4,0.4,4.0,6.0,14.0,0.14672713021751874,3534.5813025438083,4158.362950903217,11634.118923547172,0.3028442425956033,0.38,0.6174330246695412,2.704924064468115,0.5819268363479078,1682.5
1295,2.0,1.3,1.4,0.4,4.0,7.0,14.0,0.15519530664244938,3547.6616725327394,4128.524022697413,11790.750493725543,0.2961817854793582,0.385,0.6213292608046722,2.711906027919378,0.5827535656236142,1656.0
1296,2.0,1.3,1.4,0.4,4.0,8.0,14.0,0.1616578952910433,3475.852059551258,4062.2313903447434,11705.57994467688,0.29942013167417647,0.385,0.6188598743959097,2.7016353307615004,0.5813807870090505,1656.0
1297,2.0,1.3,1.4,0.4,5.0,6.0,14.0,0.17802879999701446,3114.784304538077,4179.080650401477,11703.527031499661,0.29595762175838075,0.38,0.6297925363693865,2.7266931402303167,0.5810867622565423,1540.5
1298,2.0,1.3,1.4,0.4,5.0,7.0,14.0,0.18430245487954897,3151.687420973658,4106.619290218663,11744.630826054377,0.294114503443811,0.385,0.6281231622683259,2.728568389785114,0.5775299053991476,1514.5
1299,2.0,1.3,1.4,0.4,5.0,8.0,14.0,0.1828228667996097,3141.8265396999022,4089.017507403929,11788.136286790677,0.29293615670755274,0.38,0.6338385584550519,2.7387982072075507,0.579896758489921,1502.5
1300,2.0,1.3,1.4,0.4,6.0,6.0,14.0,0.1993069353300803,2880.421658226106,4180.460685452295,11775.347992391358,0.2930030212323558,0.385,0.635390283214368,2.7378529525581667,0.5784213996123806,1467.0
1301,2.0,1.3,1.4,0.4,6.0,7.0,14.0,0.2018681911734367,2865.236150665889,4150.709705017045,11672.218603902198,0.2930951483547154,0.385,0.6343634750165792,2.7393023351333863,0.5772789090002537,1448.5
1302,2.0,1.3,1.4,0.4,6.0,8.0,14.0,0.21034189425707925,2867.715822143265,4044.628995066319,11778.606031259467,0.2881147476619369,0.385,0.6374137213484204,2.7378372043930526,0.5816868986254478,1428.0
1303,2.0,1.3,1.4,0.4,7.0,6.0,14.0,0.2022516779804361,2809.1539367691576,4261.336984940786,11756.169792761775,0.288859869077677,0.385,0.6362183178263243,2.7420482066446823,0.5760061881567787,1440.0
1304,2.0,1.3,1.4,0.4,7.0,7.0,14.0,0.21414435365646564,2768.8807667289097,4109.192143954713,11916.759520266109,0.28712049479830537,0.385,0.6392348592446921,2.7448412283015244,0.5799656517626124,1407.0
1305,2.0,1.3,1.4,0.4,7.0,8.0,14.0,0.21190760425591101,2794.2794450037177,4022.0430541441037,11610.564726959496,0.28947141282819955,0.38,0.6328807063241908,2.756257050815872,0.5788166128117211,1396.0
1306,2.0,1.3,1.8,0.4,3.0,6.0,14.0,0.18604280008524895,4183.00484030912,4091.001073296561,11552.07417080974,0.2836092579347864,0.385,0.6362366616605146,2.7597732889185185,0.583257973041839,1937.5
1307,2.0,1.3,1.8,0.4,3.0,7.0,14.0,0.1789519821941083,4179.714052171148,4130.046602734659,11971.371864227765,0.28527526596174285,0.38,0.6360507790667997,2.7644239298294764,0.5891246871577955,1927.5
1308,2.0,1.3,1.8,0.4,3.0,8.0,14.0,0.1869144648974267,4245.564135234548,4068.7508003821335,11615.63019334371,0.28486937906152876,0.38,0.6410999543587403,2.748781375493122,0.5861860554608757,1919.0
1309,2.0,1.3,1.8,0.4,4.0,6.0,14.0,0.1625984754208512,3532.578951004958,4143.970953973054,11460.349421285247,0.28406468486640796,0.385,0.6454127420981555,2.7650912908760996,0.5838606733021063,1676.0
1310,2.0,1.3,1.8,0.4,4.0,7.0,14.0,0.16515835867811546,3527.376861953827,4113.942658894463,11526.52526014952,0.2830529347916841,0.385,0.6409785422058947,2.762325162086012,0.5813416536460986,1667.5
1311,2.0,1.3,1.8,0.4,4.0,8.0,14.0,0.17215525615622818,3530.931191120878,4042.9809836913196,11817.573673812876,0.2772747046913701,0.385,0.649138574343918,2.773342689826874,0.5798797616871696,1655.0
1312,2.0,1.3,1.8,0.4,5.0,6.0,14.0,0.18931553078186072,3157.169636053857,4172.759557322591,11865.025516943682,0.27276194037380624,0.38,0.6555260768148715,2.795489233852761,0.5853980779394872,1536.5
1313,2.0,1.3,1.8,0.4,5.0,7.0,14.0,0.1966488382460085,3097.387970965856,4042.7047324419,11596.059156041176,0.27890676893793376,0.38,0.6448368908315203,2.7846989600335705,0.5805770147968545,1516.0
1314,2.0,1.3,1.8,0.4,5.0,8.0,14.0,0.19732003194192163,3168.5018860765435,4016.0168486361354,11652.975698467399,0.27848482041646266,0.385,0.6501585663310089,2.7780002974448204,0.5777350471588498,1506.5
1315,2.0,1.3,1.8,0.4,6.0,6.0,14.0,0.2120165158255259,2876.4590392821774,4126.527409909199,11739.773739542808,0.27694834112151706,0.385,0.6565557552366655,2.7886469760090407,0.576065190483831,1466.5
1316,2.0,1.3,1.8,0.4,6.0,7.0,14.0,0.20805440625535906,2959.8628470978606,4085.6192186930575,11528.38804269398,0.2778326378338878,0.385,0.6499283667621776,2.791105934587297,0.5805554920938341,1443.0
1317,2.0,1.3,1.8,0.4,6.0,8.0,14.0,0.21596353547462657,2903.5992581815854,4010.132944962982,11652.012979789863,0.2713422911519721,0.38,0.6657117543108737,2.7980029643343247,0.5736353426467272,1439.5
1318,2.0,1.3,1.8,0.4,7.0,6.0,14.0,0.219186435776443,2772.414491072266,4168.401070394189,11642.259094317458,0.2729267085530663,0.385,0.6543518701375327,2.7966983273387287,0.5792796848712327,1433.0
1319,2.0,1.3,1.8,0.4,7.0,7.0,14.0,0.21304662475610175,2827.5366483111834,4127.771409111643,11641.961776676108,0.27428515561981426,0.38,0.6589545975286254,2.789520688563332,0.5787652815855975,1400.5
1320,2.0,1.3,1.8,0.4,7.0,8.0,14.0,0.22175247667958106,2765.808640764094,4050.5899416196876,11710.68107300545,0.2735914584945056,0.38,0.6598142463793433,2.7931208042550493,0.5790355987680225,1388.0
1321,2.0,1.3,2.2,0.4,3.0,6.0,14.0,0.19900939976292026,4274.54968450747,4239.209237823862,12123.209452701221,0.24614654410055975,0.375,0.6700214353988498,2.8741603347903872,0.5890261236974221,1950.5
1322,2.0,1.3,2.2,0.4,3.0,7.0,14.0,0.2027996157740507,4217.828712785378,4091.062298656482,11984.459663641734,0.24667054648810768,0.375,0.6687755021971123,2.8757553652461016,0.5835192220573941,1916.0
1323,2.0,1.3,2.2,0.4,3.0,8.0,14.0,0.20291849454678795,4229.750768226806,4090.031235791144,12209.527257721162,0.24155064242466337,0.37,0.6661814612271564,2.857085315955838,0.5867852302951064,1920.0
1324,2.0,1.3,2.2,0.4,4.0,6.0,14.0,0.17160547472676865,3543.6741443891406,4199.768934814088,12074.171062572748,0.2435688552031201,0.37,0.6704393217151419,2.8636454917616514,0.581294425890464,1681.0
1325,2.0,1.3,2.2,0.4,4.0,7.0,14.0,0.1777392643637734,3575.922200728398,4120.080085713053,12232.484234640982,0.2431378563695417,0.375,0.6749675207506316,2.8632434376848463,0.5806858172645711,1665.0
1326,2.0,1.3,2.2,0.4,4.0,8.0,14.0,0.1802483004791156,3553.922795613492,4117.366901028402,12330.452444038012,0.2416590977679245,0.375,0.6739597721495479,2.861867195320619,0.5800927405012113,1661.0
1327,2.0,1.3,2.2,0.4,5.0,6.0,14.0,0.20589414956798802,3106.4849593184863,4142.152084641841,12256.278312809714,0.24704028387615193,0.375,0.6680952477417024,2.8394626851637277,0.580104451270277,1540.0
1328,2.0,1.3,2.2,0.4,5.0,7.0,14.0,0.206039370967376,3132.643555289685,4127.380399250194,11963.09274650853,0.24516049892325725,0.375,0.6712377933458726,2.863408030190191,0.5780454928698352,1521.0
1329,2.0,1.3,2.2,0.4,5.0,8.0,14.0,0.20896039743853645,3113.5129881255652,4151.993477755082,12086.992467306893,0.24020800338885842,0.375,0.670968910187407,2.8548949536182917,0.58413122375759,1515.5
1330,2.0,1.3,2.2,0.4,6.0,6.0,14.0,0.21171045026188204,2925.1410106908106,4205.998317598744,12172.656401278953,0.24571177865473331,0.37,0.6700220341647818,2.8535627881927557,0.579745203771827,1469.0
1331,2.0,1.3,2.2,0.4,6.0,7.0,14.0,0.21901242218193606,2909.3635181332315,4141.040160981357,12188.94352139148,0.2474352392177847,0.375,0.673978301793561,2.864798522580681,0.574888856198831,1441.0
1332,2.0,1.3,2.2,0.4,6.0,8.0,14.0,0.21729483775191188,2967.487101980073,4131.536246275885,11928.232452683711,0.24458980351045784,0.375,0.676157473130413,2.863169852181935,0.5784257752644297,1436.0
1333,2.0,1.3,2.2,0.4,7.0,6.0,14.0,0.22353331313861824,2823.6977829148072,4172.483694859462,12012.453980742383,0.24671931102337052,0.375,0.674857208571319,2.8525064483386116,0.5805541612271163,1427.5
1334,2.0,1.3,2.2,0.4,7.0,7.0,14.0,0.21907811769519953,2819.687548249188,4136.007302512031,12165.725849409639,0.2452102506117867,0.365,0.669577326692576,2.87047308421634,0.5785842284536349,1404.5
1335,2.0,1.3,2.2,0.4,7.0,8.0,14.0,0.23026543777848008,2815.4523031374865,4057.9377887139635,12116.412713557304,0.24664091072992322,0.375,0.6637660330706228,2.850179695266207,0.5771676021470024,1394.0
1336,2.0,1.3,2.6,0.4,3.0,6.0,14.0,0.2045069973708969,4274.938348970026,4224.839442652208,12243.285784886273,0.22551914796710076,0.365,0.6743512305435364,2.916937883977398,0.5847883524115596,1943.5
1337,2.0,1.3,2.6,0.4,3.0,7.0,14.0,0.2132624798635115,4278.10074718603,4146.344881277556,12252.901809407165,0.21822468046679633,0.365,0.6777273200889136,2.9215494147299923,0.5874233265913225,1920.0
1338,2.0,1.3,2.6,0.4,3.0,8.0,14.0,0.21183829816689492,4278.010772360922,4071.155042463335,11993.678307119722,0.22100283579087301,0.36,0.6844403740532787,2.911952979208788,0.5886804705109128,1913.0
1339,2.0,1.3,2.6,0.4,4.0,6.0,14.0,0.17624459760629912,3523.370238026895,4254.229860050181,12167.714423423246,0.22681602004274654,0.365,0.676177652903792,2.894913851761509,0.5808326382152667,1681.5
1340,2.0,1.3,2.6,0.4,4.0,7.0,14.0,0.17769052500752477,3542.5914597270894,4158.185256183772,12060.029684821151,0.224479624051965,0.36,0.6783989548934934,2.903762409988473,0.5850038846148422,1660.5
1341,2.0,1.3,2.6,0.4,4.0,8.0,14.0,0.18709640705762476,3533.925602526476,4039.3800590270403,12065.896644932633,0.2267034746760895,0.365,0.6789528121319199,2.895643431869777,0.5843728159372111,1649.0
1342,2.0,1.3,2.6,0.4,5.0,6.0,14.0,0.2050699697135513,3073.080418641526,4266.071466605112,12233.563760272678,0.22834232689495185,0.365,0.6787045909190244,2.880608702519192,0.5809833303254321,1543.0
1343,2.0,1.3,2.6,0.4,5.0,7.0,14.0,0.20746817234330195,3087.6035839822543,4177.927521478796,12095.36724617882,0.23059178316554169,0.365,0.6819175798050765,2.8913990601879336,0.5814154904954358,1518.0
1344,2.0,1.3,2.6,0.4,5.0,8.0,14.0,0.21556157038874812,3088.0349643072923,4119.991241671845,12075.01468014397,0.22215431224422072,0.365,0.676332356108996,2.9049207902292222,0.5807261206453922,1503.0
1345,2.0,1.3,2.6,0.4,6.0,6.0,14.0,0.2217699471955502,2873.1442472943745,4186.604877658727,12178.695808273209,0.23008279437065454,0.365,0.6793518826062779,2.8863531310516217,0.5786065660901972,1465.0
1346,2.0,1.3,2.6,0.4,6.0,7.0,14.0,0.22427076212009056,2927.4506522113334,4147.180397256308,12010.662788994017,0.22327270781028005,0.365,0.6780575504563944,2.8944650067243805,0.5810243433785116,1434.5
1347,2.0,1.3,2.6,0.4,6.0,8.0,14.0,0.23060405272791534,2884.836733350574,4066.0522230506385,12103.337788961784,0.22475410155204384,0.365,0.6799502119520516,2.8885336059032323,0.580186392934253,1434.5
1348,2.0,1.3,2.6,0.4,7.0,6.0,14.0,0.22184660352844482,2805.8563883314173,4282.938151797183,12018.668205629949,0.2289175724637681,0.365,0.6836730072463768,2.880212074773941,0.5801147177880828,1426.0
1349,2.0,1.3,2.6,0.4,7.0,7.0,14.0,0.23174939338149952,2788.9976340739777,4133.095320709585,12212.215188240105,0.22129779189260854,0.36,0.685994184716715,2.902550766046449,0.5828009033330022,1406.5
1350,2.0,1.3,2.6,0.4,7.0,8.0,14.0,0.23287376081254083,2818.1059147794667,4150.513900773904,12275.346860969501,0.2209086644844851,0.365,0.6927220675660518,2.895210792800005,0.5779124328892786,1401.5
1351,2.5,0.5,0.6,0.4,3.0,6.0,14.0,0.11156435565494481,4205.281721264041,4199.173853694546,11888.783614549211,0.4384674400332763,0.385,0.479612700466793,2.4535183396351945,0.5918095652206232,1946.0
1352,2.5,0.5,0.6,0.4,3.0,7.0,14.0,0.12356160994546367,4324.0962121656685,4069.443751344851,11590.475025123627,0.4334988640051931,0.385,0.48285621551444335,2.4600472554873742,0.5885666486987388,1923.0
1353,2.5,0.5,0.6,0.4,3.0,8.0,14.0,0.12256812759217099,4271.079331447228,4012.978767975984,11528.041883677417,0.43276053459511377,0.385,0.48715947936218224,2.45233615153818,0.5887606088390093,1911.0
1354,2.5,0.5,0.6,0.4,4.0,6.0,14.0,0.08655837971234484,3526.6899716593734,4200.9220064024275,11429.494979274168,0.40099588214510423,0.38,0.5212773520102792,2.515855632883351,0.5865154258763619,1682.0
1355,2.5,0.5,0.6,0.4,4.0,7.0,14.0,0.0889510607095812,3599.568001360974,4083.2756979438936,11861.413807930672,0.3992952390609948,0.38,0.5227750776830531,2.5172368043588973,0.5832525585141997,1662.0
1356,2.5,0.5,0.6,0.4,4.0,8.0,14.0,0.09502167840575784,3534.0513510741985,4044.3720034996827,11500.949816716304,0.40001691856530563,0.38,0.5260545905707197,2.5144942506704346,0.579406325402802,1658.5
1357,2.5,0.5,0.6,0.4,5.0,6.0,14.0,0.12699820536264786,3104.1200675871337,4171.425805057542,11504.44048508471,0.38358541949687,0.38,0.5439707426523873,2.5661733564459337,0.5814113168489523,1539.0
1358,2.5,0.5,0.6,0.4,5.0,7.0,14.0,0.1366947492941931,3113.8535411342546,4135.958290489765,11514.56202143212,0.37574450003066495,0.385,0.5499264042335089,2.564552195016031,0.5813303003016237,1511.5
1359,2.5,0.5,0.6,0.4,5.0,8.0,14.0,0.1377561606828485,3131.7442632243865,4050.3624533193133,11496.827218887622,0.37326551993497514,0.38,0.551214333970211,2.589569801728878,0.5832895639020528,1508.5
1360,2.5,0.5,0.6,0.4,6.0,6.0,14.0,0.15209789834684187,2963.4043145851156,4158.096452417827,11478.525616136067,0.36492282107137,0.385,0.56509662005481,2.60907274897193,0.5765379702782819,1461.5
1361,2.5,0.5,0.6,0.4,6.0,7.0,14.0,0.16630471573416197,2859.001309232639,4068.8237137596,11469.687490389195,0.36090951568202506,0.385,0.5677376831965744,2.597293901759576,0.5741460248863867,1435.5
1362,2.5,0.5,0.6,0.4,6.0,8.0,14.0,0.16100575310030416,2946.724314163849,4037.3338554822094,11467.890440862646,0.3627036817926189,0.385,0.5621354543263437,2.600945624699644,0.5804364383957346,1434.0
1363,2.5,0.5,0.6,0.4,7.0,6.0,14.0,0.1645928981078653,2821.9674093891467,4150.821803341079,11465.129117397937,0.3606098755755854,0.385,0.5664921132556089,2.618152349397685,0.578374272521805,1429.5
1364,2.5,0.5,0.6,0.4,7.0,7.0,14.0,0.16643776347688816,2806.2023701613716,4109.737503611981,11417.826661845853,0.3502627607751774,0.375,0.5730992737803338,2.6182332836481077,0.5752460104972048,1402.5
1365,2.5,0.5,0.6,0.4,7.0,8.0,14.0,0.16798658449427212,2816.600085134034,4090.5372854560924,11559.633405573117,0.3545723724272318,0.38,0.5753947955993992,2.6196372165721407,0.57314478106923,1404.5
1366,2.5,0.5,1.0,0.4,3.0,6.0,14.0,0.10953812095968371,4317.2443824557695,4198.476657929325,11434.191340881876,0.4176845861275359,0.385,0.5017168656272479,2.475101074346492,0.5890766837606212,1947.5
1367,2.5,0.5,1.0,0.4,3.0,7.0,14.0,0.11126782146733855,4253.265368958942,4094.267903110802,11532.950184810456,0.4168980021030494,0.385,0.5037345304537734,2.4734487024560554,0.5833542781163465,1926.0
1368,2.5,0.5,1.0,0.4,3.0,8.0,14.0,0.11412038639154398,4300.618311934255,4066.2967605187496,11881.468610795806,0.4200147290439247,0.385,0.49907680167480084,2.4609617306439593,0.5839169613856081,1924.5
1369,2.5,0.5,1.0,0.4,4.0,6.0,14.0,0.09766931184799879,3514.3905361687594,4174.578562067346,11611.361218228783,0.38609123538472245,0.38,0.5400646454406403,2.5530662306644993,0.5857498393085923,1674.0
1370,2.5,0.5,1.0,0.4,4.0,7.0,14.0,0.1046983389574569,3549.7547470586433,4069.7360839238254,11490.00869184767,0.3860644222296058,0.385,0.5400396183349465,2.545596481755071,0.5841482109042838,1664.5
1371,2.5,0.5,1.0,0.4,4.0,8.0,14.0,0.0994471607470537,3595.500549421731,4048.710963379,11569.448735911923,0.3852299048408082,0.38,0.534196740608062,2.5401024644307912,0.5827461050178082,1656.5
1372,2.5,0.5,1.0,0.4,5.0,6.0,14.0,0.14125921949866188,3073.7116115123436,4183.354272518583,11427.649215615962,0.36836346821201604,0.385,0.5573278239251989,2.5880831428970694,0.5850907816322557,1536.0
1373,2.5,0.5,1.0,0.4,5.0,7.0,14.0,0.1356066285681141,3163.656154242285,4131.056741360465,11206.515021398152,0.36600694790724453,0.38,0.5589444180485326,2.5767644269475296,0.5786209127878446,1516.0
1374,2.5,0.5,1.0,0.4,5.0,8.0,14.0,0.15350658616319124,3085.1901156156828,4018.088381398128,11563.336548010057,0.3613443381281287,0.385,0.5601866520217702,2.607770598782087,0.5806531220030235,1508.0
1375,2.5,0.5,1.0,0.4,6.0,6.0,14.0,0.1648537036467726,2854.34561036222,4160.2045534823465,11593.603320800536,0.3556598156448929,0.385,0.5744975124099525,2.6093458520721056,0.5767044352612869,1464.5
1376,2.5,0.5,1.0,0.4,6.0,7.0,14.0,0.16461496462637842,2901.347225120432,4041.439309392392,11436.380937380109,0.3550486872482397,0.38,0.5655718592694802,2.6257675375574694,0.570750228341155,1444.5
1377,2.5,0.5,1.0,0.4,6.0,8.0,14.0,0.1759306785419608,2902.9592345699125,4003.0373099184008,11403.066578407004,0.345671519452878,0.385,0.5839130332717769,2.6322511831399984,0.5813358702090436,1431.0
1378,2.5,0.5,1.0,0.4,7.0,6.0,14.0,0.1693184800372263,2780.6145624685278,4218.799626916485,11550.44464969699,0.35124512080999326,0.385,0.5828006685304425,2.6245108974205014,0.5784674698173586,1430.0
1379,2.5,0.5,1.0,0.4,7.0,7.0,14.0,0.17718904916620806,2800.4988872670183,4076.7461274544744,11450.819802928758,0.34853990771598053,0.385,0.5800916412051964,2.6401469850525463,0.5754556426176887,1412.0
1380,2.5,0.5,1.0,0.4,7.0,8.0,14.0,0.17724340667791416,2741.1004057974897,4095.1105278949676,11519.162968533912,0.34716383972468046,0.38,0.5783523844641101,2.6276107470505705,0.5785987351144083,1398.0
1381,2.5,0.5,1.4,0.4,3.0,6.0,14.0,0.12510870598695303,4285.508725437279,4202.901008698555,11575.244079003845,0.3875326428680087,0.385,0.5292671306390819,2.5135125626917367,0.5901828589173843,1946.0
1382,2.5,0.5,1.4,0.4,3.0,7.0,14.0,0.11745425303271387,4185.533432608323,4111.583524894095,11413.501116519361,0.39091056200401897,0.38,0.531273153447452,2.513849464099329,0.588428891443507,1922.5
1383,2.5,0.5,1.4,0.4,3.0,8.0,14.0,0.12661330867620618,4176.513064845205,4028.880794758552,11469.574488621161,0.3882997336187243,0.385,0.532877100510589,2.5212347048674753,0.5861663422102055,1915.0
1384,2.5,0.5,1.4,0.4,4.0,6.0,14.0,0.11376305063178539,3567.77038636489,4117.1033307032485,11569.415780802266,0.36453636403682654,0.385,0.5575904145191841,2.567890250823435,0.5793725320380643,1685.0
1385,2.5,0.5,1.4,0.4,4.0,7.0,14.0,0.11542983755922623,3567.0354160389525,4130.077103431037,11655.779543777535,0.3606531268983861,0.385,0.5584979285358552,2.583203186644009,0.5824207684407318,1656.0
1386,2.5,0.5,1.4,0.4,4.0,8.0,14.0,0.12347057523413132,3537.5571500382503,4022.756080263235,11426.27954953387,0.36013241644364113,0.385,0.5592041760693263,2.582968543832378,0.5817137569659463,1648.5
1387,2.5,0.5,1.4,0.4,5.0,6.0,14.0,0.14429572969445928,3166.2479049048857,4181.220265986007,11557.620210693934,0.34660605140275613,0.38,0.5735507383926199,2.609138065833445,0.5771804641184355,1540.5
1388,2.5,0.5,1.4,0.4,5.0,7.0,14.0,0.15228394452851468,3095.311866369795,4149.161436688463,11608.64980451913,0.3441048452483401,0.38,0.580537141315268,2.598593598123727,0.5782764345221392,1514.0
1389,2.5,0.5,1.4,0.4,5.0,8.0,14.0,0.15527700412480688,3151.4692024005853,4087.1583000252976,11457.424940814168,0.3446514743942225,0.385,0.5758580490967007,2.623459317167824,0.5823779206092619,1503.0
1390,2.5,0.5,1.4,0.4,6.0,6.0,14.0,0.17041883061694416,2924.537146273464,4198.151073367835,11433.0892129948,0.33494647183969783,0.385,0.5880983910293207,2.6411827936922747,0.5804139050930469,1454.0
1391,2.5,0.5,1.4,0.4,6.0,7.0,14.0,0.17512568652210792,2903.2382414456824,4090.964724134099,11553.570654278625,0.3327242247959248,0.38,0.592600740580435,2.635210964078409,0.5794914928794475,1448.0
1392,2.5,0.5,1.4,0.4,6.0,8.0,14.0,0.17067730383386487,2884.6385767580205,4132.717528873761,11516.246663662107,0.33855137141235925,0.38,0.5874780984257704,2.6396878435986464,0.5757991410003208,1445.5
1393,2.5,0.5,1.4,0.4,7.0,6.0,14.0,0.17957805717881153,2757.045213053433,4146.774848461212,11629.163913765553,0.3367906126821893,0.38,0.592376887294584,2.6480623746494047,0.5788541405058403,1431.0
1394,2.5,0.5,1.4,0.4,7.0,7.0,14.0,0.181835821974589,2792.6513169484388,4112.690442943443,11569.836768630452,0.332027520703902,0.38,0.5951847967634245,2.6356941794245845,0.5779772857239307,1400.0
1395,2.5,0.5,1.4,0.4,7.0,8.0,14.0,0.18353261923695388,2847.9270580264592,4101.871002180703,11555.466039812361,0.33025048050954786,0.385,0.5992075888448946,2.658382221319002,0.5781733931389015,1397.0
1396,2.5,0.5,1.8,0.4,3.0,6.0,14.0,0.14482664593442274,4236.39796186644,4219.835507104084,11653.995580494513,0.3409562939384337,0.38,0.5790906354431893,2.604294003828251,0.588721608789599,1944.5
1397,2.5,0.5,1.8,0.4,3.0,7.0,14.0,0.15291570478373648,4183.139286554747,4131.472231854112,11677.775559320557,0.33563976441408816,0.385,0.5832002821569839,2.6070898684988046,0.5886882084114406,1921.5
1398,2.5,0.5,1.8,0.4,3.0,8.0,14.0,0.16072927948031934,4226.978798793782,4004.8764657067286,11666.868381431586,0.33886055153840244,0.385,0.5860876500078029,2.6195835872720283,0.587543873162875,1913.0
1399,2.5,0.5,1.8,0.4,4.0,6.0,14.0,0.14431083457070132,3553.4578349131066,4061.1368727839053,11747.56350697009,0.31986891836416914,0.385,0.5983163583086788,2.6635175432024853,0.5788515590301633,1681.5
1400,2.5,0.5,1.8,0.4,4.0,7.0,14.0,0.14206242196329183,3594.6913990439452,4070.7363960982193,11548.212914988795,0.3181115523645045,0.385,0.6007073204230189,2.6594230528705065,0.5862532358676846,1655.0
1401,2.5,0.5,1.8,0.4,4.0,8.0,14.0,0.14857358082255878,3532.7884996349867,4007.098556347012,11698.973092530836,0.3199072196607042,0.385,0.5965511706088578,2.6652501908970825,0.585481241839026,1650.5
1402,2.5,0.5,1.8,0.4,5.0,6.0,14.0,0.17564454744170024,3079.4818423506995,4151.633534025888,11668.051411701035,0.3127939624234748,0.385,0.6107739075364155,2.6861769139743874,0.578175800104566,1539.5
1403,2.5,0.5,1.8,0.4,5.0,7.0,14.0,0.17547993184241661,3124.2971920350064,4076.5253876769266,11776.184340392432,0.3083813552055243,0.38,0.6167530856203878,2.697930845424176,0.5732542871575333,1512.5
1404,2.5,0.5,1.8,0.4,5.0,8.0,14.0,0.17741108418533844,3101.8474266788066,4050.080821326216,11868.529398441013,0.3100578529745902,0.38,0.6210065659024675,2.6890163453053852,0.5793369304187523,1506.5
1405,2.5,0.5,1.8,0.4,6.0,6.0,14.0,0.1987976994813457,2909.944393730698,4063.8587900432512,11557.870039292251,0.3009958271541418,0.385,0.6319757082110106,2.712731803024251,0.5805123868661193,1455.0
1406,2.5,0.5,1.8,0.4,6.0,7.0,14.0,0.1923118208553842,2922.1150038136398,4108.346702901642,11757.77898748585,0.3001502054561893,0.38,0.6180098255416246,2.6974843500851096,0.5777097895790926,1446.5
1407,2.5,0.5,1.8,0.4,6.0,8.0,14.0,0.20401682981891603,2874.3189468094224,4023.353481151378,11720.527606683732,0.2999053378271503,0.385,0.6232036696801198,2.7354089408986355,0.5787456178241353,1434.0
1408,2.5,0.5,1.8,0.4,7.0,6.0,14.0,0.1999299170105106,2811.577061873486,4130.826277011226,11762.476175445885,0.30421844453846786,0.385,0.6229020203159548,2.7023796228179453,0.5779166791490906,1426.0
1409,2.5,0.5,1.8,0.4,7.0,7.0,14.0,0.20507362720135247,2821.189230453069,4089.4094614969435,11608.109263231572,0.2982112190000244,0.385,0.628037427866811,2.71977982422849,0.5777691212013223,1403.0
1410,2.5,0.5,1.8,0.4,7.0,8.0,14.0,0.206976812637969,2814.9854909781925,4116.050569713336,11675.047793087206,0.2933217833217833,0.385,0.627917917917918,2.724770126461638,0.5833969495446324,1396.5
1411,2.5,0.5,2.2,0.4,3.0,6.0,14.0,0.16337964285203438,4210.217337888077,4261.798222562629,12224.059982979288,0.29032141043314225,0.37,0.6157454835667127,2.7106929331979392,0.5885038995587284,1947.0
1412,2.5,0.5,2.2,0.4,3.0,7.0,14.0,0.16601333213791625,4234.553817986363,4221.434803315107,12049.3637239063,0.2859190397184812,0.365,0.6200706158814882,2.7073367846736103,0.5866726463611207,1930.5
1413,2.5,0.5,2.2,0.4,3.0,8.0,14.0,0.17614663931886448,4267.668618336067,4026.9914962453213,12029.310692579264,0.29012688342585247,0.365,0.6165543219666931,2.7099626395314553,0.5852789019686586,1912.5
1414,2.5,0.5,2.2,0.4,4.0,6.0,14.0,0.14802055927167185,3504.8881140983813,4275.070328701529,12083.898395869961,0.2808165489592934,0.37,0.6289012360687811,2.738697929404611,0.5844683404619422,1682.5
1415,2.5,0.5,2.2,0.4,4.0,7.0,14.0,0.1506631887745737,3545.0368232170154,4191.560227301724,12189.157300969919,0.272971809183273,0.365,0.6314544906175963,2.737336622375726,0.5827872057772132,1659.5
1416,2.5,0.5,2.2,0.4,4.0,8.0,14.0,0.16558882708212616,3473.5585966605386,4091.8727061689633,12393.643711076327,0.27132043151833224,0.37,0.6317603323857424,2.7538538250758697,0.5796054219166392,1657.0
1417,2.5,0.5,2.2,0.4,5.0,6.0,14.0,0.18010706102777208,3152.6406942260955,4221.651252194974,12044.516419316355,0.2716227927359559,0.37,0.6304308192740027,2.7553415506324543,0.5783444274075489,1536.5
1418,2.5,0.5,2.2,0.4,5.0,7.0,14.0,0.19108670620287346,3071.0865436834265,4133.274614944721,12112.626384645439,0.2703618234591686,0.37,0.6355377063341665,2.773249766390783,0.5807951705892984,1511.5
1419,2.5,0.5,2.2,0.4,5.0,8.0,14.0,0.19045897507342308,3151.16758580368,4120.162812757499,12104.248851154613,0.2635220117465366,0.37,0.6383754887407709,2.7520469331050883,0.5801008284235164,1506.5
1420,2.5,0.5,2.2,0.4,6.0,6.0,14.0,0.19997263339281096,2902.8917213052932,4214.89325296317,12275.158390248387,0.26715250655648004,0.37,0.6425614611045074,2.7608049492697897,0.5725914959909066,1457.0
1421,2.5,0.5,2.2,0.4,6.0,7.0,14.0,0.205011397350393,2892.0085242260016,4148.868971316401,12051.195398886524,0.26585584226729164,0.37,0.6388191124827896,2.757834768961545,0.5787607155636219,1439.0
1422,2.5,0.5,2.2,0.4,6.0,8.0,14.0,0.20108736130874733,2934.805503393588,4150.05298752927,12126.004983385523,0.26749292105313116,0.37,0.6429078371499043,2.7548408224995864,0.5755116784589798,1434.0
1423,2.5,0.5,2.2,0.4,7.0,6.0,14.0,0.2037018765287941,2801.488090224967,4270.371392279558,12000.59029129466,0.2610253555967842,0.365,0.6468744588744588,2.772236395496374,0.577496542162582,1422.5
1424,2.5,0.5,2.2,0.4,7.0,7.0,14.0,0.2192457924727175,2781.397288416167,4151.029578987904,12145.263594893695,0.2542799862695657,0.37,0.6409739887367849,2.779351420747992,0.5777316611129577,1405.0
1425,2.5,0.5,2.2,0.4,7.0,8.0,14.0,0.2149044276326643,2787.2414130642364,4166.539333648749,12106.175547240102,0.25951706031388017,0.37,0.6424814955617414,2.7686346463380573,0.5807973339504755,1401.0
1426,2.5,0.5,2.6,0.4,3.0,6.0,14.0,0.17876106235385072,4180.884965482446,4279.738711461258,12180.105360550911,0.25318085524229866,0.365,0.6433510424340129,2.8105370250957575,0.5855802846979068,1950.5
1427,2.5,0.5,2.6,0.4,3.0,7.0,14.0,0.19199218019450487,4306.264426548481,4143.9450691257725,12308.525231948413,0.251001805404436,0.36,0.6425438402785864,2.7944338086541127,0.5821203361656659,1933.0
1428,2.5,0.5,2.6,0.4,3.0,8.0,14.0,0.19206053781113297,4295.653804636206,4126.548612289485,12148.56500206809,0.25124868382709,0.36,0.6428807708258137,2.796424547653757,0.5850301721987363,1919.0
1429,2.5,0.5,2.6,0.4,4.0,6.0,14.0,0.1591726050025607,3537.896544251581,4252.408473426014,12380.458850025449,0.2476512505732529,0.36,0.6577179242953399,2.8068914235900086,0.5811363503249001,1684.0
1430,2.5,0.5,2.6,0.4,4.0,7.0,14.0,0.1671206493954433,3556.4584129786413,4153.848692459644,12119.025357459246,0.2474193824346192,0.365,0.646655603025931,2.8058397569369067,0.579937586704045,1668.5
1431,2.5,0.5,2.6,0.4,4.0,8.0,14.0,0.1709181555337152,3549.787186073092,4080.241795141504,12138.997644388812,0.24204883859440143,0.36,0.6595337360673871,2.831862777649938,0.5803093917489156,1644.5
1432,2.5,0.5,2.6,0.4,5.0,6.0,14.0,0.1919935365892457,3096.301442755847,4262.921678660365,12149.50306851139,0.247962969237024,0.365,0.6544441997560645,2.807083386428968,0.5809613438886692,1537.0
1433,2.5,0.5,2.6,0.4,5.0,7.0,14.0,0.20199916013042857,3072.1394729124577,4108.557715628702,12248.980966365783,0.2414043136634499,0.36,0.6607090122870853,2.819771547113124,0.5826286947855794,1509.0
1434,2.5,0.5,2.6,0.4,5.0,8.0,14.0,0.1992331522281649,3134.715908346452,4140.794679257773,12138.63020705241,0.24242697078831532,0.365,0.656552186091828,2.804381314217135,0.5774207707088936,1517.0
1435,2.5,0.5,2.6,0.4,6.0,6.0,14.0,0.2093244394226496,2943.5765367056183,4235.134697937792,12186.782125279311,0.23864863005356313,0.365,0.6602391978823916,2.814030136500003,0.5780724010525724,1467.5
1436,2.5,0.5,2.6,0.4,6.0,7.0,14.0,0.20625088450550533,2973.979067403462,4132.957275478689,12275.071586865257,0.24318945498788375,0.36,0.6631430121769142,2.8236656433235963,0.5806297978641458,1442.0
1437,2.5,0.5,2.6,0.4,6.0,8.0,14.0,0.2149993081665043,2944.203101703829,4066.463756220334,12135.67813780622,0.24420691682178897,0.365,0.6550186146762027,2.82915656415807,0.5768679971676818,1429.5
1438,2.5,0.5,2.6,0.4,7.0,6.0,14.0,0.21180229674369172,2863.318995407978,4244.932206989612,12182.087090519099,0.24269817284613804,0.365,0.6574541103977548,2.8158066352100297,0.5734218929569483,1429.0
1439,2.5,0.5,2.6,0.4,7.0,7.0,14.0,0.21940761099261166,2779.766265688641,4197.400787798026,12070.446789220085,0.24366064367596155,0.365,0.6585976470540339,2.8157956940612117,0.5800879041682834,1402.5
1440,2.5,0.5,2.6,0.4,7.0,8.0,14.0,0.22487884655189644,2835.819182296996,4122.9441496559575,12289.381170333323,0.23481166713739182,0.365,0.6649125734973169,2.85018407326763,0.5743903104338497,1396.5
1441,2.5,0.7,0.6,0.4,3.0,6.0,14.0,0.11191683305397049,4324.313779716691,4209.402168586552,11606.284802985785,0.4328565032318426,0.38,0.48510163329225553,2.442790929833923,0.5854962681789142,1946.5
1442,2.5,0.7,0.6,0.4,3.0,7.0,14.0,0.1083415004766343,4201.908305963027,4175.861110947526,11589.322233106883,0.4377031331274891,0.38,0.484356069151091,2.4484920294583112,0.5841107044957822,1938.0
1443,2.5,0.7,0.6,0.4,3.0,8.0,14.0,0.11010808837848257,4209.64853815183,4045.64789318636,11561.768211070408,0.4280882274402293,0.38,0.4831306855606786,2.4476420311007403,0.5849563889193146,1911.0
1444,2.5,0.7,0.6,0.4,4.0,6.0,14.0,0.09711626164160402,3489.7049930132735,4109.438390127249,11437.920401485717,0.4020367704823819,0.385,0.5182240781456232,2.5086768321040447,0.5801057892417392,1687.0
1445,2.5,0.7,0.6,0.4,4.0,7.0,14.0,0.09948181241579304,3475.367116229125,4054.090837256232,11511.463201498358,0.39829907163359357,0.38,0.5257745018462303,2.52853156324515,0.5755226607180298,1665.0
1446,2.5,0.7,0.6,0.4,4.0,8.0,14.0,0.09975953623696146,3506.347606007303,4096.211728396403,11596.391890794426,0.396899515679612,0.385,0.5259963347738966,2.5193659708632854,0.580648957070955,1654.0
1447,2.5,0.7,0.6,0.4,5.0,6.0,14.0,0.1352798263315721,3114.8125655908857,4109.283593319831,11291.625223088024,0.38041089613313656,0.385,0.5490974339647776,2.577676195163142,0.5759071064532083,1541.0
1448,2.5,0.7,0.6,0.4,5.0,7.0,14.0,0.13884928610820477,3134.8206468053995,4120.465983064941,11629.487715771334,0.37114203863726075,0.385,0.5546566510465724,2.5879679670406697,0.5803383428124304,1518.0
1449,2.5,0.7,0.6,0.4,5.0,8.0,14.0,0.13564428316320612,3090.3058230660067,4109.544157959336,11480.454626288396,0.37618814167930414,0.38,0.5458335512210427,2.5721024417118645,0.5752737618557489,1515.5
1450,2.5,0.7,0.6,0.4,6.0,6.0,14.0,0.15261059510710379,2950.3538763507268,4165.548835751931,11477.22091945044,0.3648701454083351,0.385,0.5683012617233874,2.5916821344637593,0.5748184256602964,1468.0
1451,2.5,0.7,0.6,0.4,6.0,7.0,14.0,0.16230706055528898,2892.9544836228633,4077.5249264785116,11572.050084895029,0.36299649493316477,0.385,0.5641558261378943,2.6016773733555922,0.5813068437597877,1441.5
1452,2.5,0.7,0.6,0.4,6.0,8.0,14.0,0.1599912484247326,2945.620618945183,4044.879176150933,11376.121469021284,0.35749115737323933,0.38,0.5687457798784605,2.6191219230105958,0.5751801148923714,1428.5
1453,2.5,0.7,0.6,0.4,7.0,6.0,14.0,0.1682670219456519,2789.337812706737,4168.979538437847,11404.976227156392,0.35650192290755367,0.385,0.5779518832751078,2.6154321392948137,0.5795734828080334,1430.5
1454,2.5,0.7,0.6,0.4,7.0,7.0,14.0,0.17774932888076364,2790.818344414719,4097.900881834439,11596.50476927219,0.3467936807447556,0.385,0.5769545502681159,2.6355469598852417,0.5822430613305063,1406.0
1455,2.5,0.7,0.6,0.4,7.0,8.0,14.0,0.1717873904534118,2785.2252674787323,4067.101243696363,11464.639249904474,0.35384859496471777,0.38,0.5753485160128702,2.6134774009126183,0.5770325447332771,1397.5
1456,2.5,0.7,1.0,0.4,3.0,6.0,14.0,0.1117704316269176,4321.762221428869,4158.267294789718,11562.393675923704,0.41806088316777834,0.385,0.5051343457604022,2.4738722359820535,0.5901266218344358,1944.5
1457,2.5,0.7,1.0,0.4,3.0,7.0,14.0,0.11372493302158908,4318.314188145378,4108.58723535723,11331.540379407317,0.418852762770377,0.385,0.5059426868990268,2.4893235875783764,0.5860720346511095,1921.5
1458,2.5,0.7,1.0,0.4,3.0,8.0,14.0,0.11072696317838693,4324.919091929398,4039.52980815048,11673.408608031074,0.42188151703751914,0.375,0.4988013396791821,2.473566221073433,0.5875047480255231,1920.5
1459,2.5,0.7,1.0,0.4,4.0,6.0,14.0,0.09438409787771511,3534.346054450036,4145.9469636229605,11495.294020306916,0.39192335357886177,0.38,0.5346958276051399,2.5342923713038936,0.5795222116962748,1679.5
1460,2.5,0.7,1.0,0.4,4.0,7.0,14.0,0.10472541003247773,3546.938753792822,4084.1363993875952,11586.730419042002,0.385043443598424,0.385,0.5384148358155496,2.532713637270776,0.5801161902856391,1664.5
1461,2.5,0.7,1.0,0.4,4.0,8.0,14.0,0.10857813961323569,3519.1742483877606,4041.782727851768,11636.464011235577,0.3855240321805319,0.385,0.537670642047616,2.5432676118302426,0.5839948345784596,1647.5
1462,2.5,0.7,1.0,0.4,5.0,6.0,14.0,0.13835722886944962,3075.3020302399427,4205.137047922819,11575.3030259207,0.37110040752724827,0.385,0.5574467334852395,2.582949974001681,0.5803181244671634,1544.0
1463,2.5,0.7,1.0,0.4,5.0,7.0,14.0,0.14620249343924344,3081.8808775691277,4108.791284685138,11416.867056472547,0.36583620530326916,0.385,0.559570780922147,2.5784882333432355,0.5803522290509949,1517.0
1464,2.5,0.7,1.0,0.4,5.0,8.0,14.0,0.150507562014954,3127.1163546429107,4027.332033017685,11706.955268054317,0.3608015119209149,0.385,0.5658751696065129,2.5988863870722856,0.58083555386174,1507.0
1465,2.5,0.7,1.0,0.4,6.0,6.0,14.0,0.16117816978351684,2908.584592073388,4163.991641512351,11654.813189007404,0.35534903242663285,0.385,0.571303291583974,2.6172156109007574,0.5792121726353499,1470.0
1466,2.5,0.7,1.0,0.4,6.0,7.0,14.0,0.16809283631968605,2928.4150959921926,4088.2543260138273,11722.87426423781,0.3482941902990634,0.385,0.5775558310866337,2.6206011228399513,0.5821747720471153,1443.5
1467,2.5,0.7,1.0,0.4,6.0,8.0,14.0,0.16294242744026857,2934.1238921910212,4038.8230536749033,11541.478629882502,0.3543801749726605,0.38,0.5740431182627714,2.6165371821288446,0.574480889461712,1432.0
1468,2.5,0.7,1.0,0.4,7.0,6.0,14.0,0.17302937569422303,2854.4584262639246,4178.411890313975,11503.835596694149,0.3402751149598072,0.385,0.5793666244449154,2.6414961015959024,0.5756331798601395,1425.5
1469,2.5,0.7,1.0,0.4,7.0,7.0,14.0,0.1771463675428444,2755.2931412171774,4104.435554482688,11445.781744991615,0.34488054607508534,0.38,0.5760953103273923,2.6242622559078956,0.5774130617710639,1407.5
1470,2.5,0.7,1.0,0.4,7.0,8.0,14.0,0.17892002691925357,2786.0221152506247,4055.5404145824723,11643.31709168791,0.3491784067433874,0.385,0.57881496919598,2.6273081793702184,0.5795007622880977,1402.5
1471,2.5,0.7,1.4,0.4,3.0,6.0,14.0,0.13061738325117608,4240.809256465136,4180.46745402898,11545.12064621252,0.37523036771275853,0.385,0.5478107287267878,2.5435917385790052,0.5868094238314925,1947.5
1472,2.5,0.7,1.4,0.4,3.0,7.0,14.0,0.13753753021003917,4227.314997045709,4091.3905285126793,11739.136057737098,0.37008340407184337,0.385,0.5414294568629829,2.5541191631753684,0.5848804260504905,1926.5
1473,2.5,0.7,1.4,0.4,3.0,8.0,14.0,0.1328492851908399,4183.6846128920715,4077.508470866842,11623.122569815052,0.37426432861497605,0.385,0.5486999635667504,2.547779859841408,0.5856120715353113,1926.5
1474,2.5,0.7,1.4,0.4,4.0,6.0,14.0,0.11598604703772791,3552.550955735125,4211.128263725418,11713.213620678664,0.3540734949617225,0.385,0.5783202752838584,2.5844924077280487,0.5838126893666387,1690.0
1475,2.5,0.7,1.4,0.4,4.0,7.0,14.0,0.12687635958950572,3521.6239865576235,4068.306569694865,11659.42799428792,0.3521210486207258,0.385,0.5750507556631104,2.5964415064380404,0.5798522953832679,1659.0
1476,2.5,0.7,1.4,0.4,4.0,8.0,14.0,0.12952159366639188,3518.796505471103,4046.2845729590435,11599.664357550351,0.3499771237864753,0.385,0.573161396231974,2.5912387767559184,0.5841250007337841,1642.0
1477,2.5,0.7,1.4,0.4,5.0,6.0,14.0,0.14841715052288973,3141.52984743958,4202.188539547966,11388.377754356798,0.3405976093052996,0.38,0.5859778954076433,2.6330761508138343,0.5808879573595847,1527.0
1478,2.5,0.7,1.4,0.4,5.0,7.0,14.0,0.16198577528664249,3147.9918959096267,4065.4363801248746,11553.26235675448,0.33572745584678554,0.385,0.590637128072445,2.6406085315680525,0.5806288203262511,1509.0
1479,2.5,0.7,1.4,0.4,5.0,8.0,14.0,0.16052893820394737,3150.5031388541365,4083.5385364248523,11726.022005434428,0.33626308616372247,0.385,0.5871971484701055,2.6314048105388306,0.576742611748794,1513.0
1480,2.5,0.7,1.4,0.4,6.0,6.0,14.0,0.1763049903988578,2912.4517700948563,4149.102953992502,11549.330619655186,0.33083627797408716,0.385,0.5974016489988221,2.654950060345284,0.5755442168784253,1457.5
1481,2.5,0.7,1.4,0.4,6.0,7.0,14.0,0.17498624154496548,2881.6725809407008,4089.0631719181683,11637.95069946051,0.33557280799281136,0.38,0.590609960173015,2.6474283554960722,0.5807911465911132,1450.5
1482,2.5,0.7,1.4,0.4,6.0,8.0,14.0,0.17697146494983634,2934.033237107734,4084.615201111532,11613.90842613429,0.32670507450509756,0.38,0.5988289944693895,2.64912509949886,0.5759041551448456,1425.5
1483,2.5,0.7,1.4,0.4,7.0,6.0,14.0,0.1827420289157972,2810.030902154375,4227.220852928361,11614.895127751142,0.32460366686055486,0.385,0.5984665028509475,2.669649431298726,0.5760245289656838,1422.5
1484,2.5,0.7,1.4,0.4,7.0,7.0,14.0,0.19465750419782843,2766.185477621998,4068.284137965001,11674.284815759289,0.3238412935524244,0.385,0.5970860753361056,2.664202530800159,0.5767703449614308,1408.5
1485,2.5,0.7,1.4,0.4,7.0,8.0,14.0,0.1923615310556429,2801.641177822891,4071.4809645336563,11689.726021672646,0.32339404129847427,0.385,0.6010890677941148,2.6607591651336437,0.5764220335493818,1404.5
1486,2.5,0.7,1.8,0.4,3.0,6.0,14.0,0.14962031374668067,4176.731905949512,4155.654166056473,11758.931571472276,0.3319125444954235,0.38,0.5862024407412638,2.624948739414547,0.5863540320994014,1948.5
1487,2.5,0.7,1.8,0.4,3.0,7.0,14.0,0.1617976382695508,4248.228763722456,4063.578706879676,11672.009219522872,0.3341961413751175,0.385,0.5848206778572106,2.6232967827546547,0.5857253175766466,1926.5
1488,2.5,0.7,1.8,0.4,3.0,8.0,14.0,0.1600672117237952,4230.714325550065,4037.4339702306297,11506.759959686617,0.33110559060530165,0.38,0.5894034984155875,2.637744751239806,0.5842033558014661,1913.0
1489,2.5,0.7,1.8,0.4,4.0,6.0,14.0,0.1388679150549336,3538.045636509776,4223.798990707794,11676.60924747866,0.3161363335894976,0.385,0.6048386412595081,2.673365418564801,0.5829734751492636,1682.5
1490,2.5,0.7,1.8,0.4,4.0,7.0,14.0,0.1472789974695358,3499.6330732391098,4083.853974871108,11666.998247778434,0.31257486357788555,0.38,0.6114497151230698,2.669591907903656,0.5812773986700068,1659.0
1491,2.5,0.7,1.8,0.4,4.0,8.0,14.0,0.14480301522437417,3596.7538595126107,4103.444684171263,11716.800288773164,0.31033329515351227,0.385,0.6096766756536092,2.68455177856596,0.5818728246877889,1651.0
1492,2.5,0.7,1.8,0.4,5.0,6.0,14.0,0.17400475743869562,3121.6137208855225,4122.406512021582,11463.590912588057,0.30703909586407,0.38,0.617312531281335,2.7025970421636476,0.5796162657470111,1525.5
1493,2.5,0.7,1.8,0.4,5.0,7.0,14.0,0.17849281045101312,3132.328894729111,4142.930755441886,11543.162985140014,0.30280370967847847,0.385,0.6222105726274408,2.713071932866158,0.5801702804458606,1512.0
1494,2.5,0.7,1.8,0.4,5.0,8.0,14.0,0.18222472528373157,3107.293909721037,4034.5914781010197,11642.091319188006,0.30274630347464615,0.38,0.6269991054671742,2.7176943083366636,0.5805704056153782,1511.0
1495,2.5,0.7,1.8,0.4,6.0,6.0,14.0,0.1884953800932286,2884.7282530494613,4228.216969031201,11739.924208686323,0.3000217050199482,0.38,0.6308838265531871,2.719254073926563,0.5853927502581411,1467.5
1496,2.5,0.7,1.8,0.4,6.0,7.0,14.0,0.19292998235845008,2944.861094252912,4111.46357640742,11841.592421754796,0.29625438271702764,0.38,0.6262313748032851,2.726606146801853,0.5771083126073295,1444.0
1497,2.5,0.7,1.8,0.4,6.0,8.0,14.0,0.20339170020544609,2885.634800573302,3988.8643351648197,11728.184548859028,0.2964103221790242,0.38,0.6254235342377056,2.710342319762877,0.5788697127795215,1443.5
1498,2.5,0.7,1.8,0.4,7.0,6.0,14.0,0.19442711913370522,2806.8834130304904,4177.973017523557,11772.657029653896,0.30339293229377867,0.38,0.6299491247091711,2.7155826871454734,0.5759317891371982,1445.5
1499,2.5,0.7,1.8,0.4,7.0,7.0,14.0,0.21178751210115213,2784.413470295938,4077.863909196397,11748.225215618559,0.2921364687603927,0.385,0.6321418507414187,2.7166186150009057,0.5772289292391347,1404.0
1500,2.5,0.7,1.8,0.4,7.0,8.0,14.0,0.20966064700823675,2833.633737331712,4013.572638267452,11582.16610718593,0.2959125961381116,0.385,0.6351983104238259,2.719076389854184,0.5815305018022725,1399.0
1501,2.5,0.7,2.2,0.4,3.0,6.0,14.0,0.16695442419511325,4280.470424497184,4210.8461131928625,12154.858583116786,0.2904922124139206,0.365,0.6152867772796599,2.706457366956509,0.5873707636452628,1946.0
1502,2.5,0.7,2.2,0.4,3.0,7.0,14.0,0.1649647821995939,4161.309344150599,4177.11255785671,12193.793721673417,0.28973015077991854,0.37,0.6143013256664107,2.691805173441349,0.5882219602359058,1921.0
1503,2.5,0.7,2.2,0.4,3.0,8.0,14.0,0.17380240511526907,4220.4132654749565,4117.529958035647,11909.04778164796,0.28693568162555505,0.37,0.6204323092241145,2.7111498986626814,0.5874934804184611,1909.5
1504,2.5,0.7,2.2,0.4,4.0,6.0,14.0,0.1539910598757623,3523.7683941518135,4203.0639205308835,12083.501310945576,0.27512016681982043,0.37,0.6283752739096629,2.721608663068962,0.5807936036640065,1682.5
1505,2.5,0.7,2.2,0.4,4.0,7.0,14.0,0.1593156849496676,3517.8466251882337,4139.69614058679,12241.786447508679,0.2725423179737379,0.37,0.6372530794744102,2.7433915206123203,0.5748096227601628,1662.0
1506,2.5,0.7,2.2,0.4,4.0,8.0,14.0,0.16061032462843675,3477.0974970575653,4107.889636032494,12117.275487241026,0.27784348307224127,0.37,0.631844316674038,2.7344823192619567,0.5777903921532741,1658.0
1507,2.5,0.7,2.2,0.4,5.0,6.0,14.0,0.1773278971245302,3106.368895208102,4267.472811029897,12200.047730713792,0.27105147526270523,0.365,0.6406968699749449,2.7554898112266093,0.5790810604789138,1534.5
1508,2.5,0.7,2.2,0.4,5.0,7.0,14.0,0.18598434230032448,3152.6986935369373,4108.2127147810725,12319.834863968608,0.2655765662840117,0.365,0.638727887972992,2.7579401130087207,0.5753251358586173,1515.5
1509,2.5,0.7,2.2,0.4,5.0,8.0,14.0,0.1927127742423079,3124.814455197745,4067.7120774845607,12131.5317233505,0.26743659420289856,0.37,0.6362516983695652,2.753705148100676,0.5799650037242607,1504.0
1510,2.5,0.7,2.2,0.4,6.0,6.0,14.0,0.19877266225582257,2900.538184656167,4256.381371916889,12270.464519159754,0.265705443572948,0.37,0.6416914996298483,2.767399449237626,0.5768054873168599,1461.5
1511,2.5,0.7,2.2,0.4,6.0,7.0,14.0,0.20272168835507193,2886.3275520890556,4179.120902009783,12202.069994821662,0.26126300072083203,0.365,0.6380522088353413,2.7533327604538655,0.5814828279478681,1449.0
1512,2.5,0.7,2.2,0.4,6.0,8.0,14.0,0.21003204629383487,2862.7448602230497,4080.9829390089653,12063.727464773188,0.26683946901724587,0.37,0.6427931102281731,2.7611808046665836,0.5793764572440279,1434.0
1513,2.5,0.7,2.2,0.4,7.0,6.0,14.0,0.2067572883542448,2842.435480924495,4202.733801979533,12132.677861929129,0.2636970290294026,0.37,0.6425783496670315,2.7559490425268454,0.5791926998024965,1424.0
1514,2.5,0.7,2.2,0.4,7.0,7.0,14.0,0.2074758909294142,2818.6386722826737,4157.718765008577,12275.663319159521,0.26286902735320294,0.365,0.6418009431860903,2.7664748733888,0.5765539533210102,1409.5
1515,2.5,0.7,2.2,0.4,7.0,8.0,14.0,0.21244989896260763,2790.6766170959568,4104.851125025475,12092.46198889862,0.2624334273182957,0.365,0.6465248235720882,2.783132793113053,0.5745856813230978,1394.0
1516,2.5,0.7,2.6,0.4,3.0,6.0,14.0,0.18548543928417494,4233.665625677967,4195.857128489874,12232.533237580652,0.24904099479431183,0.36,0.6527824509057051,2.825280159693233,0.5844345421286744,1944.5
1517,2.5,0.7,2.6,0.4,3.0,7.0,14.0,0.1974590040055005,4298.411483144637,4169.888461418765,12299.542292520768,0.24495920595566018,0.365,0.6494451993588279,2.8175538477087327,0.5861075454358426,1914.0
1518,2.5,0.7,2.6,0.4,3.0,8.0,14.0,0.19016082974778986,4239.9276891905465,4104.793475440165,12103.206272423085,0.250082198294436,0.36,0.64922009555805,2.826669622726781,0.5877597693685823,1924.0
1519,2.5,0.7,2.6,0.4,4.0,6.0,14.0,0.16273949029017604,3543.2513944197553,4261.796516777955,12203.235788164824,0.2402082238673564,0.36,0.6589485143242015,2.8228041085126234,0.5832580522718405,1676.5
1520,2.5,0.7,2.6,0.4,4.0,7.0,14.0,0.16903763733901012,3586.3496506117253,4077.352258818249,12144.447362775853,0.24132537390377215,0.36,0.6551272268730338,2.8113459865237505,0.5824781503188536,1653.0
1521,2.5,0.7,2.6,0.4,4.0,8.0,14.0,0.17543601134266157,3489.9118262909656,4131.153895114825,12014.799360090332,0.24302944708881385,0.365,0.6575542832623376,2.8310807729146177,0.5839251165101943,1661.5
1522,2.5,0.7,2.6,0.4,5.0,6.0,14.0,0.18999618514659572,3134.7806050231616,4214.735941291734,11891.301198004378,0.244926992164294,0.36,0.6588775128007685,2.8201825499317765,0.5786479828819023,1531.0
1523,2.5,0.7,2.6,0.4,5.0,7.0,14.0,0.20179049038668184,3142.8450809328297,4136.18436698873,12183.790182033848,0.23762406866803187,0.365,0.660577099037079,2.825161196483166,0.5843537619101954,1515.5
1524,2.5,0.7,2.6,0.4,5.0,8.0,14.0,0.19497948717329297,3178.955978167228,4093.4945677930928,12038.647083558644,0.24244927923351017,0.36,0.654268645042799,2.8281023053917016,0.5791520342486578,1514.0
1525,2.5,0.7,2.6,0.4,6.0,6.0,14.0,0.2073446615782137,2873.925077332141,4263.633611433832,12120.625585286281,0.24730413468871934,0.365,0.6495658337355523,2.813989545651223,0.5789536268792403,1474.5
1526,2.5,0.7,2.6,0.4,6.0,7.0,14.0,0.2100573105803369,2927.1330244122055,4179.43261909191,12118.756575996424,0.24428790698032038,0.365,0.6583323562089367,2.8264359765802256,0.5819526568276032,1443.5
1527,2.5,0.7,2.6,0.4,6.0,8.0,14.0,0.2161606479967787,2947.1117255183444,4086.1807209748285,12293.382825172885,0.24015382014874914,0.365,0.6522565922920893,2.8108618987027842,0.5746041060808397,1435.5
1528,2.5,0.7,2.6,0.4,7.0,6.0,14.0,0.21188632121985448,2825.0479279052133,4272.261299759617,12083.471072097655,0.24443628110405152,0.365,0.6656868194410361,2.82221853230912,0.5751628382373921,1425.5
1529,2.5,0.7,2.6,0.4,7.0,7.0,14.0,0.21887924949737966,2798.259228739351,4172.631974258387,12190.606890587489,0.23831606585296622,0.36,0.6584761870970357,2.8140654882355065,0.5734421070445019,1405.5
1530,2.5,0.7,2.6,0.4,7.0,8.0,14.0,0.21601045765019924,2814.6273068020478,4149.1283418908915,12051.898937055112,0.24339405875594944,0.36,0.6567372394551125,2.828878579715687,0.5740405289445921,1406.0
1531,2.5,0.9,0.6,0.4,3.0,6.0,14.0,0.10957299197661467,4210.957922649444,4198.879608154981,11535.3491229819,0.4344523883156167,0.385,0.48484881359973087,2.443013705133818,0.5904979933654873,1956.0
1532,2.5,0.9,0.6,0.4,3.0,7.0,14.0,0.11781025684018309,4264.039920912181,4080.943443109916,11628.359895376736,0.4316747091485986,0.385,0.49051427815970383,2.459191938052598,0.5853645606075711,1921.5
1533,2.5,0.9,0.6,0.4,3.0,8.0,14.0,0.12701706665506246,4272.707365679968,4007.3750542750618,11479.197046433605,0.43954653879458233,0.385,0.48830662070242514,2.440822568132286,0.5841595907728978,1916.5
1534,2.5,0.9,0.6,0.4,4.0,6.0,14.0,0.0919922844205285,3528.9817408884337,4134.16094591754,11542.868857647034,0.40397253949242107,0.385,0.5257975199424176,2.5139854176366567,0.581389292045505,1682.5
1535,2.5,0.9,0.6,0.4,4.0,7.0,14.0,0.09612210153227813,3534.197492718269,4117.791829604646,11544.918712634633,0.3979150451336988,0.385,0.530747343643778,2.5332490525787437,0.5840731111549533,1662.0
1536,2.5,0.9,0.6,0.4,4.0,8.0,14.0,0.09834747205504268,3564.3437087913353,4020.4963535028305,11391.113024081946,0.399507478322927,0.385,0.5301720674114394,2.527878049927079,0.5812825945564732,1647.5
1537,2.5,0.9,0.6,0.4,5.0,6.0,14.0,0.13395188696676302,3124.8911446429584,4179.943704562958,11521.679385019186,0.37514778927627423,0.385,0.5560006692985615,2.5787460731162857,0.5783236473351223,1535.0
1538,2.5,0.9,0.6,0.4,5.0,7.0,14.0,0.13913631048774447,3078.9495830206006,4059.3577227693895,11475.357355100892,0.3761198113009969,0.38,0.5473381520342911,2.5762832550877564,0.5767041627286009,1514.5
1539,2.5,0.9,0.6,0.4,5.0,8.0,14.0,0.13460011515805212,3154.08541072187,4015.421939959345,11388.529327886792,0.37917749951170815,0.38,0.5492087501898912,2.566957450472068,0.5773353034122573,1518.5
1540,2.5,0.9,0.6,0.4,6.0,6.0,14.0,0.15172729210309188,2934.2279942983996,4209.356590153709,11606.37957705976,0.36424294630676757,0.385,0.5724069558082823,2.6025476608851488,0.5780306918841049,1467.0
1541,2.5,0.9,0.6,0.4,6.0,7.0,14.0,0.1617297779830324,2932.832122640125,4074.500222724889,11571.42404470831,0.3597201390823954,0.385,0.5734825117214475,2.6125045135764724,0.5772941229378434,1437.0
1542,2.5,0.9,0.6,0.4,6.0,8.0,14.0,0.16046609691212124,2903.227572110061,4057.8823496860314,11528.609822689963,0.360327558993745,0.38,0.5653137726767864,2.6038455425047555,0.5792406174867024,1433.5
1543,2.5,0.9,0.6,0.4,7.0,6.0,14.0,0.164797752297833,2775.7532427613996,4223.451153747815,11285.033422665183,0.35260893098782137,0.38,0.5778149833927912,2.62650747899907,0.5787571850021231,1426.5
1544,2.5,0.9,0.6,0.4,7.0,7.0,14.0,0.17554793004492644,2777.0214966384156,4061.1486689587505,11567.307144792827,0.3489954889872181,0.38,0.585165889519181,2.6353011061425606,0.5764143235577858,1397.0
1545,2.5,0.9,0.6,0.4,7.0,8.0,14.0,0.17519029552066448,2797.7230030776905,3999.7150447750164,11578.999514892515,0.35277356612298033,0.38,0.5807514613165888,2.6258402008575383,0.5836348998199716,1400.5
1546,2.5,0.9,1.0,0.4,3.0,6.0,14.0,0.10553213586715984,4252.591112148813,4172.063098658357,11561.476740129063,0.41310034987277355,0.38,0.5109951494910941,2.4866878916055764,0.5840731318121423,1942.5
1547,2.5,0.9,1.0,0.4,3.0,7.0,14.0,0.09833592253679864,4178.393291951166,4157.577101522131,11463.6721636246,0.4180856887426228,0.38,0.5129561007421995,2.4807395813523376,0.5889731356295249,1925.0
1548,2.5,0.9,1.0,0.4,3.0,8.0,14.0,0.11291350700742132,4242.169056726238,4064.3581392102005,11588.324909998515,0.415564853329205,0.385,0.5055686149893329,2.4740685652652195,0.585904860706753,1919.0
1549,2.5,0.9,1.0,0.4,4.0,6.0,14.0,0.09952563990701783,3557.8873803426613,4205.2024644658795,11656.657608451027,0.3816550796142633,0.385,0.5411763972988463,2.5538085579506564,0.5860627021436495,1676.5
1550,2.5,0.9,1.0,0.4,4.0,7.0,14.0,0.10883179893449335,3503.730548110396,4106.237761718571,11456.22566896267,0.38105331189186986,0.385,0.5352664576802508,2.5503219980317056,0.5866062953221847,1659.0
1551,2.5,0.9,1.0,0.4,4.0,8.0,14.0,0.0958747781908747,3602.188065800552,4065.084382628647,11377.66274766593,0.38900189199008206,0.38,0.5352865029408348,2.5381732125784304,0.5854963547484687,1644.5
1552,2.5,0.9,1.0,0.4,5.0,6.0,14.0,0.13116832357135166,3140.3646679999492,4215.9571060441995,11373.278087201219,0.3684698960340943,0.38,0.5577648687532235,2.576457899985952,0.5777759214046692,1536.0
1553,2.5,0.9,1.0,0.4,5.0,7.0,14.0,0.14530326718137232,3096.046684867052,4077.1267370148566,11492.87855384011,0.36222485101561186,0.38,0.5665743383134687,2.6038931733548525,0.5798520054124159,1513.0
1554,2.5,0.9,1.0,0.4,5.0,8.0,14.0,0.14204229727581016,3160.1548790904335,4033.367193282137,11532.903558462156,0.3643737387547027,0.38,0.5702804261808972,2.588847209480871,0.5802276170057852,1504.0
1555,2.5,0.9,1.0,0.4,6.0,6.0,14.0,0.15403879098285536,2906.0244858250435,4221.943319781794,11649.267885272397,0.35605991324044,0.38,0.5762935876260471,2.6061118871325917,0.5806671132143779,1472.5
1556,2.5,0.9,1.0,0.4,6.0,7.0,14.0,0.16545113633500502,2903.852191899788,4059.737164079384,11482.687382575528,0.3517151811311869,0.38,0.5737330041583827,2.6203057925140785,0.5768630206769501,1436.0
1557,2.5,0.9,1.0,0.4,6.0,8.0,14.0,0.16985036070676032,2929.077869086556,4050.6587720741477,11669.128898461386,0.34864619498909455,0.385,0.5822051828172159,2.6278827115496655,0.5738654825065963,1433.0
1558,2.5,0.9,1.0,0.4,7.0,6.0,14.0,0.16953850875245366,2805.5689864754686,4160.019729984041,11489.107982033272,0.3469686725264819,0.38,0.5833270728470188,2.6278342718529033,0.5804941702966415,1428.0
1559,2.5,0.9,1.0,0.4,7.0,7.0,14.0,0.1740122539922031,2835.937355262194,4124.336340397506,11396.399105435547,0.3455835450606439,0.385,0.5884105619265878,2.625337543256551,0.5802848873186621,1398.0
1560,2.5,0.9,1.0,0.4,7.0,8.0,14.0,0.18360452166211666,2804.1726309856385,4086.677036938212,11410.255972780802,0.3364529202771068,0.385,0.5916327886815761,2.654314202181222,0.5805762947461415,1386.5
1561,2.5,0.9,1.4,0.4,3.0,6.0,14.0,0.1359909439234895,4249.4965687571885,4092.9891723622595,11477.21512974417,0.3686874724928235,0.38,0.5560497395439885,2.5384864021892413,0.5826141617679561,1951.0
1562,2.5,0.9,1.4,0.4,3.0,7.0,14.0,0.13293379375883463,4176.143648312636,4077.606806385519,11423.413413721406,0.3668954927827167,0.38,0.5547113303960164,2.5577470890422926,0.5810269938157939,1919.0
1563,2.5,0.9,1.4,0.4,3.0,8.0,14.0,0.1345779310181765,4228.899438365359,4055.140728533068,11535.171985149722,0.36576653156706473,0.375,0.5526514430269565,2.562710396797852,0.5880257849613593,1917.5
1564,2.5,0.9,1.4,0.4,4.0,6.0,14.0,0.12405307528730627,3520.260840866081,4153.037870084994,11485.868455600554,0.34940149775081064,0.385,0.5721226894011133,2.6013622947785064,0.5823616859667748,1676.5
1565,2.5,0.9,1.4,0.4,4.0,7.0,14.0,0.12860205208799172,3530.877234317032,4071.1373742870073,11684.998303328968,0.3479190184130052,0.385,0.5694006378541001,2.59487017771671,0.5813511453227391,1652.0
1566,2.5,0.9,1.4,0.4,4.0,8.0,14.0,0.13140492598652648,3468.9897684860125,4002.0472697744717,11554.335355764864,0.34370572676881994,0.375,0.574435338613411,2.610350509449545,0.5814757087866103,1651.5
1567,2.5,0.9,1.4,0.4,5.0,6.0,14.0,0.15902503622387082,3096.464193260188,4189.623456239464,11505.458077653855,0.3353754651879497,0.385,0.5938142976059103,2.6449712130063827,0.5831532082307711,1537.0
1568,2.5,0.9,1.4,0.4,5.0,7.0,14.0,0.1568693747729443,3145.8137249315955,4135.691802652551,11532.26155722696,0.3318903872918366,0.38,0.5932639491813076,2.6408806381492207,0.5779746631507713,1514.5
1569,2.5,0.9,1.4,0.4,5.0,8.0,14.0,0.1642404146084316,3117.847085489764,4066.1198855760795,11569.022671315968,0.32892996196689767,0.38,0.5951992603839389,2.646840158746559,0.5736550516219762,1504.5
1570,2.5,0.9,1.4,0.4,6.0,6.0,14.0,0.17950836155237823,2886.8927226066007,4199.791736546118,11675.845092360532,0.32379365046449904,0.385,0.6020679537159921,2.658541343666956,0.5760385411210325,1457.5
1571,2.5,0.9,1.4,0.4,6.0,7.0,14.0,0.18300156796109354,2924.2904767918344,4108.8679064182825,11547.279982785,0.3218617326448652,0.385,0.5994511378848728,2.661042171520714,0.5825033583738957,1447.0
1572,2.5,0.9,1.4,0.4,6.0,8.0,14.0,0.1883584496639526,2873.227923803349,3996.521893061521,11600.181457737954,0.32238347837614434,0.38,0.5957033991484584,2.662842837257185,0.5800600098607909,1433.0
1573,2.5,0.9,1.4,0.4,7.0,6.0,14.0,0.18939641065809784,2800.6571901104435,4145.409270152188,11546.337732874232,0.3154773400558657,0.38,0.6094918936996305,2.679860626819414,0.5784983399980996,1431.0
1574,2.5,0.9,1.4,0.4,7.0,7.0,14.0,0.19591416984019241,2768.360830059003,4076.2330380323237,11557.443353591252,0.3207690453230473,0.385,0.605633236901318,2.667474102984646,0.5780529877510495,1412.0
1575,2.5,0.9,1.4,0.4,7.0,8.0,14.0,0.18955913392987922,2787.6785031105255,4023.6907920182994,11516.45921619441,0.32125296068817993,0.375,0.6018795430150705,2.654816799630674,0.5745177219640973,1402.0
1576,2.5,0.9,1.8,0.4,3.0,6.0,14.0,0.16106885069809904,4257.181803903828,4179.073091344111,11807.382096895111,0.3196886113566567,0.38,0.5865485368893595,2.6408381482003946,0.5840198802707417,1951.5
1577,2.5,0.9,1.8,0.4,3.0,7.0,14.0,0.15595371273913594,4215.823050907653,4163.3845012517,11639.326521555442,0.33137012863024784,0.385,0.591353159011513,2.63367098523078,0.5874258030417534,1928.5
1578,2.5,0.9,1.8,0.4,3.0,8.0,14.0,0.15960655804585025,4190.126904562081,4061.476133920939,11722.334956356724,0.3251196432809569,0.38,0.5846646899515899,2.6323302652781164,0.5884797385627869,1921.5
1579,2.5,0.9,1.8,0.4,4.0,6.0,14.0,0.15283141612807724,3479.805690688818,4081.4437160618213,11561.696299536059,0.31207353812086414,0.385,0.6117281844632696,2.682963520114718,0.580028757869014,1672.5
1580,2.5,0.9,1.8,0.4,4.0,7.0,14.0,0.15449288715244885,3510.021274703099,4106.742804391513,11783.246232102632,0.3035845476707886,0.385,0.6107291907971422,2.6870278071393425,0.5853763964558893,1649.5
1581,2.5,0.9,1.8,0.4,4.0,8.0,14.0,0.15428039648064146,3487.0727060907993,4047.3912476148557,11642.338014742323,0.31187712797954315,0.385,0.6111200338469112,2.688422964266719,0.5833527518257486,1640.5
1582,2.5,0.9,1.8,0.4,5.0,6.0,14.0,0.17140405614879586,3122.524818150568,4192.870764931639,11564.860333185785,0.3049705041890157,0.38,0.6220168499916958,2.705756918329048,0.5797179783130455,1531.0
1583,2.5,0.9,1.8,0.4,5.0,7.0,14.0,0.18043652611226066,3116.786513663943,4140.410707072304,11733.006863039944,0.3015257515890442,0.385,0.6263032940814885,2.721374282286539,0.5828562426273329,1518.5
1584,2.5,0.9,1.8,0.4,5.0,8.0,14.0,0.17789659095474883,3178.2779878471897,4054.31388870716,11547.387504258353,0.30020214177699595,0.38,0.6208408833397261,2.7067114076180903,0.5778973359236199,1506.5
1585,2.5,0.9,1.8,0.4,6.0,6.0,14.0,0.18811216893842017,2921.20501837345,4172.428301343464,11791.079378996958,0.3015479611321852,0.38,0.6200380436582252,2.716606837936519,0.5767861095869169,1475.5
1586,2.5,0.9,1.8,0.4,6.0,7.0,14.0,0.19542014913325512,2922.6942633689105,4085.489100097957,11813.049774090825,0.2969174201946451,0.38,0.6324848937056233,2.7192349122392585,0.577527060203977,1449.5
1587,2.5,0.9,1.8,0.4,6.0,8.0,14.0,0.20475303390226698,2959.458306163836,4006.490049037324,11539.356810056026,0.2905382730964126,0.385,0.6279805086234636,2.744496392788287,0.5752968867441708,1424.0
1588,2.5,0.9,1.8,0.4,7.0,6.0,14.0,0.2003052349361518,2803.633372599095,4218.356386669312,11611.639596324334,0.2966192067254811,0.385,0.6343712667591992,2.7291779056555328,0.5781360859382859,1424.5
1589,2.5,0.9,1.8,0.4,7.0,7.0,14.0,0.2074964850042196,2841.998590212218,4070.553043289505,11733.15751404205,0.28711463880423505,0.38,0.6286843328444766,2.7510532301469883,0.5761710078911988,1393.5
1590,2.5,0.9,1.8,0.4,7.0,8.0,14.0,0.2107170609257836,2758.37542077746,4087.950473744285,11638.297196285988,0.29597816145255545,0.385,0.6345642922840036,2.7259496402924217,0.5804537892721056,1398.0
1591,2.5,0.9,2.2,0.4,3.0,6.0,14.0,0.16612597799242326,4218.961740447534,4259.760983757651,12045.807652572286,0.28688144308181,0.37,0.618806794963074,2.7230572415452827,0.5870075818386409,1949.0
1592,2.5,0.9,2.2,0.4,3.0,7.0,14.0,0.17434637732136543,4242.03596554197,4152.693063239637,12271.869560521689,0.28531057533423465,0.37,0.6191954226485548,2.713594766129449,0.5891036096883151,1931.0
1593,2.5,0.9,2.2,0.4,3.0,8.0,14.0,0.1777909983866149,4285.406229364953,4058.6208465582304,12144.830532363558,0.2865306247510494,0.365,0.6191127291986747,2.715797123183341,0.5901266218344358,1912.0
1594,2.5,0.9,2.2,0.4,4.0,6.0,14.0,0.14525896501245875,3534.7277467551194,4227.350183704093,12207.402658058563,0.27363785945620034,0.36,0.626812689034552,2.717930336817641,0.5854032733609238,1685.5
1595,2.5,0.9,2.2,0.4,4.0,7.0,14.0,0.15615057277245475,3486.366592505222,4186.837189913662,12280.35699426175,0.2771885166281569,0.37,0.6354457645043741,2.7344447345407783,0.5802606254984672,1669.0
1596,2.5,0.9,2.2,0.4,4.0,8.0,14.0,0.16473414642795267,3481.596244168164,4078.060043972063,12209.828641762117,0.27308735676484974,0.37,0.629314472494404,2.7291454473801737,0.5795691817786849,1643.0
1597,2.5,0.9,2.2,0.4,5.0,6.0,14.0,0.18985974030367941,3121.425590775987,4155.402086126214,12143.070854843101,0.26473055519453664,0.37,0.6366187364864067,2.761460762886144,0.573039541543446,1540.0
1598,2.5,0.9,2.2,0.4,5.0,7.0,14.0,0.18988961677970928,3132.7182267215017,4103.936617852675,12259.693907839192,0.26802752110221945,0.37,0.6361860889321174,2.7520760778180295,0.5777437481457168,1526.0
1599,2.5,0.9,2.2,0.4,5.0,8.0,14.0,0.1880092425485415,3137.717828104235,4125.2938429529695,11962.008259462544,0.2623365067676555,0.365,0.641147257872221,2.75616902631973,0.5828854582813057,1511.0
1600,2.5,0.9,2.2,0.4,6.0,6.0,14.0,0.1980433774732035,2914.4906749936163,4221.328437127136,12274.10342454449,0.2621373629588898,0.365,0.6396990320390343,2.751099755765429,0.5786910745822125,1468.5
1601,2.5,0.9,2.2,0.4,6.0,7.0,14.0,0.20102515391289716,2945.692461137254,4175.584811387325,12188.855795837408,0.25770506889180966,0.365,0.6393343402907881,2.7677810343443046,0.5792015449954699,1436.0
1602,2.5,0.9,2.2,0.4,6.0,8.0,14.0,0.21183165801616136,2876.669618109754,4112.843077619051,11954.395638208687,0.2593743187268367,0.37,0.647015720756728,2.7712861278048604,0.5744751827095244,1437.5
1603,2.5,0.9,2.2,0.4,7.0,6.0,14.0,0.21226501810910592,2754.623306349462,4261.907083201033,12294.114661247248,0.25907357312391877,0.37,0.6457949198979327,2.7799794000953026,0.5780092407777477,1422.0
1604,2.5,0.9,2.2,0.4,7.0,7.0,14.0,0.21020000453839396,2788.435459519779,4221.3707170936195,12185.38988405478,0.2559923791350076,0.365,0.6487173073616084,2.7820339263705423,0.5794887640147554,1409.0
1605,2.5,0.9,2.2,0.4,7.0,8.0,14.0,0.22029139797598674,2750.737044534831,4068.2549851104604,12222.849062329296,0.2570747218622606,0.365,0.6404425447375328,2.789247150128042,0.5771064149925436,1396.0
1606,2.5,0.9,2.6,0.4,3.0,6.0,14.0,0.1814656643867983,4177.140456107058,4251.008860454173,12279.014920899916,0.25079560893969904,0.365,0.6529609522509076,2.8103855197284027,0.5885981018612259,1955.5
1607,2.5,0.9,2.6,0.4,3.0,7.0,14.0,0.1841131701694317,4172.317750147118,4150.941728174066,12200.101740206519,0.24843351534444774,0.36,0.6531904893048592,2.8192674703453733,0.5889195894935478,1921.0
1608,2.5,0.9,2.6,0.4,3.0,8.0,14.0,0.1913599482496508,4196.457648126655,4077.184702904182,12198.04991319739,0.24562451292135387,0.36,0.6530514826372562,2.8081037745289774,0.5888366120388464,1910.5
1609,2.5,0.9,2.6,0.4,4.0,6.0,14.0,0.1652774368440407,3492.576340664229,4228.848857292687,12190.875981918678,0.244647819190226,0.36,0.6550916030104963,2.825934604587321,0.5813807870090505,1687.0
1610,2.5,0.9,2.6,0.4,4.0,7.0,14.0,0.17136817929162118,3551.4242796942694,4137.928601362266,12050.694800256308,0.24228506787330317,0.365,0.6526968325791855,2.8309690685360493,0.5803827047916139,1662.5
1611,2.5,0.9,2.6,0.4,4.0,8.0,14.0,0.16606211121437314,3557.8702115104043,4125.274394421693,12404.835903232197,0.24524288573002034,0.36,0.6534495826040491,2.799809800761203,0.5836578840499924,1659.0
1612,2.5,0.9,2.6,0.4,5.0,6.0,14.0,0.19235423600269635,3102.881875775341,4264.041460371327,12186.84793643529,0.24014713499268625,0.36,0.6568619552875636,2.816403798147447,0.5794888901664776,1540.5
1613,2.5,0.9,2.6,0.4,5.0,7.0,14.0,0.19180602526795887,3141.603529226036,4226.713528548708,12220.844364476696,0.24003667687483327,0.36,0.6552285268035603,2.8275200401557505,0.5768610665181962,1522.5
1614,2.5,0.9,2.6,0.4,5.0,8.0,14.0,0.19914572896376723,3130.1264017153007,4124.987628853314,12107.645866923916,0.24451483966018506,0.365,0.6601519490539145,2.8128702871903917,0.5781319792149238,1515.5
1615,2.5,0.9,2.6,0.4,6.0,6.0,14.0,0.20630328249065827,2912.4051677025263,4180.9577269034135,12076.967844684084,0.24576258864241957,0.36,0.6566405771800559,2.827669824079411,0.5759170535020708,1461.0
1616,2.5,0.9,2.6,0.4,6.0,7.0,14.0,0.21221819622795737,2907.9748759666118,4188.979582387775,12161.92716245092,0.24196997544585785,0.365,0.6648627331799303,2.8301500894766978,0.5825243563516229,1440.5
1617,2.5,0.9,2.6,0.4,6.0,8.0,14.0,0.21100964483785162,2932.986660257898,4088.6746309396945,11958.610322260021,0.24382003150074064,0.36,0.6559394138360946,2.821073246702399,0.5810426977910357,1431.5
1618,2.5,0.9,2.6,0.4,7.0,6.0,14.0,0.21049383875577893,2887.425184903822,4210.481503846929,12104.339477695423,0.23889855861829434,0.36,0.6603344739667203,2.8260877368861568,0.5792560722682947,1424.5
1619,2.5,0.9,2.6,0.4,7.0,7.0,14.0,0.22066751554011266,2815.3625623133,4195.2366309931695,12222.532930785012,0.23770552516375298,0.365,0.6652031927204431,2.8355880343754984,0.5789570762131038,1405.0
1620,2.5,0.9,2.6,0.4,7.0,8.0,14.0,0.22397287095925836,2849.993268907155,4090.97519508822,12217.401711323633,0.23760171540271663,0.365,0.6618729987010871,2.830427970136914,0.5769610650405812,1400.0
1621,2.5,1.1,0.6,0.4,3.0,6.0,14.0,0.10907039056093082,4251.2808698008275,4183.065410676048,11604.756720817666,0.4339814450821605,0.38,0.4823998217889247,2.4542729176765663,0.5865452726983931,1953.5
1622,2.5,1.1,0.6,0.4,3.0,7.0,14.0,0.10778152367336657,4216.308641633635,4110.276132341247,11529.11831856856,0.42923491621705107,0.38,0.49124285485192015,2.466886837265414,0.5841930284681032,1928.0
1623,2.5,1.1,0.6,0.4,3.0,8.0,14.0,0.11826794947511275,4272.983524599031,4037.1400148946204,11503.024733502021,0.42749252176953745,0.385,0.49270081811216826,2.458851497049574,0.5867790131939958,1919.5
1624,2.5,1.1,0.6,0.4,4.0,6.0,14.0,0.09011559940122295,3532.622413128346,4146.341977814038,11336.808539014677,0.3992542074461639,0.38,0.5285306193731423,2.524181168287987,0.580594257416378,1675.5
1625,2.5,1.1,0.6,0.4,4.0,7.0,14.0,0.09687663524949638,3528.3078148521336,4086.4852694812284,11636.292177015264,0.4001290980494261,0.385,0.532298379222808,2.5236489010609735,0.582245883154114,1663.5
1626,2.5,1.1,0.6,0.4,4.0,8.0,14.0,0.09904767406769033,3534.8666288485265,4046.8074205836724,11517.128416013875,0.3993055746033697,0.385,0.528980228186108,2.531947235860058,0.5801734500128737,1654.0
1627,2.5,1.1,0.6,0.4,5.0,6.0,14.0,0.12918611970935565,3128.511468798655,4214.5222302147,11354.56868203825,0.37327194748535375,0.38,0.5517424214414639,2.5732694792814277,0.5798593136484622,1543.5
1628,2.5,1.1,0.6,0.4,5.0,7.0,14.0,0.14150796808051663,3093.483824343898,4090.907902641328,11538.067386187706,0.37401607078955074,0.385,0.5512295997484196,2.571151535163569,0.5770872007990928,1519.0
1629,2.5,1.1,0.6,0.4,5.0,8.0,14.0,0.1428426395971715,3091.575517332665,3997.2201475772977,11457.189736663007,0.37404866836794953,0.38,0.5523653184243272,2.5825862097325363,0.5807486429327593,1504.0
1630,2.5,1.1,0.6,0.4,6.0,6.0,14.0,0.1605279099684928,2929.2635776353636,4099.084372606652,11654.553810095822,0.35993354279110995,0.385,0.5686618525411065,2.599357176986528,0.5750264026446957,1468.5
1631,2.5,1.1,0.6,0.4,6.0,7.0,14.0,0.16132571540511564,2908.8079200749326,4066.7191523195743,11605.894198164024,0.3574567468213551,0.38,0.5660454718462881,2.60675375123235,0.578488355301942,1441.5
1632,2.5,1.1,0.6,0.4,6.0,8.0,14.0,0.1602732126931337,2915.476293582614,4073.6808426047182,11551.095050884582,0.35784359335201965,0.38,0.5668975316252041,2.6185905058694123,0.5761853959855407,1437.5
1633,2.5,1.1,0.6,0.4,7.0,6.0,14.0,0.1722901390059751,2808.9708848212827,4124.566291380375,11708.129369046219,0.35151130482423953,0.385,0.5786235606038371,2.6319659570358596,0.5794754377470912,1430.5
1634,2.5,1.1,0.6,0.4,7.0,7.0,14.0,0.17041504812048996,2747.4324581793285,4105.0638035970105,11413.09725868675,0.3506596572815043,0.375,0.5795392508719608,2.6228977537475373,0.5785513797189918,1407.5
1635,2.5,1.1,0.6,0.4,7.0,8.0,14.0,0.1752729431666781,2770.487293031848,4081.0238921107975,11621.371822242578,0.34841105863833133,0.38,0.5854363439590712,2.6312711078362696,0.5784136684043952,1398.0
1636,2.5,1.1,1.0,0.4,3.0,6.0,14.0,0.10903988216778582,4233.22149618746,4180.462013523247,11579.211848496056,0.41062137172526136,0.385,0.5149216559825498,2.4870290273477647,0.5846855030625759,1944.5
1637,2.5,1.1,1.0,0.4,3.0,7.0,14.0,0.11637260126880898,4257.160075101346,4089.7566980774945,11562.929697636971,0.4091687839585715,0.385,0.5172198319270632,2.4903808170916317,0.5869134288480661,1926.0
1638,2.5,1.1,1.0,0.4,3.0,8.0,14.0,0.1212629837497246,4307.4101864190725,4079.1650646668777,11644.241843606662,0.40759839580642876,0.385,0.5160217743121965,2.4838000071747905,0.5879660176657011,1916.0
1639,2.5,1.1,1.0,0.4,4.0,6.0,14.0,0.09458015554619109,3539.8359904189097,4131.472845722699,11454.287574516013,0.38590951872201873,0.375,0.5416921041921042,2.533107904999093,0.5769608717765209,1683.0
1640,2.5,1.1,1.0,0.4,4.0,7.0,14.0,0.11309303413520694,3470.3552426510773,4076.4971003881274,11698.936041784229,0.3803494349252643,0.385,0.5487898286547576,2.5537332783577713,0.5796938648334772,1656.5
1641,2.5,1.1,1.0,0.4,4.0,8.0,14.0,0.11317826295601868,3542.7184036188996,4051.8051251529123,11507.147799242142,0.3742273058071531,0.385,0.549792559923074,2.5560309108536154,0.5846231559722068,1655.0
1642,2.5,1.1,1.0,0.4,5.0,6.0,14.0,0.14218031761277505,3127.7553308996044,4176.142843962917,11489.360055641286,0.3549775664742788,0.38,0.5652368363177865,2.589478061638011,0.5785833532639304,1540.0
1643,2.5,1.1,1.0,0.4,5.0,7.0,14.0,0.15296813337264445,3073.9654499105113,4078.243648566897,11408.686203101752,0.35811289034443106,0.385,0.5618211733619471,2.6096729565064876,0.5795256216655545,1513.5
1644,2.5,1.1,1.0,0.4,5.0,8.0,14.0,0.14953926094576853,3077.734236982576,4085.0202963500783,11370.638568673754,0.3564735571648014,0.38,0.566644722405091,2.594122500406961,0.5817847188121901,1510.0
1645,2.5,1.1,1.0,0.4,6.0,6.0,14.0,0.16024975375328349,2943.2701393178854,4177.012439346425,11498.318113871217,0.34544475744511016,0.38,0.5780489332968252,2.6356015440137113,0.5760194565074467,1468.5
1646,2.5,1.1,1.0,0.4,6.0,7.0,14.0,0.1719466834565896,2903.7019609796885,4112.528143375819,11651.92818590863,0.3424375549622475,0.385,0.5800459245448489,2.6297233356199956,0.5770465769833201,1444.0
1647,2.5,1.1,1.0,0.4,6.0,8.0,14.0,0.17073960327711626,2894.5388659488253,4080.569460546093,11596.231097661679,0.3420129823327896,0.38,0.5808473573220642,2.618473593245289,0.5821047046693784,1429.0
1648,2.5,1.1,1.0,0.4,7.0,6.0,14.0,0.17419608332042916,2787.48352221647,4143.702497225033,11631.768727527855,0.34265988974904193,0.38,0.5815657529180203,2.632866187123887,0.573161696750278,1432.5
1649,2.5,1.1,1.0,0.4,7.0,7.0,14.0,0.18137514001738536,2814.7747083690983,4096.879298816157,11519.784558485539,0.3380799195473326,0.385,0.5858293046417797,2.6490731480449563,0.5789423245427321,1408.5
1650,2.5,1.1,1.0,0.4,7.0,8.0,14.0,0.1780826017025155,2846.916517789698,4087.114882458624,11638.810847980149,0.34084753806644896,0.385,0.5831902951515392,2.6343670528374172,0.5774197308278863,1403.5
1651,2.5,1.1,1.4,0.4,3.0,6.0,14.0,0.13674597228377838,4172.169497876712,4157.042674129156,11453.416232222196,0.3592633344258248,0.385,0.5603103172339818,2.5679666190220587,0.5840775504160713,1939.0
1652,2.5,1.1,1.4,0.4,3.0,7.0,14.0,0.14383945760865402,4163.7254277369,4040.8487830752156,11467.218755454345,0.3568350854609168,0.385,0.5661972655107175,2.580430483212097,0.5810828769527705,1921.5
1653,2.5,1.1,1.4,0.4,3.0,8.0,14.0,0.14200824406740625,4230.763055337675,4088.0732987606243,11619.767274553558,0.3568978404152606,0.38,0.5597495896416498,2.580425376433678,0.5868392184683422,1918.0
1654,2.5,1.1,1.4,0.4,4.0,6.0,14.0,0.12975924219748616,3475.569286186363,4178.16661827516,11589.153150934737,0.34261964749694124,0.385,0.5820757591001611,2.6094062124176514,0.5829557848989974,1686.5
1655,2.5,1.1,1.4,0.4,4.0,7.0,14.0,0.13303943248110436,3495.2488489863626,4097.411803241399,11559.831672537934,0.33577525007420006,0.38,0.5852111838972416,2.619081233341567,0.5858313729588218,1656.5
1656,2.5,1.1,1.4,0.4,4.0,8.0,14.0,0.12950628197287842,3539.9680192023843,4120.151012767657,11641.660090403451,0.34096374206563673,0.385,0.5814352126369254,2.61304278387684,0.5815207028303833,1656.5
1657,2.5,1.1,1.4,0.4,5.0,6.0,14.0,0.15633942271877596,3131.281354701565,4200.182231697145,11288.722741554706,0.328629699252122,0.38,0.6002888899769867,2.6373541281582096,0.5839663547203,1533.0
1658,2.5,1.1,1.4,0.4,5.0,7.0,14.0,0.17089677582123713,3050.8647962161867,4087.547219697728,11559.176859325245,0.32977369022088254,0.385,0.6013566420714354,2.6484362366426413,0.5792872930434194,1523.0
1659,2.5,1.1,1.4,0.4,5.0,8.0,14.0,0.17110603037093416,3087.6970641341086,4052.0536143185136,11571.234277363776,0.32843985530432307,0.385,0.5961624093430034,2.648911962435769,0.5826284864653064,1500.5
1660,2.5,1.1,1.4,0.4,6.0,6.0,14.0,0.1814406640671193,2887.5819719811475,4236.9023197813085,11552.744493078226,0.31713315110197376,0.385,0.6043160058846188,2.672727595352152,0.5814120878948996,1468.5
1661,2.5,1.1,1.4,0.4,6.0,7.0,14.0,0.181272275264834,2918.269097258927,4162.103223097373,11620.331413200813,0.32066345252097883,0.385,0.6021633010051746,2.6593248457588317,0.5744403044759969,1446.0
1662,2.5,1.1,1.4,0.4,6.0,8.0,14.0,0.19573136120964443,2925.6735165378523,3987.5903061797917,11617.057205731144,0.3112215067346932,0.385,0.6079389461624877,2.683260964443782,0.5777460512616126,1423.0
1663,2.5,1.1,1.4,0.4,7.0,6.0,14.0,0.18187804880929068,2841.5894407601763,4210.924979423929,11591.926934927695,0.3175809154246406,0.38,0.6111738248522798,2.6769962645603784,0.5768763874985777,1429.5
1664,2.5,1.1,1.4,0.4,7.0,7.0,14.0,0.1982939875693851,2820.825952246212,4076.8368437989616,11568.363467015486,0.3107724165842936,0.385,0.6058286136831732,2.673802809292714,0.572113259514546,1405.0
1665,2.5,1.1,1.4,0.4,7.0,8.0,14.0,0.19161577694556203,2780.3149729147417,4047.797713613715,11445.472299033107,0.3164649360301534,0.375,0.6088911552958376,2.6736697807251915,0.5768346879086135,1400.5
1666,2.5,1.1,1.8,0.4,3.0,6.0,14.0,0.15949691008398056,4280.60935973006,4196.489057045079,11668.535333924949,0.3234181464705175,0.38,0.5998566961959354,2.652186890276645,0.5802776554081851,1947.5
1667,2.5,1.1,1.8,0.4,3.0,7.0,14.0,0.16860148701090305,4297.136545275715,4095.5195807467608,11690.11726826417,0.3254354891888098,0.385,0.591382942732775,2.6406508068782584,0.5858824013301782,1928.5
1668,2.5,1.1,1.8,0.4,3.0,8.0,14.0,0.16507079106536743,4232.610290329646,4074.788090692541,11763.594335908307,0.32591999180964204,0.385,0.5953560780011147,2.6502222164671103,0.5877944634463219,1911.5
1669,2.5,1.1,1.8,0.4,4.0,6.0,14.0,0.14153927704046915,3571.5346116864807,4186.348133537313,11869.181427813524,0.3112209020261628,0.385,0.6094348443550592,2.6863912089753565,0.5828616823797057,1684.0
1670,2.5,1.1,1.8,0.4,4.0,7.0,14.0,0.15690826544839864,3474.9900560318556,4065.7511854563736,11763.489645122414,0.3071807541504511,0.385,0.6152779599749296,2.6912465118306503,0.580935057276216,1657.0
1671,2.5,1.1,1.8,0.4,4.0,8.0,14.0,0.14731779389945127,3542.276043509393,4041.1156117748483,11580.570140700136,0.31152033445538085,0.38,0.6123631042487372,2.686049827973462,0.5856889552185174,1648.0
1672,2.5,1.1,1.8,0.4,5.0,6.0,14.0,0.17549744828830924,3137.538793352862,4190.251484062218,11889.700354869601,0.29662800073378526,0.38,0.6220031057887978,2.7198000081181957,0.5815496021386101,1531.5
1673,2.5,1.1,1.8,0.4,5.0,7.0,14.0,0.18258888013923566,3137.858869527937,4140.068573217617,11757.334393437059,0.2955530734223974,0.385,0.6223297201339308,2.730322892425664,0.5812802046925165,1517.0
1674,2.5,1.1,1.8,0.4,5.0,8.0,14.0,0.17939329466464218,3120.590735780538,4153.346561115446,11748.333302441019,0.29532083103511675,0.38,0.621309064166207,2.7196143161946322,0.5805622953206901,1512.0
1675,2.5,1.1,1.8,0.4,6.0,6.0,14.0,0.19813212042853223,2898.7087200103347,4155.303304138983,11915.857123498425,0.2951663811151981,0.385,0.6297575080771605,2.7247440402233853,0.5787777685162844,1466.0
1676,2.5,1.1,1.8,0.4,6.0,7.0,14.0,0.19717558728258003,2912.5814231539925,4103.0989668737,11644.437696546125,0.2935309816662799,0.38,0.6371562427477373,2.7356287194909417,0.5758562343082135,1439.0
1677,2.5,1.1,1.8,0.4,6.0,8.0,14.0,0.19363756835010396,2952.364842426283,4092.634567808323,11627.845898649743,0.29590814614479255,0.38,0.6361280144241604,2.7269626767555857,0.5772909733617893,1428.0
1678,2.5,1.1,1.8,0.4,7.0,6.0,14.0,0.20329760533288174,2747.6759062896836,4163.38510730747,11461.216845871284,0.29651008964182757,0.38,0.640038699996051,2.731723479331498,0.5758418246126162,1424.0
1679,2.5,1.1,1.8,0.4,7.0,7.0,14.0,0.20975882743256183,2773.1638626757617,4123.807061373534,11936.108333654784,0.2926890666303666,0.385,0.630536223862177,2.7261864417122093,0.5764086156103068,1414.5
1680,2.5,1.1,1.8,0.4,7.0,8.0,14.0,0.20921617554592115,2777.5781034080537,4045.908452647538,11593.404634363142,0.28737619079273685,0.375,0.635075909042099,2.7244420624614145,0.5793593925842593,1399.5
1681,2.5,1.1,2.2,0.4,3.0,6.0,14.0,0.1688104148364729,4234.677608446089,4203.023219311487,12099.647162067871,0.282889117099702,0.365,0.6222577609339828,2.7243801839596515,0.5902421840337204,1943.0
1682,2.5,1.1,2.2,0.4,3.0,7.0,14.0,0.17129585760514088,4163.199216653728,4118.916775618571,12009.091852685702,0.2845397064554969,0.37,0.6233975021936367,2.728266476477991,0.5869528480638483,1917.0
1683,2.5,1.1,2.2,0.4,3.0,8.0,14.0,0.17630277781382356,4160.445589774802,4114.742914201076,12090.978960268018,0.27619131558845994,0.37,0.625351497905702,2.736944887032954,0.5865575108906479,1922.0
1684,2.5,1.1,2.2,0.4,4.0,6.0,14.0,0.15407305879150837,3497.7333229817336,4236.482348297072,12145.282481702143,0.2685642989704792,0.365,0.6364255774785815,2.7553379294723204,0.5812764496323253,1686.5
1685,2.5,1.1,2.2,0.4,4.0,7.0,14.0,0.15634653485920086,3574.7281837345504,4165.958688041353,12359.966059476184,0.26872492604597337,0.37,0.632636747453019,2.7454543078550526,0.5747811648509098,1656.0
1686,2.5,1.1,2.2,0.4,4.0,8.0,14.0,0.16189278380159022,3522.81190184731,4132.490153391587,12057.940129245173,0.26829802871569364,0.37,0.6355621889749605,2.7590711833448927,0.5809075084233035,1657.0
1687,2.5,1.1,2.2,0.4,5.0,6.0,14.0,0.17977934278821708,3166.418350984278,4237.72225200747,11969.594578455839,0.2628039871727074,0.365,0.6436155066509377,2.765949568526156,0.5777106987529985,1537.0
1688,2.5,1.1,2.2,0.4,5.0,7.0,14.0,0.18792342102025184,3155.377791421807,4058.8318593667286,12249.234093221914,0.2664545780963236,0.365,0.6369981751428196,2.7738229396180767,0.576619030968814,1517.5
1689,2.5,1.1,2.2,0.4,5.0,8.0,14.0,0.19453257646820854,3159.77327764659,4059.154008020374,12378.664175821716,0.2611878681125117,0.37,0.6404535172355946,2.752195934315,0.579835346502363,1513.5
1690,2.5,1.1,2.2,0.4,6.0,6.0,14.0,0.19998201808924215,2896.8772252494564,4234.652243388614,12252.070671650792,0.25967826217128176,0.365,0.6402901712036135,2.769007665601798,0.5729751312713127,1467.5
1691,2.5,1.1,2.2,0.4,6.0,7.0,14.0,0.2073448082657749,2923.1699084788406,4143.605973169187,12043.033991289883,0.2588782822667512,0.37,0.6456652497384207,2.7700057575457384,0.5761851620419489,1441.5
1692,2.5,1.1,2.2,0.4,6.0,8.0,14.0,0.2044963361761325,2921.768965279797,4120.057786755499,12004.519582490815,0.2595757221496302,0.365,0.6492562110088969,2.776792731534487,0.5765902675350523,1432.5
1693,2.5,1.1,2.2,0.4,7.0,6.0,14.0,0.21297024996814123,2777.5637723932714,4202.202788959972,12055.908144674318,0.26065690046093454,0.37,0.6463643936923096,2.765008739918084,0.5780045347415828,1427.5
1694,2.5,1.1,2.2,0.4,7.0,7.0,14.0,0.21314248085238008,2746.8157063846247,4128.5209155537905,12151.434875450754,0.25774780856474316,0.36,0.6464401549104899,2.795599485197081,0.5791392131748558,1404.5
1695,2.5,1.1,2.2,0.4,7.0,8.0,14.0,0.2152581165780244,2855.6488763380767,4148.042770101571,12038.459957964778,0.2528351448902571,0.37,0.649772406441762,2.784534701862712,0.5758529672247864,1395.0
1696,2.5,1.1,2.6,0.4,3.0,6.0,14.0,0.18746616410085018,4219.187048883745,4277.776534297813,12175.476502657904,0.24307227267753584,0.365,0.6593308895940475,2.8393738012731977,0.5845088866085946,1950.0
1697,2.5,1.1,2.6,0.4,3.0,7.0,14.0,0.1982914768466598,4197.3622803213875,4137.557297719434,12108.253507655874,0.23501834444365266,0.365,0.6553131404089547,2.841882308421455,0.5888008870092525,1925.0
1698,2.5,1.1,2.6,0.4,3.0,8.0,14.0,0.19947280477705526,4224.253981001535,4037.2363430599316,12068.163621539748,0.2387354633276325,0.36,0.6592801711667021,2.845789786371729,0.5824434418558735,1912.5
1699,2.5,1.1,2.6,0.4,4.0,6.0,14.0,0.16609120654915532,3505.294884310437,4192.573656120419,12101.425758594229,0.23873709056411085,0.355,0.6571870052953399,2.843102837007036,0.579489784273459,1677.5
1700,2.5,1.1,2.6,0.4,4.0,7.0,14.0,0.16411965755069596,3590.554761097691,4202.218648945742,12100.748286732836,0.23788599807386515,0.36,0.6641355000293927,2.8330708948483765,0.5843345196657802,1660.5
1701,2.5,1.1,2.6,0.4,4.0,8.0,14.0,0.17471116830654265,3489.426097550792,4154.474460257968,12033.782160091914,0.24220576113515263,0.365,0.6541214048102681,2.8365017256286036,0.5831994643677888,1649.0
1702,2.5,1.1,2.6,0.4,5.0,6.0,14.0,0.19238151061510972,3105.07901605615,4244.8813655010745,12026.279624426605,0.24157481952281243,0.36,0.6526916688611124,2.8374517198187803,0.5821765308856786,1532.5
1703,2.5,1.1,2.6,0.4,5.0,7.0,14.0,0.2042268145976308,3095.356516275582,4154.408121216333,12340.20361753742,0.23727319307975164,0.365,0.6605470061917105,2.8338691662850826,0.5796846548284835,1524.5
1704,2.5,1.1,2.6,0.4,5.0,8.0,14.0,0.1972639037704832,3158.7778359127155,4063.5774944932555,12089.712878297683,0.24358708891865072,0.36,0.6654762679040973,2.836251392697113,0.579909104819441,1504.0
1705,2.5,1.1,2.6,0.4,6.0,6.0,14.0,0.21022661466770096,2922.441521457201,4200.3747942560485,12180.075342366192,0.24265237530362085,0.365,0.6595440509141577,2.817621281657426,0.576105395053107,1458.5
1706,2.5,1.1,2.6,0.4,6.0,7.0,14.0,0.20930168256685594,2938.4416724929397,4134.738430990625,12118.609745072745,0.2355667140055454,0.355,0.6677291346646186,2.824606197076344,0.578672778385867,1439.5
1707,2.5,1.1,2.6,0.4,6.0,8.0,14.0,0.21602001050935388,2925.183091601034,4149.743063582464,12061.569437246057,0.2371605065554863,0.365,0.664857207277086,2.828400420864004,0.5800736480735978,1441.5
1708,2.5,1.1,2.6,0.4,7.0,6.0,14.0,0.21518630853311232,2791.647054878512,4244.220137997599,12074.296093887557,0.23883378065370048,0.36,0.6594997365099207,2.8193170980049835,0.5756856342852998,1429.0
1709,2.5,1.1,2.6,0.4,7.0,7.0,14.0,0.21459026736205522,2822.696255469381,4208.461003321437,11964.417113388467,0.23953192959635788,0.36,0.6567964716881427,2.831762248539381,0.5774656327514438,1404.0
1710,2.5,1.1,2.6,0.4,7.0,8.0,14.0,0.22418410113158846,2807.7203514001394,4126.394039729012,12258.527978485392,0.23885227782050072,0.365,0.6633554237591479,2.8289616126274826,0.5758217814086197,1393.0
1711,2.5,1.3,0.6,0.4,3.0,6.0,14.0,0.11072276415031557,4252.84879202366,4181.774875354311,11499.290483996618,0.436463772845953,0.38,0.4851298639770909,2.442102052529946,0.5828051516567858,1949.5
1712,2.5,1.3,0.6,0.4,3.0,7.0,14.0,0.11742910728152685,4275.001333485306,4113.693205104752,11686.452346022896,0.4327365728900256,0.385,0.4856198680845336,2.462537516483005,0.5859628303970812,1927.5
1713,2.5,1.3,0.6,0.4,3.0,8.0,14.0,0.11500928635600377,4214.958292349189,4041.0795268044326,11595.82932860011,0.4353099657105535,0.38,0.4885788929407282,2.460265992183938,0.5879123442068952,1917.0
1714,2.5,1.3,0.6,0.4,4.0,6.0,14.0,0.09467514497546084,3533.329478130306,4152.631873696244,11575.146850919595,0.39731225296442685,0.385,0.5242160737812912,2.5170348124935806,0.5835840595933475,1687.5
1715,2.5,1.3,0.6,0.4,4.0,7.0,14.0,0.09929409620869434,3476.1118721818048,4059.2839389877126,11457.453332031128,0.39806320901690306,0.38,0.5299163990901178,2.5219242288684574,0.5815774742500884,1654.0
1716,2.5,1.3,0.6,0.4,4.0,8.0,14.0,0.10100340994585952,3616.8760729859714,4044.0146079547985,11494.274232638229,0.386979403091935,0.385,0.5326083265980964,2.5395537940246142,0.5829889729504028,1646.5
1717,2.5,1.3,0.6,0.4,5.0,6.0,14.0,0.1331457323853691,3115.2523176066916,4180.6380681274995,11686.064796983603,0.371168142269978,0.38,0.5517983516880534,2.577584450017861,0.582673939010741,1534.5
1718,2.5,1.3,0.6,0.4,5.0,7.0,14.0,0.1397844631982306,3135.431411777328,4102.005910366513,11632.290818269477,0.37116125192550065,0.385,0.5555051813471503,2.5815644099243866,0.5817414532759124,1512.0
1719,2.5,1.3,0.6,0.4,5.0,8.0,14.0,0.1457594086829388,3106.0675379469217,4000.521085997097,11540.699759624938,0.3735734535306638,0.385,0.5584680418176216,2.5784023557359896,0.5802458299445188,1503.5
1720,2.5,1.3,0.6,0.4,6.0,6.0,14.0,0.1556099070468863,2944.9767108928745,4210.244787380639,11482.27644281651,0.3564224861024309,0.385,0.5709960198677675,2.6081414365508184,0.5781360859382858,1459.5
1721,2.5,1.3,0.6,0.4,6.0,7.0,14.0,0.16209279785722708,2911.334370196476,4070.3637108995204,11561.896600010516,0.36191780414818664,0.385,0.5689403195477459,2.605875708778022,0.5787347192542569,1445.0
1722,2.5,1.3,0.6,0.4,6.0,8.0,14.0,0.1635503300530384,2908.5253318106443,4069.153041209383,11472.274189956479,0.35989624764750394,0.385,0.5698349372344347,2.6061556923302343,0.5791515368235886,1436.5
1723,2.5,1.3,0.6,0.4,7.0,6.0,14.0,0.16377107407567762,2805.0254042910674,4174.789470420733,11518.224420500337,0.35539179099016827,0.38,0.577927931883307,2.623224977463493,0.5794684328751385,1432.5
1724,2.5,1.3,0.6,0.4,7.0,7.0,14.0,0.17555401917522725,2805.062025541195,4088.758197309414,11480.117648389914,0.34968990618013596,0.385,0.5756370784737712,2.6351659713594415,0.577295447632667,1402.0
1725,2.5,1.3,0.6,0.4,7.0,8.0,14.0,0.17960995215863312,2742.218062942411,4046.7903057899703,11581.951196083977,0.34740526928026927,0.38,0.5722221190971191,2.6193562861498547,0.5796834565880018,1393.5
1726,2.5,1.3,1.0,0.4,3.0,6.0,14.0,0.11845920516065844,4267.048893283064,4154.621282139017,11542.559458337235,0.39458889949109416,0.38,0.5137106393129771,2.495909750459699,0.585861506116854,1942.5
1727,2.5,1.3,1.0,0.4,3.0,7.0,14.0,0.1138344040762036,4180.830813912966,4109.835347071003,11572.179642308194,0.39661626188213184,0.38,0.5196288330721994,2.5106245706121793,0.589545560047041,1923.5
1728,2.5,1.3,1.0,0.4,3.0,8.0,14.0,0.11595845495944263,4185.98961860895,4022.279304247585,11469.475638418498,0.4015033930265211,0.38,0.5159702461428829,2.4908903842376584,0.5878840501812883,1920.5
1729,2.5,1.3,1.0,0.4,4.0,6.0,14.0,0.09886233633669683,3579.1981193065226,4152.520105286275,11692.546075844304,0.3787273041004042,0.38,0.5428519361063767,2.541404320713921,0.5830097643079554,1685.5
1730,2.5,1.3,1.0,0.4,4.0,7.0,14.0,0.11138449929790142,3488.2488239223853,4070.729178444387,11503.138513204234,0.3753473296740883,0.38,0.5467521938277838,2.552173209598669,0.5803368180226125,1663.0
1731,2.5,1.3,1.0,0.4,4.0,8.0,14.0,0.11022931991159915,3546.6477675839305,3999.918937524506,11533.49052562015,0.37703712622071167,0.38,0.5518733340705132,2.556206391515188,0.5825744515099149,1658.5
1732,2.5,1.3,1.0,0.4,5.0,6.0,14.0,0.13651611350325912,3091.105171418446,4221.436725884678,11441.437100859512,0.36457406590663577,0.38,0.5618080262837222,2.5895393762645615,0.5843377888966439,1540.5
1733,2.5,1.3,1.0,0.4,5.0,7.0,14.0,0.14617408900877704,3121.4953788329385,4155.608567470544,11410.10828967432,0.3571868894252369,0.385,0.5675054070150143,2.6013556104125426,0.5787169208838011,1516.5
1734,2.5,1.3,1.0,0.4,5.0,8.0,14.0,0.15311336664867362,3060.1769106468155,4018.4099139336568,11355.387509203658,0.3584463808603856,0.38,0.5704864281160766,2.596474729513252,0.5786193720672417,1505.5
1735,2.5,1.3,1.0,0.4,6.0,6.0,14.0,0.16753949518803404,2869.5658236260597,4161.971684328049,11704.989374597997,0.34290075183556057,0.38,0.576725012311616,2.6096840161543398,0.5774183990456678,1466.0
1736,2.5,1.3,1.0,0.4,6.0,7.0,14.0,0.16993714907812393,2911.4780647665557,4113.976047944076,11399.446554662705,0.34480238400800467,0.385,0.5862291151569641,2.6317884549247563,0.5781652977555825,1439.0
1737,2.5,1.3,1.0,0.4,6.0,8.0,14.0,0.16311822957523414,2933.5990071261062,4071.933110393731,11599.144349522452,0.34480415667466024,0.375,0.5826952895514914,2.625021273212674,0.5725191716980527,1442.0
1738,2.5,1.3,1.0,0.4,7.0,6.0,14.0,0.17806221814164283,2758.3337654101174,4184.4864371074955,11382.748948520748,0.3421646982239361,0.385,0.5837592062984875,2.6239445926570326,0.5832777257483518,1420.5
1739,2.5,1.3,1.0,0.4,7.0,7.0,14.0,0.17773137453796567,2743.9815376317524,4114.4920328101225,11477.094050021398,0.33791164333683954,0.375,0.5841643741403026,2.6522657559061487,0.5761177889636523,1407.0
1740,2.5,1.3,1.0,0.4,7.0,8.0,14.0,0.17797731481794457,2786.49685289844,4049.904210088596,11450.676194989157,0.3448514186737981,0.38,0.5862177913937363,2.6221109515998675,0.5772381545617902,1397.0
1741,2.5,1.3,1.4,0.4,3.0,6.0,14.0,0.13939219092282898,4212.593622493054,4167.553850654274,11559.016175038203,0.35845278065448116,0.385,0.560424271607707,2.5734543224730775,0.5836330831381575,1947.0
1742,2.5,1.3,1.4,0.4,3.0,7.0,14.0,0.1417515037161484,4219.067812365771,4082.74324930179,11641.89129669682,0.35648325980034506,0.38,0.5652384421592948,2.5698205964702234,0.5850469565677079,1931.0
1743,2.5,1.3,1.4,0.4,3.0,8.0,14.0,0.15130581678707122,4279.976739872313,4057.492609317059,11533.449721242796,0.3559665441106743,0.385,0.5606955617029232,2.5761171004658725,0.584377322607451,1921.5
1744,2.5,1.3,1.4,0.4,4.0,6.0,14.0,0.12876106748034194,3581.476747195641,4076.8044308040126,11614.948874128339,0.34140953720414663,0.385,0.5888431998034106,2.6197952817909824,0.5793872964695768,1681.0
1745,2.5,1.3,1.4,0.4,4.0,7.0,14.0,0.13165332195346297,3564.042602824534,4100.627812913421,11503.10541171052,0.33002053052141445,0.38,0.588534253973264,2.622215560565799,0.5819569557264321,1662.5
1746,2.5,1.3,1.4,0.4,4.0,8.0,14.0,0.13121298465323686,3535.803971134108,4053.95747585342,11578.731395603994,0.33815524597935886,0.38,0.5933033076838918,2.6196083321481334,0.5821593662702453,1656.5
1747,2.5,1.3,1.4,0.4,5.0,6.0,14.0,0.1674525666867963,3109.370995799805,4150.014396973316,11479.635399202765,0.32331562998594,0.385,0.5939881936325475,2.6468771475223907,0.5791174947314219,1538.0
1748,2.5,1.3,1.4,0.4,5.0,7.0,14.0,0.16099932545565163,3125.602949555245,4129.162568281654,11483.913208386708,0.3278288943752824,0.38,0.5952288022562612,2.6506742706531563,0.5813794646957651,1514.0
1749,2.5,1.3,1.4,0.4,5.0,8.0,14.0,0.17283958134784058,3101.217483310337,4085.471693956976,11785.678835192673,0.32099144367386645,0.385,0.5977508001986274,2.653981627189358,0.5798593136484622,1506.5
1750,2.5,1.3,1.4,0.4,6.0,6.0,14.0,0.18129167131456206,2931.7323167602863,4153.787925772977,11476.644561614308,0.31348938173081653,0.38,0.6146609155432541,2.6745409231327493,0.5790520641829204,1462.0
1751,2.5,1.3,1.4,0.4,6.0,7.0,14.0,0.17903761569330812,2937.3070257168747,4151.11024225138,11563.577402050418,0.31688530172409635,0.38,0.6104430193535193,2.676193102581971,0.5802197649425633,1440.5
1752,2.5,1.3,1.4,0.4,6.0,8.0,14.0,0.18777099261740088,2950.239361195674,4053.7205974661274,11573.745639626786,0.3158667043054982,0.385,0.6059122340567187,2.6751528421944286,0.5778931676676158,1438.0
1753,2.5,1.3,1.4,0.4,7.0,6.0,14.0,0.18719552385308252,2830.668072982001,4178.461696159737,11724.748426873357,0.3191669357758663,0.385,0.6088392586286195,2.6710084981700817,0.577660274581784,1430.5
1754,2.5,1.3,1.4,0.4,7.0,7.0,14.0,0.19459792690628722,2792.2994574762874,4113.040624394102,11784.949195440417,0.31059556944958616,0.38,0.6137368086691438,2.681813581136878,0.5763141344691689,1404.0
1755,2.5,1.3,1.4,0.4,7.0,8.0,14.0,0.19891067210714894,2830.572324520658,4007.6281669381306,11491.597310160752,0.31485380116959066,0.385,0.6134892787524366,2.6769741341763584,0.5754612907222576,1387.5
1756,2.5,1.3,1.8,0.4,3.0,6.0,14.0,0.16663508473144123,4173.858821841546,4169.544716781225,11800.77124885337,0.3081171251240107,0.385,0.6077406387090448,2.690193130453279,0.5847658024888778,1948.0
1757,2.5,1.3,1.8,0.4,3.0,7.0,14.0,0.1693655848156069,4153.704458633591,4044.6165634747745,11680.914318088435,0.31247711119868954,0.385,0.6044218617208089,2.6793662681749533,0.5888791883026305,1931.5
1758,2.5,1.3,1.8,0.4,3.0,8.0,14.0,0.18162412390792734,4285.518350194323,4040.381809462907,11609.42357968465,0.3071978619909008,0.385,0.6113140321050998,2.6843285263976213,0.5862449010282995,1913.5
1759,2.5,1.3,1.8,0.4,4.0,6.0,14.0,0.15147259831501614,3493.438549017498,4230.095313225509,11668.297632560894,0.2994483892783575,0.385,0.6211241095915527,2.695250270912965,0.5813165312934663,1684.5
1760,2.5,1.3,1.8,0.4,4.0,7.0,14.0,0.15400454569694272,3468.6435966612025,4135.359649245645,11502.27783563851,0.3001568053221571,0.38,0.6216451876043086,2.7087411433795943,0.5827135529359642,1666.5
1761,2.5,1.3,1.8,0.4,4.0,8.0,14.0,0.16142964271093338,3564.304399259575,3966.578522769657,11476.105312102467,0.29838095062093434,0.385,0.6207811575990538,2.7206710474677447,0.5801328744699836,1645.5
1762,2.5,1.3,1.8,0.4,5.0,6.0,14.0,0.18656979011163302,3103.010910036115,4110.502202984906,11690.895685429019,0.295471325017554,0.385,0.6270423739897842,2.7242862093923446,0.5800818363983848,1525.0
1763,2.5,1.3,1.8,0.4,5.0,7.0,14.0,0.18734171637368469,3169.5607520022686,4100.475128538411,11797.008724953579,0.2875358539765319,0.385,0.6338667970447631,2.7322985545456517,0.5780983107330417,1517.5
1764,2.5,1.3,1.8,0.4,5.0,8.0,14.0,0.19062413530320818,3100.569321828681,4088.690778110737,11660.393200910323,0.2845338059730409,0.38,0.6355229926417799,2.7388569350630623,0.5796135419994832,1516.0
1765,2.5,1.3,1.8,0.4,6.0,6.0,14.0,0.20013857104439345,2925.345799064762,4090.640517941598,11688.600097466162,0.28822695625628486,0.38,0.6311689689879681,2.7286543239150474,0.5771042747899704,1463.0
1766,2.5,1.3,1.8,0.4,6.0,7.0,14.0,0.20463894468730237,2867.546445470184,4128.774531169531,11880.644560662598,0.2837868036509802,0.38,0.6395056085208887,2.749417008496033,0.580679308674656,1438.5
1767,2.5,1.3,1.8,0.4,6.0,8.0,14.0,0.20311106015277233,2929.9605117607152,4052.4305228984394,11741.377283267193,0.2861453053342988,0.38,0.6296854619084886,2.73508808894434,0.573126529194812,1433.0
1768,2.5,1.3,1.8,0.4,7.0,6.0,14.0,0.20918833064083697,2768.4649811097925,4185.723475479877,11559.383105152476,0.28861376459827304,0.385,0.6337947011474264,2.741169618151437,0.5815767985886122,1427.5
1769,2.5,1.3,1.8,0.4,7.0,7.0,14.0,0.21440922510435442,2804.886233101536,4087.373222233869,11616.813801037806,0.28455758282044746,0.385,0.6325385119632907,2.7438726458080858,0.5790113982772054,1407.0
1770,2.5,1.3,1.8,0.4,7.0,8.0,14.0,0.2110220711915163,2855.8104120200414,4025.6674713467964,11608.966642588537,0.28366187609244514,0.38,0.6417408592368472,2.7473233976761877,0.5751866527711881,1399.5
1771,2.5,1.3,2.2,0.4,3.0,6.0,14.0,0.18063096239342186,4287.031634578061,4220.9247834071875,12082.000280774071,0.27371659938023973,0.37,0.6314940465907855,2.7419301076156817,0.5883357161294381,1937.0
1772,2.5,1.3,2.2,0.4,3.0,7.0,14.0,0.18214643973826486,4278.925602997528,4196.423968029285,12094.998357686101,0.27245474701849626,0.37,0.6348763499383026,2.7660371885885424,0.5876596912045867,1920.0
1773,2.5,1.3,2.2,0.4,3.0,8.0,14.0,0.17468238188567842,4174.842212196413,4175.638635129872,12032.723951746273,0.27507034755494714,0.37,0.6287914344382517,2.749951032885332,0.58497496577317,1919.0
1774,2.5,1.3,2.2,0.4,4.0,6.0,14.0,0.14998833499979639,3551.477716948249,4224.133001968119,12227.720754237414,0.26408397608571765,0.36,0.6395990924182946,2.76732543971875,0.5782187316588743,1681.5
1775,2.5,1.3,2.2,0.4,4.0,7.0,14.0,0.1597535044333121,3567.859003280978,4126.9592511139235,12267.059096432047,0.2609217957308318,0.365,0.6448045445508832,2.7728577582677505,0.5809273011944497,1648.5
1776,2.5,1.3,2.2,0.4,4.0,8.0,14.0,0.1645440422744634,3478.3486283590173,4090.462135075676,12202.968694770618,0.26629613352253134,0.365,0.6382683173067751,2.766709204008002,0.5818816366376157,1651.5
1777,2.5,1.3,2.2,0.4,5.0,6.0,14.0,0.18541506418104237,3148.927975683751,4208.45632953577,12159.016682955436,0.26431218274111673,0.37,0.644432318104907,2.7779066311989506,0.579164110106049,1538.0
1778,2.5,1.3,2.2,0.4,5.0,7.0,14.0,0.1950176337144739,3127.0557726775914,4061.039356071812,11986.579796259852,0.2575467139034489,0.365,0.6430913147357438,2.775634166284013,0.5777155717881758,1513.5
1779,2.5,1.3,2.2,0.4,5.0,8.0,14.0,0.19425581814382759,3144.118484880551,4104.586407574466,12287.275314320681,0.25934224877886847,0.37,0.64689496249225,2.7811861503463655,0.5821825155998944,1510.0
1780,2.5,1.3,2.2,0.4,6.0,6.0,14.0,0.198791383451911,2939.1583298193873,4296.946918103091,12224.3954302815,0.25765163034918753,0.37,0.657940279014763,2.7919385204833937,0.57793380545592,1474.5
1781,2.5,1.3,2.2,0.4,6.0,7.0,14.0,0.2102913471893385,2904.2939932942154,4154.275370300558,12219.963837615906,0.2551075727096048,0.37,0.6517525316239898,2.8111405111520114,0.5829321925919931,1433.5
1782,2.5,1.3,2.2,0.4,6.0,8.0,14.0,0.21250435441759508,2894.011067086783,4056.78158768251,12185.870922961047,0.2613191914573887,0.37,0.6386216348903672,2.761103388881721,0.5787025470784606,1440.5
1783,2.5,1.3,2.2,0.4,7.0,6.0,14.0,0.20550227615866215,2810.208966515227,4236.270022829649,12244.485792320336,0.26007823591293955,0.365,0.6475877260176968,2.7852523675342638,0.5730492103313534,1435.0
1784,2.5,1.3,2.2,0.4,7.0,7.0,14.0,0.21068067170218752,2799.5330034496455,4161.735255330606,12006.428644626507,0.25928858048063347,0.365,0.6543096841110086,2.777053105557143,0.5761126137871158,1401.0
1785,2.5,1.3,2.2,0.4,7.0,8.0,14.0,0.22442666668424838,2755.310861723545,4075.6017163118845,12055.643206743465,0.2553124461264397,0.37,0.6482369492582893,2.770772669255658,0.5780548689403329,1397.0
1786,2.5,1.3,2.6,0.4,3.0,6.0,14.0,0.18914607765846872,4218.62425162513,4256.6806839315905,12207.288908918523,0.24208271259305106,0.365,0.659689452599699,2.8473410471824407,0.5908533881125089,1937.0
1787,2.5,1.3,2.6,0.4,3.0,7.0,14.0,0.1875508557117549,4169.500451580385,4189.700174597284,12122.750175129702,0.23885472791579318,0.36,0.6643862961040738,2.857472070296488,0.5874973769448774,1919.0
1788,2.5,1.3,2.6,0.4,3.0,8.0,14.0,0.19536090869922138,4168.920880886776,4103.478364013146,12043.33393619469,0.23978291493294465,0.365,0.6553480065250376,2.8514961033473707,0.5887035918637548,1919.5
1789,2.5,1.3,2.6,0.4,4.0,6.0,14.0,0.1617793381047353,3503.9903688632376,4220.725487006048,12057.434149328335,0.24359805759168146,0.355,0.6561590019078221,2.8346697768550557,0.5847223998949239,1694.0
1790,2.5,1.3,2.6,0.4,4.0,7.0,14.0,0.173483759026773,3563.8687741134663,4173.072587025406,12178.181614181955,0.2341615950811089,0.365,0.6646837897395735,2.8422532938806384,0.5838580553273096,1656.5
1791,2.5,1.3,2.6,0.4,4.0,8.0,14.0,0.1775554997235384,3485.002634159882,4054.2058535309407,12158.349759360452,0.24057869573025503,0.36,0.6637355042703338,2.8499839374210225,0.5807430109253051,1649.0
1792,2.5,1.3,2.6,0.4,5.0,6.0,14.0,0.1973683946765999,3134.2248120564805,4222.456152011979,12138.757801426513,0.2382742616033755,0.365,0.6701940928270043,2.8393354608909385,0.5798809053052452,1540.0
1793,2.5,1.3,2.6,0.4,5.0,7.0,14.0,0.19865900343085557,3132.145539666969,4155.26085890362,12130.880817247373,0.24238229147290213,0.365,0.6569808843321552,2.82070276651531,0.5767375308289003,1512.0
1794,2.5,1.3,2.6,0.4,5.0,8.0,14.0,0.20124182531139537,3102.629242341083,4141.885864831989,12273.67803304356,0.23622606147702918,0.36,0.6615183763238961,2.836061915574692,0.578633891729091,1513.0
1795,2.5,1.3,2.6,0.4,6.0,6.0,14.0,0.2102415970347779,2962.2970504418918,4214.295178938775,12103.285594516392,0.23686020237744376,0.365,0.6603178111798802,2.8394593675789883,0.577643463255404,1456.0
1796,2.5,1.3,2.6,0.4,6.0,7.0,14.0,0.21154142693506023,2937.730146821081,4176.3907505550615,12047.142325639861,0.24086740204494023,0.365,0.6536527987366036,2.83547153070654,0.5787485348691707,1442.5
1797,2.5,1.3,2.6,0.4,6.0,8.0,14.0,0.21606361393406542,2939.3403898115603,4125.990227699243,11965.861163570667,0.2376185576234789,0.365,0.6639742382745635,2.841016679000113,0.5773029618216294,1434.5
1798,2.5,1.3,2.6,0.4,7.0,6.0,14.0,0.21505215126416646,2796.6048547111495,4243.068923797702,12006.811191258861,0.23860094129303938,0.36,0.6609286598959624,2.8261101980964183,0.5711491208959741,1421.5
1799,2.5,1.3,2.6,0.4,7.0,7.0,14.0,0.22009112938305853,2807.250810493428,4196.821180679284,12077.135392073982,0.2394504619297467,0.365,0.6609047287889325,2.8298438118068807,0.5718780432839617,1408.0
1800,2.5,1.3,2.6,0.4,7.0,8.0,14.0,0.22995528224154127,2791.083625559869,4110.460768463159,12273.709229321159,0.23247397811492743,0.365,0.6655782298959125,2.848246221763489,0.5819473181688445,1397.0
1801,3.0,0.5,0.6,0.4,3.0,6.0,14.0,0.11632624790220948,4254.186598275419,4167.504083750988,11549.47565709802,0.43807951178884275,0.385,0.47371238546689165,2.413659381866024,0.5865294672412718,1949.0
1802,3.0,0.5,0.6,0.4,3.0,7.0,14.0,0.11853635172891624,4206.316265053233,4014.706049203006,11634.603870711439,0.43984366662246815,0.38,0.46335377245095855,2.4116616444896386,0.5859079298627932,1926.5
1803,3.0,0.5,0.6,0.4,3.0,8.0,14.0,0.12823789157593843,4309.027832762453,4086.8542904848323,11488.984817433273,0.4446274116983335,0.385,0.467735229247899,2.421370129150894,0.5863262685149551,1918.5
1804,3.0,0.5,0.6,0.4,4.0,6.0,14.0,0.09082880206867895,3563.3278029832018,4181.898069291723,11609.634710798604,0.3977443731255827,0.385,0.5045199830644209,2.495692756818076,0.5818989608270861,1682.5
1805,3.0,0.5,0.6,0.4,4.0,7.0,14.0,0.09663304592590202,3540.7281646124293,4083.6432821974936,11699.22428127402,0.399386599742353,0.385,0.5075082892908027,2.5003764832203883,0.5852292859295154,1660.0
1806,3.0,0.5,0.6,0.4,4.0,8.0,14.0,0.10403370716352714,3486.805936868479,4040.355769526428,11794.703894190212,0.396954260966964,0.385,0.504880635137589,2.490433933602728,0.5787828759706538,1658.0
1807,3.0,0.5,0.6,0.4,5.0,6.0,14.0,0.13339697712772614,3106.403219023361,4137.920136679491,11556.848230023958,0.3819525079375838,0.385,0.532934353693227,2.530190749969628,0.5788461465751036,1537.0
1808,3.0,0.5,0.6,0.4,5.0,7.0,14.0,0.13823268207910958,3095.698773960793,4087.7673851814247,11612.16089379894,0.3795499232480726,0.385,0.5294947308508253,2.5423963793208637,0.5796237334363025,1523.5
1809,3.0,0.5,0.6,0.4,5.0,8.0,14.0,0.13774731754909578,3141.233537845753,4023.4825755153406,11585.925133351342,0.3746216768916155,0.38,0.5320744552191218,2.55287160879113,0.5808615313212511,1508.5
1810,3.0,0.5,0.6,0.4,6.0,6.0,14.0,0.1533969205719556,2862.7291726748863,4174.975829256768,11706.367653592719,0.36626582702485433,0.38,0.5474615350260155,2.5741250318486517,0.5823090756794626,1467.0
1811,3.0,0.5,0.6,0.4,6.0,7.0,14.0,0.16307644784728204,2848.6015294041663,4037.8032682564362,11635.129268784644,0.36393630878925,0.38,0.5454031262854793,2.5711840850996595,0.5796066816355355,1450.0
1812,3.0,0.5,0.6,0.4,6.0,8.0,14.0,0.1653666518512693,2932.6899839615535,4048.5612719352057,11552.627423144108,0.3559581357875492,0.385,0.5523331706485699,2.578231049025981,0.580350090647672,1438.0
1813,3.0,0.5,0.6,0.4,7.0,6.0,14.0,0.16388036384840513,2800.4369151838423,4131.526971853971,11501.282509959816,0.3596172362444429,0.38,0.5489995062575207,2.571676000162909,0.5780262117648526,1425.5
1814,3.0,0.5,0.6,0.4,7.0,7.0,14.0,0.17825355730939077,2800.036610731871,4074.851901391574,11543.743575869546,0.3469741953136787,0.385,0.5586378317005622,2.59155023754943,0.5790949843663071,1399.0
1815,3.0,0.5,0.6,0.4,7.0,8.0,14.0,0.17116692934879996,2787.7759546197776,4052.2647857628485,11541.116007999284,0.35593573582080495,0.38,0.5567941765646183,2.5741677213590837,0.5778378396231436,1407.0
1816,3.0,0.5,1.0,0.4,3.0,6.0,14.0,0.10894829377767667,4258.366325184484,4217.363852268085,11454.651545906374,0.43605688224736905,0.38,0.4748738266631286,2.428686339528103,0.5857408869852961,1956.0
1817,3.0,0.5,1.0,0.4,3.0,7.0,14.0,0.11558743377291131,4271.69618483672,4079.286433480596,11567.093444050119,0.43328759383323917,0.38,0.4711381063846961,2.42433935727873,0.5838228185279046,1928.0
1818,3.0,0.5,1.0,0.4,3.0,8.0,14.0,0.12344731770924171,4262.774184441389,3997.6140539691087,11484.622112131443,0.43379729450821614,0.385,0.4730897212390547,2.415078249256247,0.5842300771022062,1909.0
1819,3.0,0.5,1.0,0.4,4.0,6.0,14.0,0.09066308346760929,3568.162240537199,4169.6374828660555,11757.208211763966,0.3985772357723577,0.385,0.5119483159117305,2.496601085988069,0.5810414068737717,1681.0
1820,3.0,0.5,1.0,0.4,4.0,7.0,14.0,0.09821553651407056,3561.4400598637367,4092.268498881849,11498.860341029844,0.393605991793505,0.385,0.5097375412078278,2.4922181752134436,0.5829400716940947,1655.0
1821,3.0,0.5,1.0,0.4,4.0,8.0,14.0,0.09658203600235286,3604.519817360606,4000.6147470787128,11576.258336231445,0.3997087933354222,0.385,0.5127375269550473,2.480755986828908,0.5835187759076707,1647.5
1822,3.0,0.5,1.0,0.4,5.0,6.0,14.0,0.12843201235527285,3131.2190131709503,4223.242531085572,11571.044183786129,0.3734481541699752,0.38,0.5361767560277788,2.5504337381821554,0.5743340731363097,1543.5
1823,3.0,0.5,1.0,0.4,5.0,7.0,14.0,0.1407347106416405,3072.1507098942006,4160.221559752952,11607.306968974553,0.37150105944016953,0.385,0.5303003373480539,2.5357575780145813,0.5810708269513798,1516.0
1824,3.0,0.5,1.0,0.4,5.0,8.0,14.0,0.13964963060613522,3127.7954333100324,4074.66946567371,11727.306800214163,0.36834675577481224,0.38,0.5359107407641656,2.535736258218221,0.5802316328999493,1509.5
1825,3.0,0.5,1.0,0.4,6.0,6.0,14.0,0.1610060961486977,2941.0962193929363,4106.099367484096,11508.902080464712,0.35079529640839274,0.38,0.5496537706209461,2.579217362513102,0.5786549463444615,1468.0
1826,3.0,0.5,1.0,0.4,6.0,7.0,14.0,0.16617055113692522,2864.3838520718155,4115.475331180299,11545.256384195578,0.3563312220094161,0.385,0.5511820305532242,2.58088944272121,0.5747827738339605,1447.0
1827,3.0,0.5,1.0,0.4,6.0,8.0,14.0,0.16828344275312054,2877.423769754256,4075.902869073392,11573.223671880818,0.3548616082511998,0.385,0.5541773024515937,2.565239056804783,0.5747167810267741,1441.0
1828,3.0,0.5,1.0,0.4,7.0,6.0,14.0,0.16159867290412347,2796.1088666520136,4192.031472889783,11413.343373629039,0.36486528879641,0.385,0.5546959592766059,2.5666469338325983,0.581118427263716,1429.0
1829,3.0,0.5,1.0,0.4,7.0,7.0,14.0,0.17430443593457287,2846.4235247871525,4126.843783969933,11675.376016019145,0.3436791928519516,0.385,0.5644165643684689,2.6048323283186794,0.5736927091827044,1402.5
1830,3.0,0.5,1.0,0.4,7.0,8.0,14.0,0.17134560918830608,2833.3455900210315,4031.0570539989026,11515.19654166504,0.35237906908954547,0.38,0.559315738756549,2.5801285592272487,0.5797763839000063,1398.0
1831,3.0,0.5,1.4,0.4,3.0,6.0,14.0,0.11311471905428117,4255.319818427098,4178.657302070123,11616.050084474791,0.40644160580107247,0.385,0.5030727844643548,2.4636644139968467,0.5879394092959798,1951.5
1832,3.0,0.5,1.4,0.4,3.0,7.0,14.0,0.12188276507697064,4209.891707280352,4009.3839912052044,11442.886805478038,0.4017815283638069,0.385,0.5014520497994478,2.4695289680167654,0.5847253224369686,1920.0
1833,3.0,0.5,1.4,0.4,3.0,8.0,14.0,0.12613089249761897,4268.09091305103,3983.483901663957,11646.485809234626,0.40356694273212473,0.385,0.5001244288701203,2.4650591655022254,0.5870798211371773,1913.5
1834,3.0,0.5,1.4,0.4,4.0,6.0,14.0,0.10586361826066842,3504.610566705146,4186.874179989115,11687.75910952202,0.3786911569722031,0.385,0.5222088379909748,2.5070198143624385,0.5841006678104643,1679.5
1835,3.0,0.5,1.4,0.4,4.0,7.0,14.0,0.11346940026085321,3481.554384754144,4109.604290997255,11445.215347650916,0.3754720406681191,0.385,0.5277305737109659,2.51260034357892,0.5815787556063383,1660.0
1836,3.0,0.5,1.4,0.4,4.0,8.0,14.0,0.10520193985216555,3591.572616503566,4031.624963285678,11557.52743546107,0.37754289205652247,0.38,0.5299956004414842,2.5195044679359135,0.5792151027234476,1658.0
1837,3.0,0.5,1.4,0.4,5.0,6.0,14.0,0.14376626022287448,3113.8484999130224,4199.013151869494,11636.89107287745,0.3581964735516373,0.385,0.5499445843828715,2.5633252357698137,0.5770372730057611,1544.0
1838,3.0,0.5,1.4,0.4,5.0,7.0,14.0,0.14819414526875757,3158.7167779529627,4096.125048155239,11673.376564594682,0.3549234469326791,0.385,0.5518864491713971,2.5701954076404574,0.5756360015170521,1520.0
1839,3.0,0.5,1.4,0.4,5.0,8.0,14.0,0.1478444271972867,3063.657167317392,4110.655091804825,11479.004517358466,0.3586113002042206,0.38,0.5538593293660379,2.561985509549816,0.5824657768104289,1509.5
1840,3.0,0.5,1.4,0.4,6.0,6.0,14.0,0.16343680674064837,2884.586427633084,4186.330137262618,11587.954874194518,0.35226532473454497,0.385,0.5569523158100449,2.5609123455345912,0.581119563995481,1466.5
1841,3.0,0.5,1.4,0.4,6.0,7.0,14.0,0.16827180169546638,2872.6412435425054,4141.940757325776,11818.03640552703,0.3431227598566308,0.38,0.5578405017921146,2.5854376856986923,0.5779628986621885,1441.5
1842,3.0,0.5,1.4,0.4,6.0,8.0,14.0,0.17447358380172373,2924.52020513922,4033.022640053511,11593.591980904495,0.34298099965390194,0.385,0.5618697765842019,2.58232911012753,0.5774722367175499,1434.0
1843,3.0,0.5,1.4,0.4,7.0,6.0,14.0,0.1748510128114854,2796.5894929030683,4168.238829856541,11704.946092553986,0.3383221602594526,0.38,0.5693872607182409,2.600402927636395,0.578198263528314,1423.0
1844,3.0,0.5,1.4,0.4,7.0,7.0,14.0,0.17884692962335805,2790.329356938624,4140.052312647903,11686.903637518211,0.33485217885892526,0.38,0.5694787700665731,2.5948825641952293,0.5773787402723363,1406.5
1845,3.0,0.5,1.4,0.4,7.0,8.0,14.0,0.19110365707016755,2755.5949364045127,3968.5459318643025,11511.337064525113,0.33997784766352857,0.385,0.5684393282288709,2.5944483549282005,0.5752411290325444,1403.0
1846,3.0,0.5,1.8,0.4,3.0,6.0,14.0,0.12551784233717705,4218.874470204659,4166.2036346787145,11497.414628919307,0.3698674090614146,0.375,0.5373268858862297,2.5289113457699495,0.5863845476769657,1942.5
1847,3.0,0.5,1.8,0.4,3.0,7.0,14.0,0.13014994697525178,4291.061824888331,4191.399590784431,11550.2363619597,0.36799919276413273,0.375,0.5384563916556733,2.521443496829059,0.5866132994554396,1921.5
1848,3.0,0.5,1.8,0.4,3.0,8.0,14.0,0.1325651005085085,4217.63381085724,4078.745350104682,11608.9260145802,0.36574970983849064,0.375,0.5398045293890498,2.5257040467375553,0.5864877803810153,1913.0
1849,3.0,0.5,1.8,0.4,4.0,6.0,14.0,0.11744855939182622,3528.8978393169823,4232.538144563722,11377.270976659216,0.34600802652316665,0.38,0.5582445795358872,2.563738085633729,0.5865245111388229,1677.0
1850,3.0,0.5,1.8,0.4,4.0,7.0,14.0,0.1214126321880896,3522.0385673925116,4146.776125027054,11596.367062179368,0.3414716682266542,0.375,0.5529109367125062,2.5612598393041663,0.582819785080902,1667.0
1851,3.0,0.5,1.8,0.4,4.0,8.0,14.0,0.12808636800344234,3518.1140766690037,4045.217405621469,11824.64439869341,0.3461979205690888,0.38,0.5553297353919023,2.5522225731396544,0.5816199309351804,1650.5
1852,3.0,0.5,1.8,0.4,5.0,6.0,14.0,0.15391047534839875,3119.2526593100692,4186.454200651628,11507.654655349992,0.32894364797945835,0.375,0.5717200586904689,2.59777765073155,0.5790753009871137,1535.5
1853,3.0,0.5,1.8,0.4,5.0,7.0,14.0,0.16434139217459548,3079.313212763034,4110.737176728627,11632.982594421708,0.32275156661241244,0.375,0.5744287944151518,2.597969295108663,0.5794973685032611,1510.0
1854,3.0,0.5,1.8,0.4,5.0,8.0,14.0,0.16022239205563893,3146.7792211482865,4114.640937999233,11671.589414959002,0.32167670703805545,0.375,0.5817061459667093,2.6083947501986304,0.5752693134765958,1513.0
1855,3.0,0.5,1.8,0.4,6.0,6.0,14.0,0.18200502497688797,2852.05853309803,4125.907280969962,11651.97853330406,0.3238243142218472,0.38,0.5866285288152655,2.622331528601663,0.5796014505479603,1471.0
1856,3.0,0.5,1.8,0.4,6.0,7.0,14.0,0.18182449505564566,2902.153836253547,4138.90945378147,11587.79089381082,0.3172829888211353,0.38,0.5898889464905773,2.636046745276807,0.5777884276448024,1448.5
1857,3.0,0.5,1.8,0.4,6.0,8.0,14.0,0.18842492996425547,2879.776913572793,4022.8474130705017,11468.906592676163,0.3191632042832927,0.38,0.5811007097825152,2.6289576918903426,0.5791701037795463,1435.0
1858,3.0,0.5,1.8,0.4,7.0,6.0,14.0,0.1931448756508866,2769.744690260405,4188.740804267217,11697.863382327705,0.30878689304982543,0.38,0.5871940455410981,2.6424148913286443,0.5753264375041512,1421.0
1859,3.0,0.5,1.8,0.4,7.0,7.0,14.0,0.18311053611152217,2765.4191445119795,4146.238246134872,11541.986171101367,0.3235918913590885,0.375,0.5865407088404875,2.62555381923979,0.5820563902072813,1403.5
1860,3.0,0.5,1.8,0.4,7.0,8.0,14.0,0.18944381728178747,2803.8109330742072,4139.446272128446,11490.214988928084,0.31557643767296173,0.38,0.5792506766414256,2.613399466607431,0.5798634442904973,1405.5
1861,3.0,0.5,2.2,0.4,3.0,6.0,14.0,0.14660189239565394,4238.954153051992,4144.230895167631,12243.151634948239,0.3196055962298773,0.36,0.569075929358099,2.603456916934806,0.5893648717412234,1949.5
1862,3.0,0.5,2.2,0.4,3.0,7.0,14.0,0.15622385119161147,4244.073894219303,4140.626745912579,12030.25296772291,0.3170720437164325,0.37,0.5703092562581198,2.597490490043061,0.5869794390350863,1932.5
1863,3.0,0.5,2.2,0.4,3.0,8.0,14.0,0.15148515539977128,4195.602173869304,4135.412515425885,12011.462010683459,0.32000999230101396,0.37,0.5730379871246745,2.60020120106857,0.5871704264578207,1914.0
1864,3.0,0.5,2.2,0.4,4.0,6.0,14.0,0.13151691760088327,3539.552265322972,4220.523705033368,12018.306737908497,0.30315520328189405,0.365,0.583901223790183,2.6365794412574814,0.583225788752602,1679.0
1865,3.0,0.5,2.2,0.4,4.0,7.0,14.0,0.1361775847312262,3550.809117661729,4178.320836643621,12060.592032851717,0.2978438127904853,0.365,0.591709807565737,2.6574973697857236,0.5805312837496285,1661.5
1866,3.0,0.5,2.2,0.4,4.0,8.0,14.0,0.1430974266272586,3499.251754497097,4111.027034256821,12251.595584468994,0.2981094130045546,0.365,0.5938253709518027,2.649322377242541,0.5841680476259311,1656.5
1867,3.0,0.5,2.2,0.4,5.0,6.0,14.0,0.16787457947821732,3161.822114181405,4180.306682008548,11950.155096778773,0.29484987812325114,0.37,0.5979912874709341,2.6624724319309463,0.5782446295640742,1534.0
1868,3.0,0.5,2.2,0.4,5.0,7.0,14.0,0.1771289456979132,3126.1664044997287,4101.901978918166,12178.019963628456,0.29039067296422394,0.37,0.5973992053636211,2.658925851263956,0.5780278845269446,1515.0
1869,3.0,0.5,2.2,0.4,5.0,8.0,14.0,0.17621689295746612,3082.050245109839,4117.057482503933,12199.536958003078,0.28919517092058916,0.365,0.6009660957071352,2.6713237727758834,0.5808422652631674,1513.0
1870,3.0,0.5,2.2,0.4,6.0,6.0,14.0,0.18643674215295875,2958.3545717785464,4146.775307602704,12099.47817875357,0.2833688895617006,0.365,0.6080923359273962,2.685149346144546,0.5737080653213558,1463.5
1871,3.0,0.5,2.2,0.4,6.0,7.0,14.0,0.19275741694034548,2931.048556573028,4209.618845367515,11992.332808392654,0.27655807909952024,0.37,0.6050016722536598,2.6880259099428585,0.5779898529531713,1443.0
1872,3.0,0.5,2.2,0.4,6.0,8.0,14.0,0.19012379488591707,2917.7361086340097,4075.6022337789036,12019.838472469026,0.2818113068555844,0.36,0.6035425025861259,2.681244404722684,0.5778739827538237,1429.5
1873,3.0,0.5,2.2,0.4,7.0,6.0,14.0,0.19965592821916697,2790.613399874857,4254.520556460515,12077.843411586677,0.27684322515642396,0.37,0.6088508914990042,2.700063745681677,0.5769410147539722,1429.5
1874,3.0,0.5,2.2,0.4,7.0,7.0,14.0,0.2056099194497266,2841.853449466089,4126.174866893488,12219.304240343601,0.2725729909802319,0.37,0.6113427359794158,2.701287292613518,0.5719516217741278,1405.5
1875,3.0,0.5,2.2,0.4,7.0,8.0,14.0,0.20927090773042334,2763.7635167167496,4118.368345759731,12129.284943053324,0.27597183960820326,0.37,0.6046311600857055,2.6775136717898107,0.5802832470176083,1401.0
1876,3.0,0.5,2.6,0.4,3.0,6.0,14.0,0.1612719727975535,4187.622010384367,4246.6330944904785,12214.164929815302,0.28630193151572586,0.365,0.597652778862451,2.6653986051205814,0.5866033144612248,1947.0
1877,3.0,0.5,2.6,0.4,3.0,7.0,14.0,0.16590957464999376,4253.374092148297,4175.361024727608,12121.454292031536,0.28600394372402527,0.36,0.5999066454973578,2.6737100339418722,0.5823852806392876,1929.5
1878,3.0,0.5,2.6,0.4,3.0,8.0,14.0,0.16672306993911135,4231.581118662723,4116.492330964272,12114.84187836292,0.2874602802521227,0.36,0.6023532322758764,2.6682414272702006,0.5876678812116629,1920.0
1879,3.0,0.5,2.6,0.4,4.0,6.0,14.0,0.1443311913873593,3584.626028437744,4158.9811282380815,12101.86738167242,0.2756892763333638,0.36,0.6076632237392643,2.697984989747515,0.5805860422788841,1680.5
1880,3.0,0.5,2.6,0.4,4.0,7.0,14.0,0.14680413379977247,3554.204315381742,4153.028383546553,12286.35098085921,0.26915298680466526,0.355,0.6149809148179655,2.708790118526401,0.5804492656868487,1660.0
1881,3.0,0.5,2.6,0.4,4.0,8.0,14.0,0.1528397376001771,3484.3574424396065,4090.6592160837254,12397.758499568796,0.2725335819949584,0.355,0.6101766092738883,2.708591333924006,0.5823918592043094,1650.0
1882,3.0,0.5,2.6,0.4,5.0,6.0,14.0,0.17882965940563425,3088.1607420099685,4249.555520865507,12060.765531117459,0.26583856209480256,0.36,0.6153553959303999,2.7214409477719075,0.5805355007889743,1542.5
1883,3.0,0.5,2.6,0.4,5.0,7.0,14.0,0.18285196481684635,3150.680578326478,4142.28468153112,12263.177916849369,0.26164099839532806,0.36,0.6186267204868873,2.718821870581051,0.5786438001098233,1522.0
1884,3.0,0.5,2.6,0.4,5.0,8.0,14.0,0.18381384269423884,3137.4755953714393,4111.329477299458,12282.000220660007,0.2643039451390196,0.36,0.6178356824754104,2.724782781817768,0.5787838385082071,1507.0
1885,3.0,0.5,2.6,0.4,6.0,6.0,14.0,0.19893446127640563,2863.741371083568,4227.564577820474,12085.870031877315,0.26582958390010814,0.365,0.6166928255031217,2.728182780322021,0.5796538234705567,1467.0
1886,3.0,0.5,2.6,0.4,6.0,7.0,14.0,0.20552067195688184,2909.77361273062,4103.833293064085,12089.074688271608,0.26067243898280124,0.365,0.6276274792475643,2.727231888692385,0.5807422616318637,1437.5
1887,3.0,0.5,2.6,0.4,6.0,8.0,14.0,0.19553141823349623,2942.3206014645643,4197.11169680756,12197.740680658902,0.25901772932923484,0.36,0.622127218953556,2.720997664482059,0.5779100448077468,1437.0
1888,3.0,0.5,2.6,0.4,7.0,6.0,14.0,0.20715679689128957,2798.2596025833227,4213.400328027678,12137.730879244951,0.25434478056524884,0.36,0.6241143426388758,2.7303793778517367,0.575905377603114,1427.5
1889,3.0,0.5,2.6,0.4,7.0,7.0,14.0,0.20958742100595013,2795.7590625043504,4242.239995152742,12175.169281438615,0.2543156704543555,0.365,0.6310311358456597,2.7596799226467734,0.5796389188269446,1406.0
1890,3.0,0.5,2.6,0.4,7.0,8.0,14.0,0.2116103436255782,2762.172653957213,4133.004437446225,11915.038396283391,0.25817881345362326,0.36,0.622954517108053,2.724118755004476,0.5784128433479157,1388.0
1891,3.0,0.7,0.6,0.4,3.0,6.0,14.0,0.11316540015952323,4280.477064561506,4164.832185786601,11369.786643694326,0.4359140397933757,0.38,0.47124435738732756,2.4197236064421386,0.5920115284614178,1945.0
1892,3.0,0.7,0.6,0.4,3.0,7.0,14.0,0.11890531149339242,4310.547621715643,4146.2186647119,11611.753572510956,0.43411318094308415,0.385,0.47460234821985414,2.438965865570999,0.5868681293633342,1920.5
1893,3.0,0.7,0.6,0.4,3.0,8.0,14.0,0.12721218615623053,4332.152460256481,4005.738619994034,11431.876208794532,0.432992149093844,0.385,0.47134949168847473,2.430896337367884,0.5788256838818606,1918.5
1894,3.0,0.7,0.6,0.4,4.0,6.0,14.0,0.09441004797014887,3564.4263238266103,4099.476143824608,11492.467070751898,0.3990129238041986,0.385,0.5054957584280768,2.4918036174712492,0.5818700963089045,1683.5
1895,3.0,0.7,0.6,0.4,4.0,7.0,14.0,0.09649469971674399,3540.158804435706,4073.585484976601,11643.244300637049,0.40058769782018,0.385,0.5147585379694873,2.4902684801194734,0.5783686296135571,1662.0
1896,3.0,0.7,0.6,0.4,4.0,8.0,14.0,0.09907356468292808,3545.1865200356297,4037.498396353114,11488.47557360333,0.3989296991024909,0.385,0.5077929191800319,2.497112681190364,0.5843772073148884,1649.0
1897,3.0,0.7,0.6,0.4,5.0,6.0,14.0,0.13677876012446105,3116.546420487366,4150.0366391515145,11550.014951310002,0.37403265588317003,0.385,0.5320902691915347,2.554707468043464,0.5824899947102704,1536.0
1898,3.0,0.7,0.6,0.4,5.0,7.0,14.0,0.13886616106042515,3114.575315108371,4044.349128195519,11517.830483134023,0.3802501645819618,0.385,0.5342703533026114,2.539246127704862,0.5824899947102704,1510.0
1899,3.0,0.7,0.6,0.4,5.0,8.0,14.0,0.13547867197624508,3149.6273197202754,4061.881651460424,11459.798192494676,0.3803936576260907,0.385,0.5358550219237516,2.5332038877448433,0.5789515752085854,1510.0
1900,3.0,0.7,0.6,0.4,6.0,6.0,14.0,0.1481352413020221,2929.077923039592,4210.286067129267,11669.205384231413,0.36441389662218426,0.38,0.5435040161963716,2.5547550196556315,0.5833524284053411,1459.5
1901,3.0,0.7,0.6,0.4,6.0,7.0,14.0,0.1627482718797626,2852.913044258627,4077.842947915912,11380.236786703997,0.36039969588356685,0.38,0.5479635060280221,2.5681561272245257,0.5794084262245834,1440.0
1902,3.0,0.7,0.6,0.4,6.0,8.0,14.0,0.16409398555528704,2860.3667261908085,4115.36846243397,11483.524219267036,0.36028459639704563,0.385,0.5461593601085242,2.5748144212149446,0.5798362231784198,1441.5
1903,3.0,0.7,0.6,0.4,7.0,6.0,14.0,0.16635014444345025,2736.130566335658,4161.970375175535,11416.58898861756,0.36001708184068937,0.38,0.5581283973498942,2.5886224751317695,0.5754275479475357,1423.5
1904,3.0,0.7,0.6,0.4,7.0,7.0,14.0,0.17387542934231368,2811.3982357440104,4129.093150480059,11683.805856118324,0.3481660479988239,0.385,0.5615630653256072,2.602178100553676,0.5782498312871631,1400.5
1905,3.0,0.7,0.6,0.4,7.0,8.0,14.0,0.16867691614009409,2797.581727643491,4072.586784693084,11409.709793360387,0.3571810801008592,0.38,0.5519021989318936,2.5746948358430446,0.5771266771383432,1403.0
1906,3.0,0.7,1.0,0.4,3.0,6.0,14.0,0.11746419077320838,4309.565653050967,4168.02362580014,11554.922405990372,0.4337635606239192,0.385,0.47928904913862247,2.427531622962597,0.5887394175834877,1947.5
1907,3.0,0.7,1.0,0.4,3.0,7.0,14.0,0.1118036599521067,4275.857791443728,4067.384849120574,11401.575842329356,0.4317530638026316,0.375,0.4754217476807133,2.4144285391558977,0.5916563537556965,1920.0
1908,3.0,0.7,1.0,0.4,3.0,8.0,14.0,0.11873795506373255,4265.37291481043,4032.209678058711,11300.986385392622,0.42870118310927496,0.385,0.4743501174778677,2.4214093470609797,0.5810140125986808,1910.5
1909,3.0,0.7,1.0,0.4,4.0,6.0,14.0,0.09361805355529228,3495.183510608258,4183.591479221977,11748.10508047574,0.3942632526912113,0.38,0.5105191714361494,2.510853712874912,0.5821206519858184,1677.5
1910,3.0,0.7,1.0,0.4,4.0,7.0,14.0,0.09799060912994642,3498.760695323204,4134.035055500888,11479.294569233516,0.3909670540105323,0.38,0.5070537929233582,2.495365021939289,0.5819452410751054,1661.0
1911,3.0,0.7,1.0,0.4,4.0,8.0,14.0,0.10449256598083698,3515.0498678903814,4005.380851756905,11421.169220686294,0.39612751367403876,0.385,0.5100139132981839,2.4757274394078204,0.5757530520567705,1661.5
1912,3.0,0.7,1.0,0.4,5.0,6.0,14.0,0.1407461630715682,3122.593115001442,4134.896702106993,11723.126658766041,0.36804337236119106,0.385,0.5342627856828966,2.5348622380451253,0.5790171439532822,1533.0
1913,3.0,0.7,1.0,0.4,5.0,7.0,14.0,0.14078744152929226,3149.251274585773,4092.824009773526,11610.204639463587,0.3687358971374772,0.385,0.5344374749210066,2.5622785919049775,0.5815161900123851,1518.0
1914,3.0,0.7,1.0,0.4,5.0,8.0,14.0,0.14349618583872376,3082.475764175817,4051.430513182002,11626.317766554943,0.3691083417587786,0.38,0.5402459560047572,2.557202418399783,0.5798790208127791,1513.5
1915,3.0,0.7,1.0,0.4,6.0,6.0,14.0,0.15566370727981377,2899.831887475034,4207.037575402964,11640.055985457951,0.3617352920216475,0.385,0.554340186320389,2.5779352313851245,0.5767815523852333,1466.0
1916,3.0,0.7,1.0,0.4,6.0,7.0,14.0,0.16070952377746778,2903.480924400269,4063.494018385036,11479.317788280185,0.3593854236157438,0.38,0.5492481098510118,2.5687544033747227,0.5862321839276403,1445.5
1917,3.0,0.7,1.0,0.4,6.0,8.0,14.0,0.1626962161164897,2901.268644669643,4090.384776937732,11672.748650715605,0.353881024409059,0.38,0.5504403232214905,2.5668524315420855,0.5769281594360325,1438.0
1918,3.0,0.7,1.0,0.4,7.0,6.0,14.0,0.1773664744964556,2744.7615016732734,4120.903828953693,11633.146251202848,0.3505871759534521,0.385,0.5538665631046606,2.593334956491451,0.5757572000785808,1428.0
1919,3.0,0.7,1.0,0.4,7.0,7.0,14.0,0.16848330328612202,2837.908656532773,4080.0669296978654,11516.501709335229,0.3522648978336202,0.38,0.5566721497779212,2.5822374432156954,0.5765687406180733,1403.0
1920,3.0,0.7,1.0,0.4,7.0,8.0,14.0,0.1797908798708272,2767.964174356854,4053.3718305994216,11460.779445152199,0.3499562731457016,0.385,0.5609212481426449,2.5934454062221004,0.578550120112292,1390.0
1921,3.0,0.7,1.4,0.4,3.0,6.0,14.0,0.11143266687779341,4233.802685651472,4176.453577054523,11605.719478779007,0.40066405278558237,0.38,0.5066058701207994,2.4755546955570873,0.583462688182895,1944.5
1922,3.0,0.7,1.4,0.4,3.0,7.0,14.0,0.12381683454687165,4291.410492111367,4091.425022656126,11508.433829541784,0.4003930378476873,0.385,0.5012536809167177,2.476126348309263,0.5870897492602785,1920.5
1923,3.0,0.7,1.4,0.4,3.0,8.0,14.0,0.12224376465299586,4249.817833332318,4025.7430164515235,11714.003677081539,0.3978643778552872,0.38,0.5035992438974934,2.467825054142932,0.5868329048111582,1917.0
1924,3.0,0.7,1.4,0.4,4.0,6.0,14.0,0.10333669649904251,3488.3996853708054,4198.219949487053,11467.495878607813,0.377389474873272,0.38,0.5292240295957413,2.520823230527783,0.5846902750552072,1683.5
1925,3.0,0.7,1.4,0.4,4.0,7.0,14.0,0.1104609468637148,3461.1172400692685,4084.035832101308,11587.193262797593,0.37877665181796555,0.38,0.52377665545557,2.5124864719259357,0.5759260658648552,1658.5
1926,3.0,0.7,1.4,0.4,4.0,8.0,14.0,0.11484172327095254,3481.80810713948,4022.443577684913,11461.837198362846,0.3746096644437388,0.38,0.5275638650718041,2.5081861552432123,0.5859701948800546,1650.0
1927,3.0,0.7,1.4,0.4,5.0,6.0,14.0,0.14193048082800333,3156.4740519591423,4170.852231356193,11492.32900301335,0.35898273313499657,0.385,0.5522883571558577,2.550080475416914,0.5780478520594036,1534.0
1928,3.0,0.7,1.4,0.4,5.0,7.0,14.0,0.15038779703188557,3110.9591760123985,4134.700691110673,11553.803546397678,0.35318116371792113,0.385,0.5502397659897935,2.5692224030740842,0.58424133115476,1512.5
1929,3.0,0.7,1.4,0.4,5.0,8.0,14.0,0.1544432411005139,3112.2506297839413,4067.4431798988066,11442.30280283406,0.35226796304108804,0.385,0.5531722628917922,2.572669252277694,0.5763063485990089,1513.0
1930,3.0,0.7,1.4,0.4,6.0,6.0,14.0,0.16474129557578074,2957.695106347983,4141.3806142147505,11563.469550015876,0.3458314703033013,0.385,0.5626639466428198,2.586035071871093,0.5803451845142356,1466.0
1931,3.0,0.7,1.4,0.4,6.0,7.0,14.0,0.17256939728803852,2867.6207335634444,4096.336730648527,11406.021763391513,0.3469349322626891,0.385,0.5695211848223898,2.586803845033401,0.5792598451594952,1444.5
1932,3.0,0.7,1.4,0.4,6.0,8.0,14.0,0.17303105516857595,2929.9078357946255,4054.9041432742288,11621.834146902354,0.34282694651955115,0.385,0.557514290235364,2.587140194394886,0.5771072204192927,1431.5
1933,3.0,0.7,1.4,0.4,7.0,6.0,14.0,0.1688815949676623,2784.2883660701464,4194.657367995052,11345.253615678961,0.3473695354212621,0.38,0.56388452742393,2.59097825061836,0.5752822254441567,1431.0
1934,3.0,0.7,1.4,0.4,7.0,7.0,14.0,0.1845785429860882,2825.3272677880987,4067.099980378105,11664.774220437255,0.33417968554278443,0.385,0.5695779178483029,2.604653948215134,0.5779330196575303,1413.5
1935,3.0,0.7,1.4,0.4,7.0,8.0,14.0,0.18414485847742398,2816.445615126311,4029.859485114789,11486.012000250936,0.33926237783200586,0.385,0.5629699364540623,2.6002840305697728,0.5742753044136402,1392.5
1936,3.0,0.7,1.8,0.4,3.0,6.0,14.0,0.12831457701018847,4237.604098364582,4145.618788152326,11475.87795119881,0.36277783096076194,0.37,0.5317106158641878,2.5204471002143753,0.5855580991248373,1955.5
1937,3.0,0.7,1.8,0.4,3.0,7.0,14.0,0.1410086066668037,4282.827112121596,4082.7926633739125,11642.655966724378,0.35858712363316003,0.375,0.5441988115185958,2.5335963734683453,0.5894174918015282,1925.0
1938,3.0,0.7,1.8,0.4,3.0,8.0,14.0,0.13031664920713537,4217.637155977157,4107.945131922161,11361.930475443518,0.3669025066380976,0.375,0.5339746875369633,2.5227333369856937,0.5847769297506771,1918.0
1939,3.0,0.7,1.8,0.4,4.0,6.0,14.0,0.12861070034161814,3529.5137390511018,4131.8345918498635,11539.803185421095,0.33623882229152163,0.38,0.5544222877069843,2.5766162586527033,0.5798261791251873,1683.0
1940,3.0,0.7,1.8,0.4,4.0,7.0,14.0,0.13042331402944007,3475.99507095575,4102.474434505595,11503.741478849279,0.3418966493423536,0.38,0.5657619189338289,2.560667352806834,0.5852053072556689,1660.5
1941,3.0,0.7,1.8,0.4,4.0,8.0,14.0,0.1301559214950573,3487.4782909556816,4159.296295767825,11712.94424446077,0.33593669992589076,0.38,0.561473221020593,2.5829071113766577,0.5825413451051705,1651.0
1942,3.0,0.7,1.8,0.4,5.0,6.0,14.0,0.1556612174971888,3133.6253552151747,4198.291961207261,11572.545050365918,0.3233098045009612,0.375,0.5708760435559359,2.6087605887229826,0.5794123969446574,1535.5
1943,3.0,0.7,1.8,0.4,5.0,7.0,14.0,0.1653874884609933,3112.1534252856027,4099.483692800115,11539.724962484082,0.3246486499726198,0.38,0.5748892108030184,2.605402329677599,0.5793272720524846,1512.5
1944,3.0,0.7,1.8,0.4,5.0,8.0,14.0,0.1694679860770387,3150.1451458392457,4004.186598513695,11780.353125424768,0.3220559314981495,0.38,0.569658804721547,2.6198173725180123,0.5768029792127631,1511.5
1945,3.0,0.7,1.8,0.4,6.0,6.0,14.0,0.17388111063274359,2861.4200906917868,4250.475438086026,11518.159226290967,0.31884986126754505,0.375,0.5812480539973481,2.6083907172922602,0.5811900490537674,1475.0
1946,3.0,0.7,1.8,0.4,6.0,7.0,14.0,0.1743884867961969,2910.5050520440823,4116.333636327957,11492.772330666285,0.32449516470557344,0.375,0.5780756220473193,2.6018303548706023,0.5779581076705589,1448.0
1947,3.0,0.7,1.8,0.4,6.0,8.0,14.0,0.18130467482616183,2939.210832483836,4071.5264635886715,11636.499324172202,0.32001530633030245,0.38,0.5834544195331278,2.619131551741028,0.578228855887878,1436.5
1948,3.0,0.7,1.8,0.4,7.0,6.0,14.0,0.18347927900552125,2732.8850209282723,4249.374698833775,11712.914870951565,0.31738680776034917,0.375,0.587866503669645,2.63717129664083,0.5772493415116551,1427.0
1949,3.0,0.7,1.8,0.4,7.0,7.0,14.0,0.1939797932713791,2782.2978005465025,4111.444606834702,11620.323302721576,0.30654705456473635,0.375,0.5901251185414054,2.6364824401402576,0.582162793341056,1401.5
1950,3.0,0.7,1.8,0.4,7.0,8.0,14.0,0.19595475807635498,2723.404757986116,4079.450762242237,11594.165842643208,0.31277780513931813,0.375,0.5905049640674571,2.656677775070254,0.5751468983440513,1397.0
1951,3.0,0.7,2.2,0.4,3.0,6.0,14.0,0.1431920893501579,4233.775127315625,4250.634706366342,12231.389902193943,0.3215455113155335,0.365,0.5755622942009688,2.610987677761027,0.5848697532192078,1947.0
1952,3.0,0.7,2.2,0.4,3.0,7.0,14.0,0.14230627753362052,4159.344768064901,4175.251136706449,12109.51370232266,0.32137755408912033,0.365,0.5735337079617122,2.597210944711157,0.5854968250446664,1930.0
1953,3.0,0.7,2.2,0.4,3.0,8.0,14.0,0.15746312548189464,4236.345460922519,3997.0325755926447,12102.788351535753,0.32065952401861775,0.365,0.5741580310880829,2.603052261009899,0.589928853902602,1909.0
1954,3.0,0.7,2.2,0.4,4.0,6.0,14.0,0.13555886558813632,3600.576003098816,4228.390231508369,12201.651565145126,0.29510724939041744,0.37,0.589890566898476,2.6324606645305786,0.5776477814224055,1682.0
1955,3.0,0.7,2.2,0.4,4.0,7.0,14.0,0.1439910350632463,3492.5709134716944,4202.763002645035,12266.240895458555,0.29548190867033797,0.37,0.5879916469696651,2.636741285163013,0.5854150312194955,1659.5
1956,3.0,0.7,2.2,0.4,4.0,8.0,14.0,0.14363735166418162,3528.5933333401167,4109.229807528658,12073.35470709303,0.3004031647192627,0.37,0.5916395143548219,2.640990274376876,0.5849333795310813,1645.5
1957,3.0,0.7,2.2,0.4,5.0,6.0,14.0,0.1696777795220557,3115.860421626702,4232.75461665605,11960.074106622726,0.2859493613848465,0.365,0.5982909616167765,2.670597168919181,0.5766061789950747,1534.5
1958,3.0,0.7,2.2,0.4,5.0,7.0,14.0,0.1746982785355296,3089.1813335682095,4198.762181459806,12201.815552382279,0.28359346820288006,0.365,0.5995498182625343,2.666950422916168,0.5806201103606465,1519.5
1959,3.0,0.7,2.2,0.4,5.0,8.0,14.0,0.1841541200697066,3131.5519997688307,4116.618783739799,12162.727523854297,0.27665519614590506,0.37,0.5983293741535866,2.680350541444992,0.5766224942375213,1501.5
1960,3.0,0.7,2.2,0.4,6.0,6.0,14.0,0.18816448019614707,2900.6208906610686,4207.814901611244,12243.430007183433,0.2815201751700293,0.365,0.6085609101928385,2.6791250526562993,0.5790422996531126,1468.0
1961,3.0,0.7,2.2,0.4,6.0,7.0,14.0,0.19677655858484233,2908.389658896036,4184.782418818031,12210.858404547944,0.27460588199673,0.37,0.6156185208788103,2.696544605648491,0.576942384390032,1443.5
1962,3.0,0.7,2.2,0.4,6.0,8.0,14.0,0.19340313047850527,2920.0768539689034,4175.1053488613325,12155.98769967282,0.27981903386369106,0.37,0.6113663894518602,2.692449487530562,0.579030038408207,1436.0
1963,3.0,0.7,2.2,0.4,7.0,6.0,14.0,0.19458387163794774,2862.36631471451,4234.492271271927,12230.9846722181,0.27903522293176575,0.37,0.6153539047764938,2.6822733344937295,0.5728688742208248,1446.0
1964,3.0,0.7,2.2,0.4,7.0,7.0,14.0,0.19667028354346888,2841.5929865392004,4222.572687678278,12181.928183973694,0.2725915531859773,0.365,0.6147324295199992,2.69777655108732,0.578574018698838,1409.5
1965,3.0,0.7,2.2,0.4,7.0,8.0,14.0,0.2130446453654633,2798.019610586305,4082.891559039619,12110.972714616793,0.26894003952223244,0.37,0.6163863720463887,2.71244432841955,0.58176880922884,1399.0
1966,3.0,0.7,2.6,0.4,3.0,6.0,14.0,0.15386143384716436,4157.771736527446,4223.770681424208,12135.71458284578,0.2846976214574899,0.355,0.6042446862348179,2.6783973219126427,0.5856137335266858,1948.0
1967,3.0,0.7,2.6,0.4,3.0,7.0,14.0,0.1667012108803281,4229.47029301954,4201.72039373652,12276.758921845932,0.27959607934901265,0.36,0.5994213374179262,2.6983752501459626,0.5858616620101359,1930.5
1968,3.0,0.7,2.6,0.4,3.0,8.0,14.0,0.16770790472224922,4271.475628259068,4179.442399494869,12135.013904400545,0.28466673369674506,0.36,0.6024617249194281,2.688671981671341,0.5886801536214166,1918.5
1969,3.0,0.7,2.6,0.4,4.0,6.0,14.0,0.1548364331828246,3520.2802411684725,4173.0955725003905,12017.79069394409,0.2704255804992222,0.365,0.6168075397108564,2.717766202777455,0.5809321980428116,1674.5
1970,3.0,0.7,2.6,0.4,4.0,7.0,14.0,0.1534041824836751,3555.7417823438764,4139.812206319497,12132.943620997554,0.2654424457822586,0.36,0.614325088851817,2.7153586244002046,0.5796625041448211,1661.0
1971,3.0,0.7,2.6,0.4,4.0,8.0,14.0,0.1627688465583086,3500.6906151952508,4088.4073978102606,12122.024715431999,0.26693184915148443,0.365,0.6071869972424343,2.7010078228210657,0.5830253576160843,1652.5
1972,3.0,0.7,2.6,0.4,5.0,6.0,14.0,0.18321701920173344,3066.6257234909763,4227.542722635206,11992.667157727548,0.26925022384227926,0.365,0.6178868015802628,2.716647937232202,0.582918222131197,1535.5
1973,3.0,0.7,2.6,0.4,5.0,7.0,14.0,0.1834037928587997,3144.0684037634173,4122.21395113614,12176.4596030194,0.2696310211712149,0.365,0.6216174267123573,2.720409246764854,0.5822290405500428,1519.5
1974,3.0,0.7,2.6,0.4,5.0,8.0,14.0,0.1910799716507938,3095.0697598951447,4119.489604839885,12199.868588064466,0.2625314574436142,0.365,0.620565013490248,2.726373621362575,0.5797358016092116,1522.0
1975,3.0,0.7,2.6,0.4,6.0,6.0,14.0,0.19676039562701417,2946.503907504429,4220.952610262619,12362.252994225199,0.2606994857937194,0.365,0.6213818830193623,2.7325050122519756,0.5755855016566005,1460.0
1976,3.0,0.7,2.6,0.4,6.0,7.0,14.0,0.2029340893438909,2957.4611709722813,4139.225315789983,12071.029000704913,0.2564332914242273,0.365,0.6269375651784062,2.750154787417268,0.5778263714264057,1433.5
1977,3.0,0.7,2.6,0.4,6.0,8.0,14.0,0.20174735636313557,2922.6950369766796,4141.553696005457,12001.59455148099,0.25579302537433557,0.36,0.6220908350309502,2.734295905134794,0.5804575385817894,1427.5
1978,3.0,0.7,2.6,0.4,7.0,6.0,14.0,0.20821520056411907,2750.4954450815585,4205.168757873044,12087.757392874417,0.2587182971014493,0.36,0.6260869565217391,2.7273349763460555,0.5763466757449254,1426.0
1979,3.0,0.7,2.6,0.4,7.0,7.0,14.0,0.22079331642241506,2720.963678813463,4124.791039108803,12180.899919264524,0.2545223599491919,0.365,0.6292321843108055,2.7425768515903677,0.5756795172493971,1394.0
1980,3.0,0.7,2.6,0.4,7.0,8.0,14.0,0.21399551487175308,2754.4667240888807,4090.940715738527,12263.80965347953,0.25882621450845233,0.36,0.6235911086492696,2.7417436349019004,0.5815778047334912,1397.0
1981,3.0,0.9,0.6,0.4,3.0,6.0,14.0,0.12199189271344661,4284.300386357688,4074.9986573120086,11620.692982061562,0.4358699436674882,0.385,0.47314420706579907,2.416292489906614,0.5818819905658955,1948.0
1982,3.0,0.9,0.6,0.4,3.0,7.0,14.0,0.1137904131313011,4206.207843061537,4124.151294993922,11456.97685782364,0.43535796528244397,0.385,0.46897978452744504,2.408952786028544,0.583817431456114,1931.0
1983,3.0,0.9,0.6,0.4,3.0,8.0,14.0,0.11847399991798557,4224.29031989743,4014.6958852764396,11544.135020673708,0.4313379201243752,0.385,0.4701560827258904,2.4294434421557103,0.5899257648459195,1915.0
1984,3.0,0.9,0.6,0.4,4.0,6.0,14.0,0.0916367683150513,3533.475989149905,4130.918059255548,11326.307843304032,0.404352138606231,0.385,0.5053993206696257,2.4972481236552584,0.5834348736033479,1674.5
1985,3.0,0.9,0.6,0.4,4.0,7.0,14.0,0.09176762989909491,3552.0862061978983,4098.403179937733,11626.467727414452,0.39858313132157486,0.38,0.5092996869658458,2.501153499539067,0.5803562804550777,1666.5
1986,3.0,0.9,0.6,0.4,4.0,8.0,14.0,0.09293261591854399,3537.408389373314,4082.4153866746565,11480.85074113194,0.39972619799289455,0.38,0.5093639340780205,2.4852560797089893,0.5819242673132267,1658.5
1987,3.0,0.9,0.6,0.4,5.0,6.0,14.0,0.1343636950656107,3114.0038230142063,4149.526094153435,11468.43557480041,0.37842393594605983,0.385,0.5359962132678074,2.5281211434276916,0.5830831492290482,1536.5
1988,3.0,0.9,0.6,0.4,5.0,7.0,14.0,0.13850905340646522,3141.1056883020383,4059.466566288789,11400.159149877318,0.37648522007700225,0.385,0.5356571812373955,2.5519367108152275,0.5836442359860388,1507.0
1989,3.0,0.9,0.6,0.4,5.0,8.0,14.0,0.13896965679090514,3119.732388769269,4068.7099528921135,11373.135634361908,0.37730202822336967,0.385,0.5324276303466604,2.545039480659944,0.5762322462543287,1505.0
1990,3.0,0.9,0.6,0.4,6.0,6.0,14.0,0.1429796701073766,2937.926022130974,4253.032565708548,11447.836518379976,0.3682299808928261,0.38,0.5446169880145909,2.5719103202562335,0.5780237846533549,1470.0
1991,3.0,0.9,0.6,0.4,6.0,7.0,14.0,0.1655116725072497,2861.9184418680425,4125.783899266217,11551.48207371421,0.3567907549933732,0.385,0.5589443772719169,2.591087205548731,0.5830622916789588,1437.5
1992,3.0,0.9,0.6,0.4,6.0,8.0,14.0,0.16232887274294314,2930.663275048115,4058.262651522452,11477.827182265883,0.3540554653051752,0.38,0.5524188713545293,2.576429149482037,0.5763889307455361,1439.0
1993,3.0,0.9,0.6,0.4,7.0,6.0,14.0,0.16108102570090463,2762.6483447131814,4235.937227661744,11485.790396662853,0.35921534182403747,0.38,0.5456302151954326,2.5778821809600143,0.5772516846835474,1432.5
1994,3.0,0.9,0.6,0.4,7.0,7.0,14.0,0.1660012195769805,2802.254091376124,4134.024557431789,11573.50728077078,0.35562378797672917,0.38,0.5588962508080155,2.5870486733130313,0.5795711295756264,1408.0
1995,3.0,0.9,0.6,0.4,7.0,8.0,14.0,0.1759276536830498,2799.925861130643,4055.5948447837345,11384.576878986149,0.3526254178731212,0.385,0.5544730094899278,2.5824064651118563,0.57544078332427,1403.5
1996,3.0,0.9,1.0,0.4,3.0,6.0,14.0,0.10267944090361406,4216.357203766341,4177.996203774205,11635.093688713476,0.41961787236141407,0.385,0.48581634618058633,2.437239018014327,0.5837799704121014,1952.5
1997,3.0,0.9,1.0,0.4,3.0,7.0,14.0,0.10509532265472321,4209.214009627614,4150.724787414756,11705.938343634567,0.41720149871167533,0.385,0.4841612082100345,2.4455280292301316,0.5884949432047701,1929.5
1998,3.0,0.9,1.0,0.4,3.0,8.0,14.0,0.11697648942071182,4309.229925643887,3992.6710706970334,11580.435918831094,0.42358218206401943,0.38,0.48186715181001183,2.431424030403613,0.5831454492214059,1919.0
1999,3.0,0.9,1.0,0.4,4.0,6.0,14.0,0.09844311011717083,3485.423918565435,4193.475282780835,11579.11109919229,0.3927380207868013,0.385,0.5130885374787814,2.4970224212805814,0.5827889337860788,1680.0
2000,3.0,0.9,1.0,0.4,4.0,7.0,14.0,0.1051295200133438,3548.482598601283,4074.416961318736,11577.887713118722,0.38506337335861246,0.385,0.5210044940664279,2.503605243856907,0.5797004581400734,1654.0
2001,3.0,0.9,1.0,0.4,4.0,8.0,14.0,0.11228950225759374,3484.9955300522715,4041.3817279318573,11544.655541677814,0.3831974119374422,0.385,0.5201751873055693,2.511535276580952,0.58408481540812,1652.5
2002,3.0,0.9,1.0,0.4,5.0,6.0,14.0,0.14612042291496163,3129.811296572,4077.4774038702917,11571.451673204701,0.36335863948692515,0.385,0.538593367837871,2.5544617755931904,0.5799941689083636,1536.5
2003,3.0,0.9,1.0,0.4,5.0,7.0,14.0,0.13509165277525031,3159.8775054697026,4180.075057098022,11450.15452566572,0.36289361269722165,0.38,0.5365033396256649,2.550349016883859,0.5834999199313112,1518.0
2004,3.0,0.9,1.0,0.4,5.0,8.0,14.0,0.1508248494948928,3083.4309615318457,4051.373395690228,11632.548984432771,0.36305673482442635,0.385,0.5473221323666921,2.5564898215237997,0.580773928689529,1513.5
2005,3.0,0.9,1.0,0.4,6.0,6.0,14.0,0.16607360921842892,2863.9208981483557,4161.150779050095,11484.133253339678,0.35244043909958866,0.385,0.5577014105841144,2.572124020811359,0.5795211026592425,1458.0
2006,3.0,0.9,1.0,0.4,6.0,7.0,14.0,0.16281789425036702,2912.2531714881743,4053.5262918981916,11432.004124855303,0.35574554426438293,0.38,0.5521267194018503,2.5797974149812517,0.57887433924645,1438.0
2007,3.0,0.9,1.0,0.4,6.0,8.0,14.0,0.16328987627034602,2916.4017906323434,4102.056195076531,11611.091127017748,0.3501198740539965,0.38,0.5593623345562301,2.5748726666827855,0.5767057600323273,1442.0
2008,3.0,0.9,1.0,0.4,7.0,6.0,14.0,0.1774857198381848,2768.2284889027483,4072.857060075438,11483.719937348505,0.35204732663782207,0.385,0.560839700351004,2.5715350704903166,0.5750801283014497,1428.0
2009,3.0,0.9,1.0,0.4,7.0,7.0,14.0,0.1779801147584588,2841.583335015219,4073.988761759296,11629.770167645496,0.34280396356980314,0.385,0.5665857365316842,2.5974727353785867,0.5737949262542434,1406.5
2010,3.0,0.9,1.0,0.4,7.0,8.0,14.0,0.18375051531297806,2746.035183950844,4051.1994036197184,11458.750303705801,0.34598391711126575,0.385,0.5582996984458362,2.5686670895007113,0.5776737720670189,1393.5
2011,3.0,0.9,1.4,0.4,3.0,6.0,14.0,0.115378605382333,4191.4141445902715,4122.26322065229,11534.340319699333,0.40046749078084953,0.385,0.5076522248707207,2.470911861399661,0.5893764604842471,1946.5
2012,3.0,0.9,1.4,0.4,3.0,7.0,14.0,0.12226775643587334,4296.750857663648,4100.413983936062,11461.922560908439,0.4027924650335516,0.385,0.5018508637184359,2.4751753105820233,0.5837270800857638,1926.5
2013,3.0,0.9,1.4,0.4,3.0,8.0,14.0,0.11975285003707413,4241.178031807852,4100.741458795816,11489.983878058334,0.4006917139944663,0.385,0.5053856608902481,2.4542263070670494,0.5812245174144088,1926.0
2014,3.0,0.9,1.4,0.4,4.0,6.0,14.0,0.09937518169206105,3579.266804131701,4183.326705534304,11740.087643676921,0.37508851300948437,0.38,0.5278139424991447,2.5243196915559354,0.5785961360639269,1689.5
2015,3.0,0.9,1.4,0.4,4.0,7.0,14.0,0.1133142632112534,3541.1352945170443,4090.4576196150474,11581.385014010179,0.37070343696081404,0.385,0.536184060477883,2.526701643002256,0.57999852363231,1662.5
2016,3.0,0.9,1.4,0.4,4.0,8.0,14.0,0.11595136567313996,3540.13519438357,4016.390819072626,11590.110685998654,0.37304481777965026,0.385,0.5288581384734218,2.514771067455582,0.5830312672797959,1654.0
2017,3.0,0.9,1.4,0.4,5.0,6.0,14.0,0.14602822907576832,3113.551888737667,4119.519755241061,11571.06410717328,0.36157621024366904,0.385,0.5521165213916869,2.553482898222204,0.5757237628281334,1549.0
2018,3.0,0.9,1.4,0.4,5.0,7.0,14.0,0.1457471923239193,3112.883092529076,4136.513970668899,11363.981769176626,0.35423275626681944,0.38,0.5541575920804556,2.5581704518673796,0.5782088494359447,1521.0
2019,3.0,0.9,1.4,0.4,5.0,8.0,14.0,0.15206789156038628,3128.143903905272,4014.1190177994868,11516.169620310227,0.352887915316895,0.38,0.5494751452190934,2.577546004475715,0.5801200223816676,1505.5
2020,3.0,0.9,1.4,0.4,6.0,6.0,14.0,0.16721336991670727,2900.721695401416,4163.454312596344,11500.57709527936,0.34614906021783,0.385,0.5605508200082956,2.5828882653998826,0.5809883304140357,1465.5
2021,3.0,0.9,1.4,0.4,6.0,7.0,14.0,0.1636339812382446,2877.128140030299,4155.27663261389,11488.353202093786,0.34920707795313244,0.38,0.5625447154471545,2.583476257032291,0.5820436322805156,1447.0
2022,3.0,0.9,1.4,0.4,6.0,8.0,14.0,0.17690076615313635,2877.3463948697135,4078.7302429263254,11563.663529531697,0.3401390982857378,0.385,0.5657182826225595,2.6033019078935524,0.5786782637581802,1429.5
2023,3.0,0.9,1.4,0.4,7.0,6.0,14.0,0.17781602829311785,2788.6906211682203,4148.413276872026,11269.343004585455,0.3423817690727524,0.385,0.5697398926995147,2.58774192726142,0.5761460832316678,1425.0
2024,3.0,0.9,1.4,0.4,7.0,7.0,14.0,0.1818580477699888,2836.7640293500153,4078.7770750555733,11723.0298269495,0.3364046031654595,0.385,0.5705409234830363,2.5896716438908944,0.574459069811861,1407.5
2025,3.0,0.9,1.4,0.4,7.0,8.0,14.0,0.18136266839841675,2804.3585857127664,4008.8902300925984,11548.79134445833,0.3408273497022898,0.38,0.5743928045088669,2.6016700812619993,0.5751221532949911,1395.0
2026,3.0,0.9,1.8,0.4,3.0,6.0,14.0,0.13367730276570217,4174.203424037425,4182.487013273694,11470.494907318684,0.3559981286071071,0.38,0.548112967761634,2.549086910214311,0.5926282373616562,1937.5
2027,3.0,0.9,1.8,0.4,3.0,7.0,14.0,0.135588916540026,4186.133670939041,4159.87852518629,11414.77777955055,0.3561707456014531,0.38,0.5432495340075891,2.5275498209619007,0.5856944587265069,1918.0
2028,3.0,0.9,1.8,0.4,3.0,8.0,14.0,0.1463578239873217,4236.639705165728,4088.8692555856337,11725.070052432826,0.3501848113230742,0.38,0.5470927389502498,2.5455814477517498,0.5879912437699207,1913.5
2029,3.0,0.9,1.8,0.4,4.0,6.0,14.0,0.12430282936595981,3475.136319230849,4183.717020622232,11513.415301693918,0.3386092371562014,0.375,0.5655472360194727,2.5734440036328037,0.5844504220467742,1683.5
2030,3.0,0.9,1.8,0.4,4.0,7.0,14.0,0.12597643227027605,3514.024527691977,4172.487828746564,11689.407253204623,0.3324010563635048,0.375,0.5695351277042182,2.585291921651737,0.5842440951950341,1663.0
2031,3.0,0.9,1.8,0.4,4.0,8.0,14.0,0.13606102035569678,3490.104425446187,4065.208953367984,11587.774135990705,0.334176789306567,0.38,0.5655660051950198,2.5765701625787436,0.5836033330271283,1647.0
2032,3.0,0.9,1.8,0.4,5.0,6.0,14.0,0.15420099283081007,3109.23584455699,4284.181805148104,11545.903524568173,0.3208050314465409,0.375,0.5820943396226415,2.6128824796766525,0.5811197439779675,1545.0
2033,3.0,0.9,1.8,0.4,5.0,7.0,14.0,0.17016450795794072,3084.252821937219,4083.745381478254,11585.983003273965,0.32119920331425467,0.38,0.576340389705269,2.6140426397069922,0.5789805031475221,1514.0
2034,3.0,0.9,1.8,0.4,5.0,8.0,14.0,0.16412906653385556,3116.9001852665197,4088.2777063472736,11529.279532467608,0.3208687459910199,0.375,0.5809997001980087,2.619599238209038,0.5768921007308978,1515.5
2035,3.0,0.9,1.8,0.4,6.0,6.0,14.0,0.17803399286799687,2863.4144919266882,4238.452231372098,11675.576490709645,0.31272790846352433,0.375,0.585331975334797,2.6357270239067043,0.5831826399245076,1461.5
2036,3.0,0.9,1.8,0.4,6.0,7.0,14.0,0.18444764531036287,2928.247554915461,4159.393745356194,11510.090898996728,0.30807821819861647,0.38,0.5943594302775688,2.636607949631709,0.5799108092845398,1437.5
2037,3.0,0.9,1.8,0.4,6.0,8.0,14.0,0.18771539131653123,2959.83518909289,4073.3559695120293,11728.75412203175,0.30674411269974766,0.38,0.5928417904868704,2.6430677606367086,0.578706368159234,1434.0
2038,3.0,0.9,1.8,0.4,7.0,6.0,14.0,0.18918600958783122,2765.7345642616683,4186.861469492721,11520.367711321433,0.3096974426416529,0.375,0.5973745088097351,2.650749121850172,0.5767593676768401,1422.0
2039,3.0,0.9,1.8,0.4,7.0,7.0,14.0,0.19173033956069122,2836.6437229453204,4172.970819248491,11607.968739322492,0.30500138767059737,0.38,0.5944406066855337,2.6439741497019082,0.577008621209625,1406.0
2040,3.0,0.9,1.8,0.4,7.0,8.0,14.0,0.19505641711572427,2807.586097466333,4117.553549515368,11483.796697410427,0.30768764276617677,0.38,0.5922704247311577,2.6447304076537224,0.5759238973252429,1390.0
2041,3.0,0.9,2.2,0.4,3.0,6.0,14.0,0.14563392082832677,4186.773506177291,4258.31990150116,12097.218248800236,0.3114271120753207,0.365,0.5791633317185163,2.6214351529849287,0.584207345953484,1949.0
2042,3.0,0.9,2.2,0.4,3.0,7.0,14.0,0.15866117896496265,4277.136324990556,4170.268860538016,12159.98220882592,0.3140585339213844,0.37,0.5768510116388006,2.607513683207377,0.5857435530754123,1934.0
2043,3.0,0.9,2.2,0.4,3.0,8.0,14.0,0.15467396412774875,4190.707022409466,4170.377851714421,12150.244244414564,0.31095488913431313,0.37,0.5842269898424856,2.617715114845184,0.5852285704623748,1916.5
2044,3.0,0.9,2.2,0.4,4.0,6.0,14.0,0.139151727248668,3583.164582266363,4199.089906304246,12158.427267919127,0.2936779601816277,0.37,0.5959062493317271,2.656816842743304,0.581805009414757,1675.5
2045,3.0,0.9,2.2,0.4,4.0,7.0,14.0,0.13994107415142576,3594.378221208056,4180.275004330418,12123.4494980731,0.2927727696101412,0.37,0.5999167447108995,2.660102780115043,0.5854000540097375,1656.0
2046,3.0,0.9,2.2,0.4,4.0,8.0,14.0,0.15280746097463413,3475.2847540531575,4107.277356844756,12116.0680686023,0.29121271849861285,0.37,0.5976254665737808,2.657642323840027,0.5799249962989893,1661.5
2047,3.0,0.9,2.2,0.4,5.0,6.0,14.0,0.1748097278031865,3059.801009136193,4203.916705278354,12107.598753682927,0.2926352584162312,0.37,0.6008205259868303,2.6661626859266283,0.5813226804713941,1542.0
2048,3.0,0.9,2.2,0.4,5.0,7.0,14.0,0.17764930343821617,3132.0746663641294,4161.253222569958,12066.543197501047,0.2835115566339471,0.37,0.6085360336694978,2.689749985308734,0.5802944031297397,1509.0
2049,3.0,0.9,2.2,0.4,5.0,8.0,14.0,0.17958849008027478,3110.3339676283094,4104.177997505329,12127.330410092236,0.28148419606046726,0.365,0.6077422943524639,2.687059113419805,0.5769741397681671,1514.5
2050,3.0,0.9,2.2,0.4,6.0,6.0,14.0,0.19225884247101252,2879.9586100620954,4217.996921089243,12212.873557416253,0.27606733000604,0.365,0.6072717846397229,2.699607130593386,0.5776296118572756,1463.5
2051,3.0,0.9,2.2,0.4,6.0,7.0,14.0,0.19498404794735258,2962.3711956519664,4143.933101396303,12364.73185394895,0.2751734786159106,0.37,0.6124713333384211,2.7057281471492223,0.575014798813071,1448.5
2052,3.0,0.9,2.2,0.4,6.0,8.0,14.0,0.19064865291110736,2923.9875259648743,4173.548747235812,12087.426832143206,0.27777977816793387,0.365,0.6158230701315985,2.6800254742288567,0.5782226762898655,1444.0
2053,3.0,0.9,2.2,0.4,7.0,6.0,14.0,0.1995743401713979,2795.83977697057,4257.247944578681,12033.661159798348,0.27614296420279255,0.37,0.6154011680608122,2.712899550006247,0.5812332525003014,1419.5
2054,3.0,0.9,2.2,0.4,7.0,7.0,14.0,0.2093406612057674,2784.6708213214133,4111.014761362145,12348.451583464264,0.2677833043686702,0.365,0.6099328050547563,2.707977721437694,0.5784983399980996,1398.0
2055,3.0,0.9,2.2,0.4,7.0,8.0,14.0,0.21591449805472948,2800.4559613494594,4022.5190488310527,12205.95043125844,0.2692699737638247,0.37,0.613946432232187,2.720545220332371,0.575338553633876,1390.5
2056,3.0,0.9,2.6,0.4,3.0,6.0,14.0,0.17078063521382453,4280.512685979719,4207.939485329271,12089.698590733504,0.28433026397468847,0.365,0.609343330592552,2.6864617736286496,0.584883512803339,1947.5
2057,3.0,0.9,2.6,0.4,3.0,7.0,14.0,0.17191856644339124,4215.494339246313,4129.079537269543,12148.573402868384,0.2821413084720039,0.365,0.6042587674128679,2.6880909967591142,0.5863657613764637,1921.0
2058,3.0,0.9,2.6,0.4,3.0,8.0,14.0,0.16151120656474527,4160.533999873332,4199.364950236587,11946.311138739362,0.28071661015147087,0.36,0.6035100086413733,2.6894258462817575,0.5896812858914948,1920.5
2059,3.0,0.9,2.6,0.4,4.0,6.0,14.0,0.15223963922943398,3482.2092154782104,4224.204393424444,12095.282240291086,0.2745070667376062,0.365,0.6132683288293745,2.699506691779902,0.583955668381772,1688.0
2060,3.0,0.9,2.6,0.4,4.0,7.0,14.0,0.15772602385571965,3497.414035122384,4116.193910235328,12066.158675427287,0.2732770937344485,0.365,0.613298882261687,2.704005462220212,0.5807726253179066,1656.0
2061,3.0,0.9,2.6,0.4,4.0,8.0,14.0,0.15489469227819064,3496.7315254349173,4125.500248277601,12010.70415335947,0.2645471715410781,0.355,0.6174457214716993,2.701475752538318,0.5810020214896463,1655.0
2062,3.0,0.9,2.6,0.4,5.0,6.0,14.0,0.18635683012381493,3123.9086759965708,4153.628266206239,12233.93770732901,0.26412993800509993,0.365,0.6170075739688878,2.724527138872846,0.5755246187701539,1540.5
2063,3.0,0.9,2.6,0.4,5.0,7.0,14.0,0.1878381479064032,3133.6318190274133,4134.631306940974,12231.006732488648,0.2622474747474748,0.365,0.6215585340585341,2.732175710540232,0.5798433899409408,1522.5
2064,3.0,0.9,2.6,0.4,5.0,8.0,14.0,0.1894818919777383,3157.8596216983215,4081.672359532873,12205.335409253672,0.26150185920463853,0.365,0.6209822272641331,2.7250087224081385,0.5786831516229625,1512.0
2065,3.0,0.9,2.6,0.4,6.0,6.0,14.0,0.194062763021344,2894.432010999404,4204.724237054678,12098.244959980697,0.26622646082630363,0.36,0.6261311622863244,2.729302986096137,0.5757311770750131,1464.0
2066,3.0,0.9,2.6,0.4,6.0,7.0,14.0,0.1967270679658858,2928.2503844019598,4191.182761328582,12125.356725410484,0.25913617666161504,0.36,0.6285884390560728,2.731343301057491,0.5791919946165505,1442.5
2067,3.0,0.9,2.6,0.4,6.0,8.0,14.0,0.20040669444136655,2877.721536564816,4190.106451459847,12099.959998867267,0.25877603769612223,0.36,0.6249310864740718,2.7278186185950135,0.580930256571244,1438.0
2068,3.0,0.9,2.6,0.4,7.0,6.0,14.0,0.2030872102941252,2784.926171227568,4235.938459697667,12134.210827319152,0.26702987274574397,0.365,0.6190021081807986,2.7408507914378704,0.5771658324918538,1430.5
2069,3.0,0.9,2.6,0.4,7.0,7.0,14.0,0.21237559287864377,2778.7496381073415,4171.789474633286,12243.789545128962,0.25789200404775703,0.365,0.6250413140520823,2.7269617186064776,0.5792512512856384,1401.0
2070,3.0,0.9,2.6,0.4,7.0,8.0,14.0,0.207898681240865,2808.420201277552,4105.881902791057,12272.061049276846,0.2552492030168727,0.355,0.6303068709016925,2.732891260462722,0.5792784303257263,1389.5
2071,3.0,1.1,0.6,0.4,3.0,6.0,14.0,0.11771481278958276,4277.619046736871,4159.014148556047,11475.329073954985,0.43699420207053796,0.385,0.4751858141171118,2.4169266669822727,0.5874869289613505,1944.5
2072,3.0,1.1,0.6,0.4,3.0,7.0,14.0,0.10878566761535532,4226.385099035111,4139.167194867312,11441.874203998028,0.43237745120999743,0.38,0.47745857048604656,2.427645827882528,0.5868703612689503,1933.0
2073,3.0,1.1,0.6,0.4,3.0,8.0,14.0,0.12526396810348067,4328.193583858605,4078.3614532062365,11579.361535369891,0.4366962738895812,0.385,0.47196811477433415,2.4152998623762008,0.5874280814332584,1928.5
2074,3.0,1.1,0.6,0.4,4.0,6.0,14.0,0.09425295758078442,3508.7002599262473,4150.625110340334,11399.99523401145,0.4009924001413927,0.385,0.5076891127606928,2.4963211810481445,0.5825613281919642,1682.5
2075,3.0,1.1,0.6,0.4,4.0,7.0,14.0,0.09392593321338158,3554.2647043535144,4041.6289278685326,11480.526519270614,0.3998142094494485,0.38,0.5092785035629454,2.485980928794697,0.5882803756124169,1650.0
2076,3.0,1.1,0.6,0.4,4.0,8.0,14.0,0.09107568037653867,3516.2082208616584,4115.455071397197,11437.012148993526,0.40227763393019944,0.38,0.5061372670580941,2.482158741057983,0.5811317598392989,1656.5
2077,3.0,1.1,0.6,0.4,5.0,6.0,14.0,0.12435261463108446,3163.7732647807006,4203.34620117317,11671.918913019046,0.37840179841153854,0.38,0.528940488334908,2.531763788555652,0.5805297069108644,1538.0
2078,3.0,1.1,0.6,0.4,5.0,7.0,14.0,0.13632904037729177,3112.2546238994555,4093.790406418223,11673.617772150326,0.37396718788260397,0.38,0.532376604750411,2.5371294359437426,0.5771543713191214,1513.0
2079,3.0,1.1,0.6,0.4,5.0,8.0,14.0,0.14022601395466422,3131.0699652047124,4008.296546165294,11497.85577308875,0.37933781000779027,0.385,0.5288927216311978,2.532203548152105,0.5803769421009548,1504.5
2080,3.0,1.1,0.6,0.4,6.0,6.0,14.0,0.1514724634131957,2927.6645963482897,4186.656297975778,11405.350445321139,0.3674553800790761,0.385,0.5483733832957312,2.5807037875986314,0.581658881116918,1466.5
2081,3.0,1.1,0.6,0.4,6.0,7.0,14.0,0.1574430502829502,2864.3283418393294,4116.298414164905,11611.00529770551,0.3645620834380835,0.38,0.5472313805339285,2.567586114998007,0.5802069436765062,1444.5
2082,3.0,1.1,0.6,0.4,6.0,8.0,14.0,0.16202167090833053,2852.1523221375396,4031.48358477662,11368.750494706048,0.36587415443000226,0.38,0.5420950351969578,2.5702786628230117,0.5802587937565864,1433.5
2083,3.0,1.1,0.6,0.4,7.0,6.0,14.0,0.1663286685928384,2780.3849974347586,4243.63934914122,11373.911691167024,0.35406099058894575,0.385,0.5524848759638489,2.5763757665774003,0.5841904123193704,1431.5
2084,3.0,1.1,0.6,0.4,7.0,7.0,14.0,0.17647079125266987,2767.759195833733,4081.092538522502,11670.659277201417,0.3467015938606848,0.38,0.5559573002754821,2.5921220898870274,0.5794270821820283,1398.0
2085,3.0,1.1,0.6,0.4,7.0,8.0,14.0,0.16965441475430318,2803.906035982713,4066.233945383864,11374.527117052463,0.35539344643175286,0.38,0.561076740990172,2.593177454621776,0.5779386285288042,1386.5
2086,3.0,1.1,1.0,0.4,3.0,6.0,14.0,0.1031426095133626,4214.946600222431,4172.907203084881,11705.264471661427,0.4272262202489969,0.38,0.4801946367146219,2.4295438466366304,0.5856916769408873,1949.5
2087,3.0,1.1,1.0,0.4,3.0,7.0,14.0,0.10631354863035838,4217.567011256062,4108.583022773489,11587.925166095338,0.41352605999258996,0.38,0.48493835292269005,2.449695698467338,0.5843038710046399,1928.0
2088,3.0,1.1,1.0,0.4,3.0,8.0,14.0,0.10978448208419508,4202.215994120252,4118.577271177755,11418.254834363612,0.4285791848003716,0.385,0.48179847289835376,2.4346309303001448,0.5871390811501096,1929.0
2089,3.0,1.1,1.0,0.4,4.0,6.0,14.0,0.09937848938104943,3497.1850478763254,4224.07420588164,11545.604023243075,0.38708329815377684,0.385,0.5135045522346054,2.5038327085700938,0.5852119365452523,1686.5
2090,3.0,1.1,1.0,0.4,4.0,7.0,14.0,0.10749212065190565,3505.0821666608367,4074.1354115534086,11600.734816491917,0.3860367474833548,0.385,0.5213906673818544,2.5027056770578953,0.579601854193006,1660.5
2091,3.0,1.1,1.0,0.4,4.0,8.0,14.0,0.10217504368667876,3541.9719836475847,4052.429753259436,11460.921852774336,0.3863774942190932,0.38,0.5227069130413682,2.5105575206996287,0.5812090445514136,1656.0
2092,3.0,1.1,1.0,0.4,5.0,6.0,14.0,0.13335741535001855,3159.52842680126,4178.009815084233,11442.836791230811,0.3660323414916688,0.38,0.5448391344172201,2.540748517029015,0.5799912197263968,1542.0
2093,3.0,1.1,1.0,0.4,5.0,7.0,14.0,0.14287909078741595,3139.354533463884,4078.928416436276,11568.427703328816,0.36759239464763294,0.385,0.5431489875963649,2.542386474572817,0.5801701442171208,1514.5
2094,3.0,1.1,1.0,0.4,5.0,8.0,14.0,0.14804399371991614,3087.0806356793983,4030.4752018277422,11660.174424418867,0.3628301215068058,0.38,0.535710089364337,2.5663004188615135,0.5801164080010041,1508.0
2095,3.0,1.1,1.0,0.4,6.0,6.0,14.0,0.1602059904241737,2889.6767026249154,4215.735241518744,11522.94746077326,0.3481092975720869,0.38,0.5632674437899279,2.589078657742208,0.5779549304503664,1457.0
2096,3.0,1.1,1.0,0.4,6.0,7.0,14.0,0.16828797138661547,2930.5194692640966,4066.8914866725836,11583.943693806823,0.34964840038316025,0.385,0.5565652808267626,2.592666304994464,0.5780322850476247,1441.5
2097,3.0,1.1,1.0,0.4,6.0,8.0,14.0,0.16453767795866,2949.8445223003955,4032.9240667535055,11675.081400730685,0.3504493226194635,0.38,0.5549791836497031,2.5731067915458663,0.5772569694406322,1436.5
2098,3.0,1.1,1.0,0.4,7.0,6.0,14.0,0.16488032284715629,2828.774456924883,4142.999807150412,11602.015424493688,0.35369530888398815,0.38,0.5567330991859294,2.5729967865819843,0.577626436469316,1435.0
2099,3.0,1.1,1.0,0.4,7.0,7.0,14.0,0.17318046385366556,2784.097174009086,4173.940797148063,11542.268978444274,0.3483950969184616,0.385,0.562614605466135,2.588631151402902,0.5752840884216558,1412.5
2100,3.0,1.1,1.0,0.4,7.0,8.0,14.0,0.1838090433161291,2769.656546040629,4061.5134631824626,11443.498712562416,0.3422821037977056,0.385,0.5684958589862008,2.604948024025971,0.5777865938419429,1394.5
2101,3.0,1.1,1.4,0.4,3.0,6.0,14.0,0.108883785369628,4224.587292809449,4175.598827190745,11515.653859539925,0.4039789170876973,0.38,0.5052311699244123,2.4606922058472707,0.5852368118806383,1947.5
2102,3.0,1.1,1.4,0.4,3.0,7.0,14.0,0.12255942262900903,4294.856172836206,4103.816442671804,11505.444181900413,0.401781927904037,0.385,0.5100329085260187,2.474423769175843,0.5860720346511095,1920.0
2103,3.0,1.1,1.4,0.4,3.0,8.0,14.0,0.12573140559180576,4246.645185980006,4014.1358647945067,11536.926153991186,0.3990527702834009,0.385,0.513493978274613,2.4684123475532207,0.5860883625322197,1913.0
2104,3.0,1.1,1.4,0.4,4.0,6.0,14.0,0.10741927515992447,3525.2322391767457,4172.319235418659,11651.528399058447,0.375049684775736,0.385,0.5275554241629972,2.5230088810966125,0.5762204104033501,1682.0
2105,3.0,1.1,1.4,0.4,4.0,7.0,14.0,0.10930506103386417,3477.3923118154826,4087.349549921787,11595.881401078273,0.3785766938400085,0.38,0.5331144752225365,2.5218388160333367,0.5812188144108343,1661.5
2106,3.0,1.1,1.4,0.4,4.0,8.0,14.0,0.10806885474272528,3516.1341840207856,4026.749615890286,11587.45393175962,0.3753482303649528,0.375,0.528703737733838,2.5194774086563907,0.5767247742975308,1650.0
2107,3.0,1.1,1.4,0.4,5.0,6.0,14.0,0.14414794151510135,3080.95015271626,4161.871614239335,11398.647907083885,0.3582578903183355,0.38,0.5498131887247673,2.547045372784602,0.5779629710181311,1543.5
2108,3.0,1.1,1.4,0.4,5.0,7.0,14.0,0.14928160137231258,3034.582326610195,4126.9051560138505,11690.332178110732,0.35803016647663277,0.38,0.5501356210126427,2.564573278085584,0.5806201103606466,1520.5
2109,3.0,1.1,1.4,0.4,5.0,8.0,14.0,0.15787414537691769,3094.698025204871,4042.8778724385265,11502.571768613332,0.35070109311553915,0.385,0.5495223614421878,2.5803017394529877,0.5831414011630164,1501.0
2110,3.0,1.1,1.4,0.4,6.0,6.0,14.0,0.1635105112896402,2942.257900506362,4163.032620344016,11421.306063241505,0.3477017543859649,0.385,0.5646666666666667,2.585328326707231,0.5771499399855928,1462.5
2111,3.0,1.1,1.4,0.4,6.0,7.0,14.0,0.17009088052075858,2950.1296755385138,4065.523822190936,11572.939482972728,0.3381570059922936,0.38,0.5631736994294843,2.5958102787834063,0.5736261853800562,1441.5
2112,3.0,1.1,1.4,0.4,6.0,8.0,14.0,0.16701623013650327,2931.2829127236537,4115.369387480809,11552.902114572498,0.34097676134768573,0.38,0.5638157470488041,2.5877001411936593,0.5776399957899094,1437.0
2113,3.0,1.1,1.4,0.4,7.0,6.0,14.0,0.18360965952885008,2777.9405115416457,4087.692157842932,11561.59334946968,0.3393251092690577,0.385,0.5681171356397844,2.598317651789065,0.5716248864571087,1424.0
2114,3.0,1.1,1.4,0.4,7.0,7.0,14.0,0.18747565266035784,2770.238967167229,4069.369324806312,11623.27676268467,0.335349991835735,0.385,0.5741652039025187,2.6105687329730793,0.5762571291335963,1400.5
2115,3.0,1.1,1.4,0.4,7.0,8.0,14.0,0.18408530296062045,2797.2015805975566,4112.9514029914535,11481.381211720305,0.3340730283513874,0.385,0.572536246593712,2.595038939276449,0.5826675451142893,1398.0
2116,3.0,1.1,1.8,0.4,3.0,6.0,14.0,0.13393406705999705,4233.831052705893,4201.484171908578,11339.642173495435,0.3542510961789804,0.375,0.549807363879597,2.540819655085386,0.5839382478205273,1945.0
2117,3.0,1.1,1.8,0.4,3.0,7.0,14.0,0.1405985078147553,4290.151806960563,4186.802875971263,11639.203437376877,0.35075573835152296,0.375,0.5463801807070241,2.5375330533516847,0.589784599527976,1930.0
2118,3.0,1.1,1.8,0.4,3.0,8.0,14.0,0.1470109855665023,4288.9971032075055,4087.7572540134183,11568.315217188247,0.34875587881513614,0.375,0.5497348371584843,2.5483304357869097,0.5857817435452328,1919.0
2119,3.0,1.1,1.8,0.4,4.0,6.0,14.0,0.12898035126448876,3479.820117490021,4160.622834718467,11617.855796216027,0.332296433981768,0.375,0.5679142460815532,2.574473473560346,0.5831024032469623,1679.0
2120,3.0,1.1,1.8,0.4,4.0,7.0,14.0,0.13043989749458723,3472.752555952482,4101.595055863076,11613.485247226981,0.3359515807262745,0.375,0.5665312606261027,2.5795811134991373,0.582491641166218,1656.0
2121,3.0,1.1,1.8,0.4,4.0,8.0,14.0,0.12880979668099327,3501.606701936487,4123.724482343779,11620.46436204901,0.33979526103415647,0.38,0.5691849398965946,2.577105929001725,0.5836167988353287,1656.5
2122,3.0,1.1,1.8,0.4,5.0,6.0,14.0,0.15467130338457902,3140.199996553247,4202.606043932365,11539.132011675469,0.32384013462704153,0.375,0.5748199532874686,2.5867763231177614,0.5775961992574417,1536.5
2123,3.0,1.1,1.8,0.4,5.0,7.0,14.0,0.16824987601359426,3051.7449792010393,4097.293336802459,11716.1460238011,0.32051733594829945,0.375,0.5800792828067572,2.6094737433812005,0.5811622273883099,1518.0
2124,3.0,1.1,1.8,0.4,5.0,8.0,14.0,0.16154994141139387,3138.2651868641624,4152.596842401109,11575.569249546941,0.32336256163155536,0.38,0.5764581465710443,2.615315206399143,0.5812909179220207,1512.0
2125,3.0,1.1,1.8,0.4,6.0,6.0,14.0,0.17707700707976598,2852.44344237733,4219.699491625306,11686.808228207214,0.31726447525295887,0.375,0.5881886256135075,2.6245392943981507,0.5759967111021755,1469.5
2126,3.0,1.1,1.8,0.4,6.0,7.0,14.0,0.19414375488897453,2846.551811772054,4119.648069335343,11519.061130496822,0.3046178408681748,0.38,0.593934265493304,2.637376158600575,0.5771765011305283,1438.5
2127,3.0,1.1,1.8,0.4,6.0,8.0,14.0,0.18577689179638898,2898.6880147828433,4122.86274826393,11600.820829009266,0.3124781918334542,0.38,0.588689157665693,2.6384520890261527,0.5764514213644499,1429.0
2128,3.0,1.1,1.8,0.4,7.0,6.0,14.0,0.19746224251712716,2777.213260072237,4110.5602020969545,11528.32546396854,0.30771575594217104,0.38,0.5900492526341583,2.6356003982098803,0.5729599121299296,1429.5
2129,3.0,1.1,1.8,0.4,7.0,7.0,14.0,0.19155326138896256,2806.6152113227167,4214.381354056938,11540.676108035792,0.2986147542650318,0.375,0.5922970170194595,2.650288595826888,0.5738259783072666,1403.5
2130,3.0,1.1,1.8,0.4,7.0,8.0,14.0,0.19782853283869795,2792.6951016968997,4060.043537966786,11472.937889531615,0.30352398183248286,0.375,0.591765869698633,2.6446584642782573,0.5759081818831875,1395.0
2131,3.0,1.1,2.2,0.4,3.0,6.0,14.0,0.1475571601082528,4181.612082037942,4212.2573187933485,12096.382513150096,0.31175218503290275,0.365,0.5829810090805093,2.6141137389652074,0.5889230004736137,1950.0
2132,3.0,1.1,2.2,0.4,3.0,7.0,14.0,0.16505591644541712,4298.80071037157,4168.43816292149,12086.085881597584,0.30593450640103903,0.37,0.5833739344071789,2.6239507389022076,0.5868198403566831,1926.0
2133,3.0,1.1,2.2,0.4,3.0,8.0,14.0,0.1638351782796651,4215.237145734314,4048.568782561678,12075.023708467768,0.3092935934116972,0.37,0.5834145362325835,2.62298350430432,0.5861033032963112,1915.0
2134,3.0,1.1,2.2,0.4,4.0,6.0,14.0,0.14116609779101394,3528.485866325043,4259.151149290185,12207.738745823368,0.2910895292681632,0.37,0.5947067876665075,2.664961962304066,0.5740336854023439,1681.5
2135,3.0,1.1,2.2,0.4,4.0,7.0,14.0,0.14763824888867857,3512.9044481676847,4140.680604519548,12090.80709535785,0.2926318544693103,0.37,0.6035553810583256,2.665795643706894,0.5851671207877909,1659.0
2136,3.0,1.1,2.2,0.4,4.0,8.0,14.0,0.13764759974959725,3543.309016484832,4170.789629663835,12021.190090804306,0.29690097762500084,0.365,0.5996422816064828,2.656805217080862,0.5839063135562037,1656.5
2137,3.0,1.1,2.2,0.4,5.0,6.0,14.0,0.17664264046898598,3070.73713494621,4251.2295803204415,12090.853320660097,0.28406361338684255,0.37,0.6081303413632222,2.681162290295174,0.5767378191197987,1542.0
2138,3.0,1.1,2.2,0.4,5.0,7.0,14.0,0.17129560494157953,3164.497744219851,4171.017636622058,12170.839199652251,0.2896344684297637,0.37,0.600360073247174,2.675900217152923,0.5823813536430167,1508.0
2139,3.0,1.1,2.2,0.4,5.0,8.0,14.0,0.1759864108407557,3115.05138158053,4161.579569698057,12128.821864952963,0.28184096605149234,0.365,0.608186479783576,2.6876171311343624,0.5805040257931503,1514.5
2140,3.0,1.1,2.2,0.4,6.0,6.0,14.0,0.18371371585171348,2903.0856264623144,4259.939528592,12281.954966660986,0.2840323456051732,0.365,0.604029806250997,2.6881951633670482,0.5808301570821706,1467.0
2141,3.0,1.1,2.2,0.4,6.0,7.0,14.0,0.18824637170610276,2939.9211276036403,4225.018942461529,12239.123380251312,0.27538331731467663,0.365,0.6127184285745897,2.7007893607594333,0.5765805193469964,1442.5
2142,3.0,1.1,2.2,0.4,6.0,8.0,14.0,0.20624195186861757,2889.834740529738,4104.2658081082345,12166.011503176693,0.268044500723589,0.37,0.6188290696045936,2.7205143595102452,0.5778702349037725,1435.0
2143,3.0,1.1,2.2,0.4,7.0,6.0,14.0,0.19874393113445035,2816.3392355381584,4247.537524581647,12253.487344308858,0.2760884200257894,0.37,0.6173652152452551,2.702247922179126,0.5760544371903471,1434.0
2144,3.0,1.1,2.2,0.4,7.0,7.0,14.0,0.21084939826819288,2771.8359498971704,4150.503239903526,12278.842145375627,0.26951653663330594,0.37,0.6186806795162358,2.7182348319224046,0.5786789790548257,1413.0
2145,3.0,1.1,2.2,0.4,7.0,8.0,14.0,0.2061864672235686,2842.8688147787266,4110.718667646589,12143.063828321705,0.2728788206459054,0.37,0.6134721535673093,2.699578367153146,0.5766432615742041,1394.5
2146,3.0,1.1,2.6,0.4,3.0,6.0,14.0,0.16113654839732305,4203.2312193433445,4252.672627880753,12010.465180491405,0.2813913809611195,0.36,0.6042311015339928,2.6803091010132514,0.5852727632223815,1952.0
2147,3.0,1.1,2.6,0.4,3.0,7.0,14.0,0.1809968860981519,4282.63475805838,4133.83329849196,12221.826533090192,0.27406933464696115,0.365,0.6132972738144657,2.711624108486559,0.586736586197085,1918.0
2148,3.0,1.1,2.6,0.4,3.0,8.0,14.0,0.1734576598641987,4177.866332102299,4135.623135041361,12103.599981234775,0.27470415827024597,0.365,0.6091313785184174,2.705682742902633,0.5909066070155391,1915.0
2149,3.0,1.1,2.6,0.4,4.0,6.0,14.0,0.15445276095071003,3507.557580372202,4212.928024090957,12246.7550617479,0.26256715204637027,0.36,0.6175664451827243,2.7253837010029667,0.5842581941409652,1682.5
2150,3.0,1.1,2.6,0.4,4.0,7.0,14.0,0.14882636961997758,3580.5758975490467,4129.083408068665,12004.738363772918,0.2712839764769778,0.36,0.6184981153009066,2.716852423757155,0.581258653761398,1659.0
2151,3.0,1.1,2.6,0.4,4.0,8.0,14.0,0.15620422664738914,3540.9452319350066,4070.2977492888026,12021.124774396405,0.26866396761133604,0.36,0.6151173179274894,2.6985179790063665,0.5802857387401263,1658.0
2152,3.0,1.1,2.6,0.4,5.0,6.0,14.0,0.1763211973070428,3181.445630532685,4242.27534786882,12114.463395104349,0.2601381461675579,0.36,0.6226789958407606,2.724962577087588,0.5786560793807455,1540.0
2153,3.0,1.1,2.6,0.4,5.0,7.0,14.0,0.1857123388532117,3118.836230967221,4191.453128281815,11964.82845813289,0.26238703564884225,0.365,0.6174994100172135,2.734503788992193,0.5803013615491426,1519.0
2154,3.0,1.1,2.6,0.4,5.0,8.0,14.0,0.19035805549630205,3185.761142442774,4065.0603540010743,12081.46389301171,0.25836205931087636,0.365,0.6229194058859373,2.7200439168862536,0.576290650325145,1506.5
2155,3.0,1.1,2.6,0.4,6.0,6.0,14.0,0.19979426819304852,2924.0120237333704,4243.177252383282,12183.532177021381,0.2561529570678587,0.365,0.6265411984236399,2.737346279352328,0.5730533695302635,1468.5
2156,3.0,1.1,2.6,0.4,6.0,7.0,14.0,0.20780482534657824,2866.922848595981,4146.359719756942,11996.833603306084,0.257867007781439,0.365,0.6250009668786065,2.7407454918522003,0.5810545926192963,1439.0
2157,3.0,1.1,2.6,0.4,6.0,8.0,14.0,0.20522614761446534,2908.3262600549187,4125.607390325635,12169.143206150475,0.25937379203710864,0.365,0.6252461943416717,2.7338633638745726,0.5771795474722249,1437.5
2158,3.0,1.1,2.6,0.4,7.0,6.0,14.0,0.20260882307500225,2807.7350567687668,4256.4995596588415,12319.505597538067,0.25067367633411236,0.355,0.6287317004436109,2.757696021642471,0.5719985839376166,1435.5
2159,3.0,1.1,2.6,0.4,7.0,7.0,14.0,0.21612850973188522,2829.6980461800104,4074.832540770817,12243.627375717137,0.254530854424377,0.365,0.6296965772947654,2.743396342542062,0.5749797826383618,1407.0
2160,3.0,1.1,2.6,0.4,7.0,8.0,14.0,0.2121290637161375,2806.706677512765,4118.357486187663,12077.790236770616,0.2535784168639832,0.36,0.634312927519074,2.7463785084249226,0.5806003777364537,1396.0
2161,3.0,1.3,0.6,0.4,3.0,6.0,14.0,0.11719256858221716,4308.943919691435,4170.348966289498,11554.37418519695,0.4399503553155946,0.38,0.4705867027655441,2.4251675844669838,0.5814545294168683,1954.5
2162,3.0,1.3,0.6,0.4,3.0,7.0,14.0,0.12038646122688212,4258.097325916935,4115.938406798881,11544.727953206902,0.4398219749207103,0.385,0.4721732450232201,2.4303420489044294,0.5873983908625655,1936.5
2163,3.0,1.3,0.6,0.4,3.0,8.0,14.0,0.11990332219198532,4198.416005646735,4019.924632512214,11613.41563576791,0.4371407697629161,0.385,0.4784607327811936,2.426286442027712,0.5869758060662988,1927.0
2164,3.0,1.3,0.6,0.4,4.0,6.0,14.0,0.08614731679016077,3554.5022067810023,4170.575877042471,11521.262931036323,0.40126339876261363,0.38,0.5054626029525127,2.4949077193034466,0.5822006329446194,1685.0
2165,3.0,1.3,0.6,0.4,4.0,7.0,14.0,0.09670736578969813,3534.95218561805,4068.828015495157,11733.73517936953,0.40124800784781145,0.385,0.5088751360794591,2.4967008598676905,0.5872572293925808,1656.0
2166,3.0,1.3,0.6,0.4,4.0,8.0,14.0,0.10187705832734004,3494.1722950610206,4029.4597225551947,11552.002955969925,0.400722353559233,0.385,0.5087601786183347,2.501189057736521,0.5784041495147283,1656.0
2167,3.0,1.3,0.6,0.4,5.0,6.0,14.0,0.13048632611654656,3129.6546613283363,4147.679100183388,11436.92613233011,0.3769670922216133,0.38,0.5367979865635593,2.5378610679877918,0.5793032434473208,1538.5
2168,3.0,1.3,0.6,0.4,5.0,7.0,14.0,0.1345157033311012,3164.533702103571,4086.204816850236,11428.30134027948,0.3717723419980815,0.38,0.5441552263685112,2.5678815535544572,0.5809429404349198,1513.5
2169,3.0,1.3,0.6,0.4,5.0,8.0,14.0,0.1397215921248547,3118.711939327659,4087.818560819112,11431.003832065197,0.37443658143042546,0.385,0.5343733557823845,2.544270164543309,0.5825262971772419,1511.0
2170,3.0,1.3,0.6,0.4,6.0,6.0,14.0,0.15603817798966213,2882.8790807612304,4141.050393961925,11679.609158635923,0.362595350514009,0.38,0.5526221653352412,2.574960401011305,0.5756666412177758,1466.0
2171,3.0,1.3,0.6,0.4,6.0,7.0,14.0,0.16015418778687987,2901.7105569915057,4082.182747076954,11555.00436735641,0.36520254008309383,0.385,0.5492423255863308,2.5798689301125255,0.5774006553067599,1440.5
2172,3.0,1.3,0.6,0.4,6.0,8.0,14.0,0.16059001770345047,2941.9933902855123,4062.101979445859,11406.639294281365,0.3553479041283919,0.38,0.5538177946714532,2.5956714194775676,0.5743864099309628,1431.0
2173,3.0,1.3,0.6,0.4,7.0,6.0,14.0,0.16712694084604887,2779.571729688166,4175.757795204987,11505.365974196424,0.35255076511751215,0.38,0.5579985710836115,2.599132861242583,0.5784201485104754,1418.0
2174,3.0,1.3,0.6,0.4,7.0,7.0,14.0,0.17519346603855687,2793.776617292833,4153.380871835508,11452.556583104059,0.3457648613753218,0.385,0.5677650192650995,2.5987917432199743,0.5811535468377208,1402.0
2175,3.0,1.3,0.6,0.4,7.0,8.0,14.0,0.17535247319725872,2794.8922864980977,4071.6867318389895,11459.447609882667,0.35271540432685633,0.385,0.5493774329386226,2.598805669505828,0.5743394920940725,1401.0
2176,3.0,1.3,1.0,0.4,3.0,6.0,14.0,0.10429925162347091,4273.344856584717,4225.549535883004,11677.32302323791,0.4209216705133541,0.385,0.4851287694383837,2.431230937348572,0.5835845444284495,1951.0
2177,3.0,1.3,1.0,0.4,3.0,7.0,14.0,0.10468781580457148,4252.821754033858,4112.34023385674,11641.326656887095,0.42008613896799973,0.38,0.4869506052318061,2.441514304323699,0.5862675974928924,1928.5
2178,3.0,1.3,1.0,0.4,3.0,8.0,14.0,0.11633672674848922,4272.82172023504,4001.1599222431887,11712.264986881855,0.42103188813417286,0.385,0.4824508811470451,2.444499146690143,0.5845745895381425,1918.0
2179,3.0,1.3,1.0,0.4,4.0,6.0,14.0,0.09132561782840957,3551.0172556963034,4128.91216592893,11551.449439427523,0.3903405121802589,0.375,0.51786006238229,2.489985102962766,0.5817330977135112,1681.5
2180,3.0,1.3,1.0,0.4,4.0,7.0,14.0,0.10700557352991302,3536.4021597615333,4056.178341022658,11686.294201838733,0.38491990906477824,0.385,0.5242390490126908,2.5107713692683724,0.5803262510730114,1660.5
2181,3.0,1.3,1.0,0.4,4.0,8.0,14.0,0.11156664228747853,3492.9514325177706,4014.241252613627,11569.679128884316,0.38595027396470605,0.385,0.5228581680208471,2.4972687799128073,0.583935578871492,1645.5
2182,3.0,1.3,1.0,0.4,5.0,6.0,14.0,0.13442249525161348,3110.2885226953304,4186.207961947294,11320.380515392419,0.36908485627272625,0.38,0.5333895888926197,2.550667770367345,0.5793149906102659,1542.5
2183,3.0,1.3,1.0,0.4,5.0,7.0,14.0,0.146944802620291,3122.709728569839,4076.043934914959,11588.41493818068,0.3629071482296619,0.385,0.5424779521992215,2.5530476225974503,0.5760841117515603,1518.0
2184,3.0,1.3,1.0,0.4,5.0,8.0,14.0,0.14374096159804736,3107.9028379319625,4089.670469556454,11573.629344935533,0.3687422213426567,0.385,0.5439976251731644,2.5407610306907724,0.5767518900492249,1508.5
2185,3.0,1.3,1.0,0.4,6.0,6.0,14.0,0.1557962312025721,2902.533776604853,4207.366203846775,11299.206605783482,0.3548133508920922,0.38,0.5586753113624374,2.586336462767264,0.5754909966931459,1463.0
2186,3.0,1.3,1.0,0.4,6.0,7.0,14.0,0.1630255622091802,2908.2450180344167,4054.489458352743,11285.866569561244,0.3557641965025943,0.38,0.5594422557238965,2.577930516695357,0.5837586299370868,1443.5
2187,3.0,1.3,1.0,0.4,6.0,8.0,14.0,0.16968076631849396,2905.8399988322753,4088.4997425769916,11381.647945091061,0.34816214525407596,0.385,0.5523644410193882,2.5822938290343194,0.577307733575587,1439.0
2188,3.0,1.3,1.0,0.4,7.0,6.0,14.0,0.1786841771270165,2798.0722091355674,4078.229999801703,11695.669704081058,0.3461696372861801,0.385,0.5638746963650134,2.596711258242147,0.5740623100094707,1428.5
2189,3.0,1.3,1.0,0.4,7.0,7.0,14.0,0.17662600495903977,2787.9242480827916,4116.760357707206,11678.320320035651,0.3473133484162896,0.385,0.5599507110536522,2.594287689356341,0.5762586361862356,1408.0
2190,3.0,1.3,1.0,0.4,7.0,8.0,14.0,0.18603221067613918,2788.752106428874,4034.2551685507183,11693.69099479651,0.3388341176168068,0.385,0.5665352670420942,2.604234235379243,0.5744312196771331,1395.5
2191,3.0,1.3,1.4,0.4,3.0,6.0,14.0,0.12509335413903086,4235.250034767918,4090.6615713076544,11351.896557090564,0.39195418426493156,0.385,0.5197199656278934,2.4817443128789485,0.5878790137781388,1945.5
2192,3.0,1.3,1.4,0.4,3.0,7.0,14.0,0.12769345699988305,4257.105539609005,4163.7686477461375,11379.221494545189,0.38349009600194434,0.385,0.5210491351723578,2.496814270184569,0.5875384250281646,1924.5
2193,3.0,1.3,1.4,0.4,3.0,8.0,14.0,0.12556128361366017,4245.710713619585,4042.6425932595303,11582.588603822009,0.39030638711769156,0.38,0.5208608019020858,2.489628738161089,0.587886273902387,1924.0
2194,3.0,1.3,1.4,0.4,4.0,6.0,14.0,0.10950862734729938,3541.9557827256494,4224.588777626774,11515.679197193433,0.3649459209617303,0.385,0.5336238724446651,2.5290968493004278,0.5828059104177415,1686.5
2195,3.0,1.3,1.4,0.4,4.0,7.0,14.0,0.11150502123820437,3568.9397461274116,4105.584345197471,11474.058620484722,0.3692328911729378,0.385,0.543098149181891,2.539829023699915,0.5797203780087595,1662.5
2196,3.0,1.3,1.4,0.4,4.0,8.0,14.0,0.11839499223954425,3483.75639312319,4067.4429481864254,11609.000834474538,0.36437411328167635,0.38,0.5391307432063734,2.5363499137349543,0.5836530609772685,1658.5
2197,3.0,1.3,1.4,0.4,5.0,6.0,14.0,0.15900829053912127,3080.1845405588897,4081.0576312870935,11376.250555815219,0.34700783919803496,0.385,0.5605742270070213,2.567012013082686,0.5775609889215723,1532.5
2198,3.0,1.3,1.4,0.4,5.0,7.0,14.0,0.15236042525487228,3100.318701189891,4104.653989524337,11472.006006375927,0.34741018499178034,0.38,0.563998573692136,2.5824328075199374,0.5755523929104187,1513.5
2199,3.0,1.3,1.4,0.4,5.0,8.0,14.0,0.1615295991718857,3065.9545675981617,4083.8159773652387,11405.94223616866,0.34413631697623204,0.385,0.5603027365170166,2.5847258298477147,0.5794668455780698,1510.5
2200,3.0,1.3,1.4,0.4,6.0,6.0,14.0,0.16837256972786077,2898.9489707178195,4125.135750342979,11690.342330244534,0.3414835501598712,0.38,0.5653090327911344,2.6014388928045546,0.5760755340629026,1462.5
2201,3.0,1.3,1.4,0.4,6.0,7.0,14.0,0.17912827918115634,2863.8126274480037,4102.023075244055,11582.156430322506,0.33583627912046843,0.385,0.5726289008969727,2.6204826048739633,0.578155302911671,1434.0
2202,3.0,1.3,1.4,0.4,6.0,8.0,14.0,0.17957863382112307,2888.180794145767,4047.3126942857143,11427.020304921847,0.33723710377318694,0.385,0.569059406183439,2.599877602899791,0.5778438590597512,1428.5
2203,3.0,1.3,1.4,0.4,7.0,6.0,14.0,0.18005046809919908,2781.4070939116345,4093.2339343923745,11317.169732561468,0.33804996309481916,0.38,0.5699623183919196,2.5886426886684912,0.5767025558594617,1418.0
2204,3.0,1.3,1.4,0.4,7.0,7.0,14.0,0.17800301665028143,2823.2531497531577,4081.1279391360763,11432.125977384694,0.3378368542025913,0.38,0.5742294104500412,2.61503222199948,0.5758932662358096,1397.5
2205,3.0,1.3,1.4,0.4,7.0,8.0,14.0,0.19281473656458276,2765.639466670187,3944.411797014841,11542.401503529207,0.33813478983565537,0.385,0.5740054413309937,2.608937181375757,0.5775740391988083,1396.0
2206,3.0,1.3,1.8,0.4,3.0,6.0,14.0,0.13339108891801488,4178.9457933278845,4192.2738517768385,11619.432853140626,0.3497728280141844,0.375,0.5494577950861196,2.534290747547084,0.5882048230344572,1947.0
2207,3.0,1.3,1.8,0.4,3.0,7.0,14.0,0.13505012277876088,4173.526281868683,4174.5372024678,11638.35622986781,0.34796610119122395,0.375,0.550872122474022,2.546939405460757,0.5853568385931109,1924.0
2208,3.0,1.3,1.8,0.4,3.0,8.0,14.0,0.1460876179276877,4178.5818776879,4065.9728327980542,11724.920329564651,0.3461191798798904,0.38,0.5526098976596193,2.535162922196485,0.5811235693097936,1922.0
2209,3.0,1.3,1.8,0.4,4.0,6.0,14.0,0.12774184913403525,3541.421988406496,4230.427394193271,11684.75564786293,0.3274860748132309,0.38,0.5668377286766453,2.578273538557182,0.5822109321304021,1686.0
2210,3.0,1.3,1.8,0.4,4.0,7.0,14.0,0.13040680959455728,3528.108059629928,4093.3561363075833,11695.350376615937,0.33047609241868386,0.375,0.5691308518074966,2.578182557253636,0.5840021226536525,1664.0
2211,3.0,1.3,1.8,0.4,4.0,8.0,14.0,0.13398524405764972,3509.444811004926,4098.353581377175,11772.835412926426,0.33249323272616305,0.38,0.5725325886587882,2.5879618382285248,0.5812240948105243,1653.5
2212,3.0,1.3,1.8,0.4,5.0,6.0,14.0,0.16200321249595825,3092.6794594536213,4233.703879899872,11676.146203493083,0.3204745905436984,0.38,0.5869029361136568,2.618720840685055,0.5773056365836761,1538.5
2213,3.0,1.3,1.8,0.4,5.0,7.0,14.0,0.1735146991225109,3122.4813781996077,4111.146336388727,11577.289260555644,0.30877634792675523,0.38,0.5821621182815433,2.6331257380389848,0.5814314020624312,1506.0
2214,3.0,1.3,1.8,0.4,5.0,8.0,14.0,0.17062651045742788,3128.7661381648622,4008.970451711269,11429.630587534019,0.3157381425706344,0.375,0.5825096319622813,2.6197093111522016,0.578771225585456,1508.5
2215,3.0,1.3,1.8,0.4,6.0,6.0,14.0,0.1750913620389169,2918.7939862761123,4238.912564128508,11573.79578407184,0.31771933156802934,0.38,0.5885370695209471,2.6260505344012417,0.5826478939947695,1466.5
2216,3.0,1.3,1.8,0.4,6.0,7.0,14.0,0.18340458898374312,2884.329894846228,4117.686123549034,11705.262083832553,0.312192151556157,0.375,0.5905050260970424,2.6283901062406105,0.5768685310042958,1439.0
2217,3.0,1.3,1.8,0.4,6.0,8.0,14.0,0.18320104316224028,2902.3214512061477,4127.710462466365,11571.738438009139,0.3095945196415192,0.375,0.5931038173732813,2.642096505993509,0.5804273943711808,1434.5
2218,3.0,1.3,1.8,0.4,7.0,6.0,14.0,0.19365368893816118,2797.1694166816887,4196.4030961011085,11773.892319785933,0.30413606911447083,0.38,0.5866940244780418,2.6391258613319524,0.5784692640357412,1444.5
2219,3.0,1.3,1.8,0.4,7.0,7.0,14.0,0.1975091152726916,2742.54374437447,4142.466427894744,11634.979386272607,0.3086967545638945,0.38,0.590540060851927,2.6390188696308394,0.5745383509461164,1405.0
2220,3.0,1.3,1.8,0.4,7.0,8.0,14.0,0.19519359132258027,2830.247862357729,4047.8785809202936,11513.899977065652,0.31115321987386657,0.38,0.5974599737153155,2.6297314020075504,0.5777432336247625,1392.0
2221,3.0,1.3,2.2,0.4,3.0,6.0,14.0,0.1599185232028218,4218.89238639296,4273.848846799983,12171.145004151625,0.2960356490813344,0.37,0.5977898730436801,2.6603464597424553,0.5889382064742867,1947.0
2222,3.0,1.3,2.2,0.4,3.0,7.0,14.0,0.16302996247309354,4170.176465146077,4152.694763487287,12009.415064726367,0.2961803781297905,0.37,0.6004722579768826,2.6666888748538993,0.5866393957444132,1926.5
2223,3.0,1.3,2.2,0.4,3.0,8.0,14.0,0.16788800881919347,4296.338059951018,4143.190541377436,12198.889910824757,0.2968036306214601,0.365,0.5923277782127911,2.661340792576239,0.5855269728349333,1918.0
2224,3.0,1.3,2.2,0.4,4.0,6.0,14.0,0.14614322108309266,3474.1917359598774,4207.243567748916,12098.574300032891,0.287182154708438,0.365,0.6038144254326981,2.6709380136979597,0.5835185921149364,1685.0
2225,3.0,1.3,2.2,0.4,4.0,7.0,14.0,0.15409670928537136,3479.2990649250523,4155.393817647188,12109.070187007786,0.2842664252715604,0.37,0.6093910859463515,2.6793152358942747,0.5811577497031577,1657.0
2226,3.0,1.3,2.2,0.4,4.0,8.0,14.0,0.15058284113970385,3535.687398423219,4114.814061695954,12174.69416425757,0.28106534524497273,0.365,0.6106966895734787,2.6901956087080006,0.5804821118929011,1657.5
2227,3.0,1.3,2.2,0.4,5.0,6.0,14.0,0.18226357892667128,3132.7085733707163,4202.745756298171,12123.352337746723,0.2719576875756129,0.37,0.6160276253398838,2.710381447393565,0.581749919744775,1529.5
2228,3.0,1.3,2.2,0.4,5.0,7.0,14.0,0.18144681716829725,3110.7017386352077,4197.446197951279,12201.29891071546,0.27629961907792033,0.37,0.6109337223551787,2.6962795266679915,0.5839174430105627,1513.5
2229,3.0,1.3,2.2,0.4,5.0,8.0,14.0,0.18336571071386293,3152.4435006023236,4129.930270634319,12057.245961353125,0.27441606808793484,0.37,0.6060055570262529,2.686808303864181,0.5827404685836747,1505.0
2230,3.0,1.3,2.2,0.4,6.0,6.0,14.0,0.19753228436530387,2860.458863424643,4274.142928762187,12073.00196011387,0.27073351670939627,0.37,0.6175020741925599,2.706300575237721,0.5808620866427381,1464.0
2231,3.0,1.3,2.2,0.4,6.0,7.0,14.0,0.193148561676318,2912.2315135647436,4203.75695524354,12188.848371626853,0.272196242678601,0.365,0.6155871998836422,2.712313744528643,0.5764866747213655,1446.5
2232,3.0,1.3,2.2,0.4,6.0,8.0,14.0,0.19881059917094773,2911.026356843431,4113.771466948378,11969.559805094319,0.2772736481621156,0.37,0.61595721570092,2.6930571133048415,0.5780082560690251,1432.0
2233,3.0,1.3,2.2,0.4,7.0,6.0,14.0,0.198969004569753,2791.342603640784,4261.235140585446,12199.29334707154,0.2709473796302139,0.365,0.619019964346564,2.704927515398483,0.578021789140904,1425.0
2234,3.0,1.3,2.2,0.4,7.0,7.0,14.0,0.20696030732991283,2771.9813970040323,4164.43992390566,11975.250671454587,0.2684172243013076,0.365,0.6146233985991261,2.7182297098998793,0.5778233935663004,1402.0
2235,3.0,1.3,2.2,0.4,7.0,8.0,14.0,0.20883726281753204,2867.6112139997795,4169.038850400324,12172.3330602764,0.26037936625903657,0.37,0.6134377693562884,2.717899727198997,0.5762088964744477,1398.5
2236,3.0,1.3,2.6,0.4,3.0,6.0,14.0,0.16886891294190326,4221.868078117852,4236.810636342106,12334.87011836774,0.2783021349856461,0.365,0.598279530740931,2.698415899643498,0.5912846397613646,1950.0
2237,3.0,1.3,2.6,0.4,3.0,7.0,14.0,0.17661093449195883,4235.774128217804,4137.225573776326,12397.890716104946,0.27582350691773894,0.365,0.6016002402412783,2.6934053184446753,0.5860519449752764,1924.5
2238,3.0,1.3,2.6,0.4,3.0,8.0,14.0,0.17340322977884087,4156.364749472763,4109.652592827854,12093.791196630007,0.27469417007536623,0.365,0.6089374278754385,2.696501918084623,0.5879054764123643,1916.5
2239,3.0,1.3,2.6,0.4,4.0,6.0,14.0,0.14930260901349254,3488.1488779222764,4211.37784634088,12026.986316020666,0.2735577537905031,0.36,0.613955754861358,2.7000991550953928,0.5829265339667424,1687.5
2240,3.0,1.3,2.6,0.4,4.0,7.0,14.0,0.15097022877441568,3543.015140099151,4159.647585294872,12021.479488055491,0.2691902597110321,0.36,0.6058693793041365,2.7005586759895355,0.5822283551027754,1667.0
2241,3.0,1.3,2.6,0.4,4.0,8.0,14.0,0.1618789843486474,3482.5992151684404,4092.0810570271997,12130.013940381505,0.2637826698952965,0.36,0.6186099623754111,2.721769685749086,0.57910611080483,1644.5
2242,3.0,1.3,2.6,0.4,5.0,6.0,14.0,0.18443585523895822,3116.692365834906,4209.511937528123,12039.004172138684,0.26315098877240656,0.365,0.620015387162515,2.7193581970567844,0.58481605008262,1531.5
2243,3.0,1.3,2.6,0.4,5.0,7.0,14.0,0.18701501471073434,3080.311115614147,4190.844731244716,11973.130615339722,0.25825446042401656,0.36,0.6216785048550786,2.7406918959491615,0.5814006276747266,1516.5
2244,3.0,1.3,2.6,0.4,5.0,8.0,14.0,0.18856338306411283,3180.4593117727254,4116.785253053184,12158.691999431323,0.2573278752654521,0.365,0.6219726235050855,2.7379628077751366,0.5766014543015787,1514.0
2245,3.0,1.3,2.6,0.4,6.0,6.0,14.0,0.19408526681793276,2905.0977870524393,4243.93322519852,12085.326731246449,0.26145545032829604,0.36,0.6234954844751779,2.7384468773870307,0.5744560099095843,1466.5
2246,3.0,1.3,2.6,0.4,6.0,7.0,14.0,0.20072098874058394,2911.9965420079907,4117.619559381299,12244.98846320197,0.25451743045939534,0.355,0.6259981688473343,2.7550558463560026,0.5767716294637464,1440.0
2247,3.0,1.3,2.6,0.4,6.0,8.0,14.0,0.20918995760201736,2888.2321181352463,4096.590189376697,12051.038914732744,0.2575998075998076,0.365,0.620971620971621,2.731798767163907,0.5784050710945056,1435.5
2248,3.0,1.3,2.6,0.4,7.0,6.0,14.0,0.20207663887368776,2852.688118361357,4282.895373950811,12049.320009339495,0.2568289628458598,0.365,0.6322989529451738,2.740384567084285,0.5809985833040731,1433.0
2249,3.0,1.3,2.6,0.4,7.0,7.0,14.0,0.20947390362571933,2809.7803060008455,4191.244794998286,12136.079984205338,0.25750211327134404,0.365,0.6248679205409975,2.7262691407189075,0.5783024862859968,1404.0
2250,3.0,1.3,2.6,0.4,7.0,8.0,14.0,0.21551301812887785,2798.730847948709,4120.182867624783,12001.183231766357,0.24863293148020169,0.36,0.6335434743658656,2.7540123509683605,0.5735369482777206,1398.5
