config_num,alpha,beta,gamma,delta,threshold_low,threshold_med,threshold_high,error,avg_spend_low,avg_spend_med,avg_spend_high,corner_share,avg_dist_car,avg_dist_nocar,total_trips
1,1.0,0.5,0.6,0.4,3.0,6.0,14.0,0.36635853002381835,3737.8804157048407,7465.068906925144,14122.881802206077,0.04943276497618286,2.822543098904864,0.5876975175541741,1889.5
2,1.0,0.5,0.6,0.4,3.0,7.0,14.0,0.3687409590373556,3749.7415709202733,7379.636608074963,14161.542915028938,0.044675968532493476,2.824637297546654,0.5951687082573083,1877.5
3,1.0,0.5,0.6,0.4,3.0,8.0,14.0,0.3617570129465424,3733.6484822579932,7285.5921807426985,14648.432701041907,0.04621298196484684,2.8425901537000535,0.6090847023654378,1876.5
4,1.0,0.5,0.6,0.4,4.0,6.0,14.0,0.3901602737612089,3023.8752442062632,7388.6626387636425,14142.056208842361,0.04496909545525336,2.8070270202292784,0.6036131815216785,1641.0
5,1.0,0.5,0.6,0.4,4.0,7.0,14.0,0.395726526283049,3033.4551134750354,7361.474841770525,14103.374641630695,0.04245872962450503,2.8301409763546452,0.5844173304515214,1628.0
6,1.0,0.5,0.6,0.4,4.0,8.0,14.0,0.39073314275493704,3058.9830206542993,7308.888565829035,14195.086363614446,0.04914642510068927,2.8186692321394258,0.5851289873554839,1627.0
7,1.0,0.5,0.6,0.4,5.0,6.0,14.0,0.40408538903759883,2548.1537727245022,7425.60632292828,14245.553856946022,0.048505623657272845,2.7971925640448196,0.5905133142292185,1489.5
8,1.0,0.5,0.6,0.4,5.0,7.0,14.0,0.4074670758525532,2545.4116221020986,7336.451353178185,14187.16405923216,0.0409827015090173,2.8222797789356306,0.6058572314647639,1475.0
9,1.0,0.5,0.6,0.4,5.0,8.0,14.0,0.4081694977111859,2542.0096508000524,7226.671731431973,14306.404608555304,0.046739849201604775,2.8069160041690586,0.590917932627411,1465.0
10,1.0,0.5,0.6,0.4,6.0,6.0,14.0,0.41028673652489345,2314.21815176023,7465.899595338891,14251.659917403926,0.048567404722249435,2.8097497378015244,0.5901973338078933,1429.5
11,1.0,0.5,0.6,0.4,6.0,7.0,14.0,0.41227959252558916,2322.0395742686856,7295.945546432741,14305.548805987295,0.04567501857775193,2.8000063843954566,0.6026696550910307,1408.0
12,1.0,0.5,0.6,0.4,6.0,8.0,14.0,0.41128271797055466,2320.4136925040443,7381.053777720785,14354.138004369455,0.04957206058616123,2.8085648754523653,0.5841551664375517,1416.5
13,1.0,0.5,0.6,0.4,7.0,6.0,14.0,0.4155957846729285,2230.1142707110025,7404.895339937681,14192.597270709304,0.04374819415979628,2.7960504507531536,0.6029893620935677,1390.5
14,1.0,0.5,0.6,0.4,7.0,7.0,14.0,0.4152432863240134,2196.907174779695,7408.172539829464,14197.400534683162,0.04616347704488461,2.8154197410489865,0.5986804566951738,1379.0
15,1.0,0.5,0.6,0.4,7.0,8.0,14.0,0.41550665343141996,2233.5522287193307,7222.296649556408,14306.788335201087,0.041351130248501344,2.8536291537178524,0.6132006280641378,1366.5
16,1.0,0.5,1.0,0.4,3.0,6.0,14.0,0.3746381794429137,3746.028287940677,7508.691491010207,14573.555790952712,0.023823465362629553,2.863241562071749,0.5977752746963854,1895.0
17,1.0,0.5,1.0,0.4,3.0,7.0,14.0,0.37994168590957456,3800.1649444153663,7390.599898393273,14202.286008284349,0.021198047840935867,2.8935220788500127,0.5961909704652523,1871.5
18,1.0,0.5,1.0,0.4,3.0,8.0,14.0,0.37790610301518696,3769.049437744954,7362.3399102654585,14352.43327537283,0.02416148410437294,2.897196243040886,0.59609681716811,1875.5
19,1.0,0.5,1.0,0.4,4.0,6.0,14.0,0.397195507291591,3046.775401637734,7508.821658825698,14645.625724090747,0.02521644703591916,2.8852501628649962,0.5840429825824831,1661.0
20,1.0,0.5,1.0,0.4,4.0,7.0,14.0,0.40803529211327555,3035.886639457717,7370.917612154236,14162.57440697457,0.019787300271746914,2.9134426356088063,0.5819913398913711,1619.0
21,1.0,0.5,1.0,0.4,4.0,8.0,14.0,0.4051982133684698,3080.030576152871,7306.088189546826,14241.835422065851,0.022809288190467465,2.8848281534683884,0.5853961891828177,1619.5
22,1.0,0.5,1.0,0.4,5.0,6.0,14.0,0.4141839073560287,2559.941274314733,7458.686526257647,14129.659057206365,0.024730373432795577,2.8554063756476995,0.6105391331063761,1492.5
23,1.0,0.5,1.0,0.4,5.0,7.0,14.0,0.41597246273305816,2589.102299959505,7428.25694023071,14224.534843294603,0.024897777822155878,2.884499218848555,0.5911006977616919,1485.0
24,1.0,0.5,1.0,0.4,5.0,8.0,14.0,0.4193317335005308,2534.084810232277,7251.41302218193,14230.41756865974,0.02428049186703661,2.863768784897485,0.603660155697207,1467.5
25,1.0,0.5,1.0,0.4,6.0,6.0,14.0,0.4238735796481281,2335.2478390824017,7392.658113828591,14384.193242023694,0.025169942323796643,2.8650138320493577,0.5890566950355731,1427.0
26,1.0,0.5,1.0,0.4,6.0,7.0,14.0,0.4277179146991446,2325.8694502854705,7385.7334180328735,13991.216844704413,0.02396781257340294,2.871835943356425,0.59400025596636,1408.0
27,1.0,0.5,1.0,0.4,6.0,8.0,14.0,0.42548190564578525,2313.2655357145472,7350.157471628474,13995.918199877404,0.025702919230745726,2.8681611431591483,0.6045492733504474,1402.0
28,1.0,0.5,1.0,0.4,7.0,6.0,14.0,0.4233216526233315,2225.414126750594,7485.866309189318,14449.591495477449,0.02456747404844291,2.9057051524898005,0.5930367332286752,1402.5
29,1.0,0.5,1.0,0.4,7.0,7.0,14.0,0.4274560699361827,2225.142242312505,7356.980334175261,14303.63628868497,0.026462845650134445,2.8642086721524387,0.5914204602136728,1383.5
30,1.0,0.5,1.0,0.4,7.0,8.0,14.0,0.4239782023545184,2224.504623856281,7305.749486455997,14360.677006721718,0.027638481807538105,2.8833161053649716,0.6035883839276917,1376.0
31,1.0,0.5,1.4,0.4,3.0,6.0,14.0,0.3822026837029971,3727.4150345948224,7535.636620009047,14167.891636266624,0.014270872978954342,2.914943222693305,0.6041525013231326,1884.5
32,1.0,0.5,1.4,0.4,3.0,7.0,14.0,0.382184949490487,3777.1193547312605,7401.064269894967,14534.844568466646,0.013251411033863092,2.9193224527788963,0.594065373977819,1868.5
33,1.0,0.5,1.4,0.4,3.0,8.0,14.0,0.3874666855282763,3755.164515266436,7258.2060926180475,14532.661871622277,0.011430232729434376,2.935526405779342,0.5883411189668479,1862.0
34,1.0,0.5,1.4,0.4,4.0,6.0,14.0,0.4074318499980962,3031.9088493193562,7532.605753509649,14232.545405025987,0.013930198788242951,2.9088220737091666,0.5872260561347116,1643.0
35,1.0,0.5,1.4,0.4,4.0,7.0,14.0,0.4026075411079259,3036.8615003818477,7354.133787093024,14632.934931197473,0.012830925554710722,2.9369544020988023,0.6061562538649332,1633.0
36,1.0,0.5,1.4,0.4,4.0,8.0,14.0,0.40984999846471476,3031.5567609739587,7344.212513686965,14331.254929284722,0.011899543545792295,2.9145133027474435,0.593458064640909,1622.5
37,1.0,0.5,1.4,0.4,5.0,6.0,14.0,0.4245481011449043,2538.264564677262,7455.837123218114,14010.812392760621,0.01112418656327234,2.9205283063941714,0.6041456885895516,1485.5
38,1.0,0.5,1.4,0.4,5.0,7.0,14.0,0.42262306485305007,2566.0457437524865,7383.894954206658,14349.202178309843,0.012478682116946449,2.9172521179793516,0.5957967526796779,1474.0
39,1.0,0.5,1.4,0.4,5.0,8.0,14.0,0.4258300594154016,2539.2517495943994,7331.813406935006,14298.711690475142,0.012092180973800274,2.930886518322596,0.5907420812630628,1470.0
40,1.0,0.5,1.4,0.4,6.0,6.0,14.0,0.4290080823183166,2319.565151666523,7550.261949309754,14108.412119809023,0.015077085481416017,2.895558778329148,0.593680563803036,1427.5
41,1.0,0.5,1.4,0.4,6.0,7.0,14.0,0.43182726711851166,2346.9624525966847,7351.8285877191465,14287.512016273806,0.01201664825853364,2.9251385528999823,0.5907910427523442,1411.0
42,1.0,0.5,1.4,0.4,6.0,8.0,14.0,0.4322225866414187,2320.9837636083666,7291.019195554559,14274.591050981233,0.012189037230930438,2.917940657572112,0.5993047713663029,1401.5
43,1.0,0.5,1.4,0.4,7.0,6.0,14.0,0.4363240844318399,2241.451352607361,7463.302567985957,14137.739345387425,0.010682119021392007,2.918576781361743,0.5874797403560613,1395.5
44,1.0,0.5,1.4,0.4,7.0,7.0,14.0,0.4305245155024054,2195.937537946172,7428.901960376585,14297.004674593896,0.01452240425449225,2.909387282771012,0.6067745465105864,1380.5
45,1.0,0.5,1.4,0.4,7.0,8.0,14.0,0.4312967132591785,2194.91013072567,7335.778969286586,14652.465991653313,0.013738028944711317,2.9412122954310815,0.5927366560415024,1377.5
46,1.0,0.5,1.8,0.4,3.0,6.0,14.0,0.3788047840718755,3743.0881202133623,7481.776252998565,14815.243083697342,0.013894098105928683,2.9060376060053725,0.5948985719815658,1894.0
47,1.0,0.5,1.8,0.4,3.0,7.0,14.0,0.3818707996453162,3749.674428386571,7356.794665139139,14386.292877544027,0.013504669245496814,2.9392697861032717,0.6069816220891419,1867.0
48,1.0,0.5,1.8,0.4,3.0,8.0,14.0,0.3881384884191112,3737.8421890979134,7354.2498401007215,14228.025360071646,0.014066301571434098,2.913205476717542,0.5882830535297625,1862.5
49,1.0,0.5,1.8,0.4,4.0,6.0,14.0,0.4034792979437276,3043.0623685536493,7538.947578216929,14561.318514278557,0.009058394407354165,2.9227264628181704,0.6020827951588466,1650.5
50,1.0,0.5,1.8,0.4,4.0,7.0,14.0,0.4011127231576126,3069.941614013839,7356.167388338803,14664.891788920311,0.01046231704713873,2.941076816264135,0.6136441695588513,1623.5
51,1.0,0.5,1.8,0.4,4.0,8.0,14.0,0.4124203916973865,3042.899293064308,7340.033611898221,14142.62531907094,0.01069073061957836,2.925821899006807,0.5909089298973567,1630.5
52,1.0,0.5,1.8,0.4,5.0,6.0,14.0,0.42010932668653317,2546.2492052419893,7464.078293281193,14401.175881943176,0.012722675857374905,2.92611801061685,0.5992302873096309,1497.0
53,1.0,0.5,1.8,0.4,5.0,7.0,14.0,0.42323783368880435,2541.306644398477,7387.026264617592,14396.76722326257,0.012194420477423067,2.9389684151253315,0.5918706812671048,1475.0
54,1.0,0.5,1.8,0.4,5.0,8.0,14.0,0.4233322556493922,2565.2548402539046,7242.765140218142,14462.55020787862,0.013541692254364919,2.928177261902513,0.5947604986651451,1483.5
55,1.0,0.5,1.8,0.4,6.0,6.0,14.0,0.4231085662458527,2366.2561700059846,7516.996556767946,14579.613880550785,0.011951500538764363,2.885674412119773,0.6071471874775445,1436.5
56,1.0,0.5,1.8,0.4,6.0,7.0,14.0,0.4341347460402865,2305.9223398695003,7409.871075464047,14316.547141627885,0.012771496963005544,2.945676695279203,0.5740346506459986,1405.5
57,1.0,0.5,1.8,0.4,6.0,8.0,14.0,0.42781069787407877,2326.3073373871166,7422.5933487257635,14256.064188593216,0.009952464259838485,2.951629294014065,0.6111990223677386,1408.0
58,1.0,0.5,1.8,0.4,7.0,6.0,14.0,0.4362733854919109,2202.124783556239,7455.510537770804,14550.247943445178,0.010697617123547793,2.9241262120945053,0.5740972670040136,1399.0
59,1.0,0.5,1.8,0.4,7.0,7.0,14.0,0.4365755071618058,2201.5993625988967,7433.228799089195,14550.516973505411,0.011201419040559144,2.924635519249131,0.5730094062686772,1375.0
60,1.0,0.5,1.8,0.4,7.0,8.0,14.0,0.43449699901772987,2238.322245045961,7318.3891237485095,14238.764785658146,0.012086317362493059,2.9204579196903957,0.6000869564054387,1370.5
61,1.0,0.5,2.2,0.4,3.0,6.0,14.0,0.3785077755778423,3756.9358344812445,7497.072019970672,14474.978587862868,0.016245521429146304,2.916362370639915,0.5998872938526432,1899.5
62,1.0,0.5,2.2,0.4,3.0,7.0,14.0,0.38190283891933047,3746.691264574365,7423.288686902577,14281.443322648207,0.014522532976069608,2.9499596100971224,0.6015173577886215,1882.0
63,1.0,0.5,2.2,0.4,3.0,8.0,14.0,0.3821178438763468,3734.658133097816,7358.925318127998,14652.008737231694,0.014774267397447567,2.9408087022281153,0.5910861940160884,1878.5
64,1.0,0.5,2.2,0.4,4.0,6.0,14.0,0.4050572538502797,3030.3548552379425,7530.53437438743,14509.290367612892,0.012112882536192048,2.9568660282895243,0.5849715029438601,1652.5
65,1.0,0.5,2.2,0.4,4.0,7.0,14.0,0.4060818275078506,3084.1793004381375,7383.847273070143,14478.485609811676,0.014671463766374234,2.925626230785909,0.5826929622188788,1633.0
66,1.0,0.5,2.2,0.4,4.0,8.0,14.0,0.40516460270668625,3075.1445366042717,7268.442126664321,14450.720668867714,0.012913882837914569,2.9756695839795206,0.5984994084087547,1622.5
67,1.0,0.5,2.2,0.4,5.0,6.0,14.0,0.41876110959118823,2551.4267777482637,7466.928486707435,14573.891285201786,0.012278902925106753,2.9561186431201545,0.5936733435193748,1501.5
68,1.0,0.5,2.2,0.4,5.0,7.0,14.0,0.42097719497445335,2558.2853824461863,7446.467197408347,14392.0819893483,0.010451757560585364,2.9387830171898988,0.6006987685903342,1485.5
69,1.0,0.5,2.2,0.4,5.0,8.0,14.0,0.42337124679717825,2537.2837449800268,7339.180553364359,14551.634369334082,0.013990664282163355,2.901266904410604,0.5884405647886586,1473.5
70,1.0,0.5,2.2,0.4,6.0,6.0,14.0,0.432295549218648,2328.3433709577266,7514.257372369282,14407.938222928024,0.012299619181911994,2.9202024298771683,0.5710481397675303,1432.0
71,1.0,0.5,2.2,0.4,6.0,7.0,14.0,0.4259817999312588,2328.1421975037765,7389.299271800351,14544.509976460828,0.012471237573879957,2.959074859657174,0.5999625997114197,1413.5
72,1.0,0.5,2.2,0.4,6.0,8.0,14.0,0.43074459666065484,2314.117222483357,7382.519363461881,14477.395183246166,0.01214219692338447,2.928070329471226,0.5884613031805466,1408.0
73,1.0,0.5,2.2,0.4,7.0,6.0,14.0,0.42995352740439596,2222.978353409899,7520.783845184909,14438.355684231236,0.011490668883961566,2.9374394582537846,0.5963086655356502,1396.5
74,1.0,0.5,2.2,0.4,7.0,7.0,14.0,0.4324958136232468,2196.450057635705,7427.710577540252,14474.133623118,0.011255991722448636,2.9320404040974806,0.5962217347470375,1377.0
75,1.0,0.5,2.2,0.4,7.0,8.0,14.0,0.4369716530175047,2185.637690573597,7352.767929345309,14511.050369490978,0.009475032010243278,2.9236446023833498,0.5881925424597267,1370.0
76,1.0,0.5,2.6,0.4,3.0,6.0,14.0,0.3775446858612043,3738.5169323149457,7534.416463219844,14503.775964256412,0.01310324737206078,2.9631989702717583,0.6059799935979665,1893.5
77,1.0,0.5,2.6,0.4,3.0,7.0,14.0,0.3923783872152329,3737.0613822589266,7339.441456485938,13884.813548080281,0.011418387057479131,2.9845866138842774,0.5837928629390436,1858.5
78,1.0,0.5,2.6,0.4,3.0,8.0,14.0,0.38554613423634826,3755.6833404477484,7326.684328129086,14212.027176701922,0.013485003430191676,2.9517361747637034,0.5975922416652997,1874.0
79,1.0,0.5,2.6,0.4,4.0,6.0,14.0,0.40572185507949743,3049.320974139773,7520.966290516633,14299.93261145333,0.012990499371056318,2.934101238178718,0.5900649716904428,1655.5
80,1.0,0.5,2.6,0.4,4.0,7.0,14.0,0.4048487633629044,3042.83809200436,7386.5504270515885,14459.388139430204,0.011902744736562675,2.961669767502737,0.5992211008759168,1630.5
81,1.0,0.5,2.6,0.4,4.0,8.0,14.0,0.4071535319709773,3078.319721792943,7253.708142017894,14507.393712105915,0.012655042572368451,2.9766029648642576,0.5878109442109942,1620.5
82,1.0,0.5,2.6,0.4,5.0,6.0,14.0,0.4206811133793186,2558.2754771860264,7479.494184533475,14328.200839695322,0.012420810669418584,2.942836071998391,0.595311917162014,1495.0
83,1.0,0.5,2.6,0.4,5.0,7.0,14.0,0.4231813352435198,2542.0588365217054,7399.871391419482,14339.86934994102,0.014165042235217674,2.9337905003872553,0.5879978057820532,1482.0
84,1.0,0.5,2.6,0.4,5.0,8.0,14.0,0.4228852557048631,2555.363107181178,7312.1391000635795,14406.730097290805,0.013608285427922999,2.9582993432569875,0.5903431920739122,1474.0
85,1.0,0.5,2.6,0.4,6.0,6.0,14.0,0.42743550483222376,2353.6009491856667,7417.360651699956,14474.598892174683,0.009842066590532848,2.9636658838643273,0.5976950607881342,1426.5
86,1.0,0.5,2.6,0.4,6.0,7.0,14.0,0.42854519706303523,2308.2497421186354,7424.934263508456,14537.12982193149,0.012042291649955884,2.944480968052505,0.5912981434394929,1413.0
87,1.0,0.5,2.6,0.4,6.0,8.0,14.0,0.43270866734238383,2335.6888612746975,7315.926370674277,14202.743625718402,0.01291476407914764,2.9335123620646493,0.5913721756752921,1405.0
88,1.0,0.5,2.6,0.4,7.0,6.0,14.0,0.43110818645682275,2233.3140827847174,7473.0299248158735,14330.927206291792,0.01258163246919396,2.953353202582658,0.5927419671770411,1394.0
89,1.0,0.5,2.6,0.4,7.0,7.0,14.0,0.43737903288900776,2214.135258101576,7386.48046656368,14134.576819386992,0.010990966299964731,2.919817255230507,0.5923511059843845,1373.0
90,1.0,0.5,2.6,0.4,7.0,8.0,14.0,0.43613983474225154,2223.9146062405443,7294.2417962780555,14128.081518056493,0.010964854072682835,2.9600337719445644,0.5996661256750635,1373.5
91,1.0,0.7,0.6,0.4,3.0,6.0,14.0,0.3621620397765288,3744.509510284718,7369.662446861194,14416.497606520577,0.04933163616739933,2.813692697396907,0.603091367859268,1893.5
92,1.0,0.7,0.6,0.4,3.0,7.0,14.0,0.36687522221496344,3753.06634018687,7328.303372871556,14581.9462630723,0.04072933140328555,2.827640507655002,0.6006018691115648,1870.5
93,1.0,0.7,0.6,0.4,3.0,8.0,14.0,0.3724737791495984,3753.251271091414,7323.856086340851,14357.456247959242,0.04233225969010206,2.831477245045134,0.5789829562308629,1871.5
94,1.0,0.7,0.6,0.4,4.0,6.0,14.0,0.39062529728142237,3035.571638568647,7441.447723589423,14276.141485736263,0.045191555091730604,2.8434706354957706,0.5826955706235969,1643.5
95,1.0,0.7,0.6,0.4,4.0,7.0,14.0,0.3924064672316571,3034.9286864916494,7319.321490513726,14221.56301293827,0.041163682045621555,2.8444566284254016,0.6004154057295171,1621.0
96,1.0,0.7,0.6,0.4,4.0,8.0,14.0,0.3910775674626065,3024.0488940398136,7321.634255347766,14444.312775120383,0.04413207404893865,2.832138458790259,0.5900093207064645,1629.5
97,1.0,0.7,0.6,0.4,5.0,6.0,14.0,0.40274132985207145,2542.5699621120784,7460.036963435631,14275.458391446095,0.04615706522300395,2.837458334349387,0.5951029981562831,1493.0
98,1.0,0.7,0.6,0.4,5.0,7.0,14.0,0.40792440176850536,2560.5103115236807,7330.741859801334,14303.089761628155,0.0458443651433176,2.797147081823521,0.5844682646311112,1480.5
99,1.0,0.7,0.6,0.4,5.0,8.0,14.0,0.4040493281461623,2559.654085783982,7252.665689700407,14320.983524912412,0.04841235231665737,2.7989562110368578,0.6008198982145814,1475.5
100,1.0,0.7,0.6,0.4,6.0,6.0,14.0,0.4124046014597189,2327.007530532632,7464.164928062248,14266.807251898957,0.04787345145225728,2.801690293597117,0.5809144863951015,1427.0
101,1.0,0.7,0.6,0.4,6.0,7.0,14.0,0.415833909695654,2318.5946070481614,7398.214329907245,14173.923254271078,0.045737370171419864,2.84272678453844,0.5769300734001044,1413.0
102,1.0,0.7,0.6,0.4,6.0,8.0,14.0,0.4132866446918351,2327.0736068538213,7338.2389130327165,14208.693336664914,0.050194190557898526,2.7875043224340397,0.5851991033073549,1412.0
103,1.0,0.7,0.6,0.4,7.0,6.0,14.0,0.414963395309464,2224.3758234139223,7443.692034339747,14487.40611525981,0.04452117124350945,2.797715627440503,0.5868576502619222,1401.0
104,1.0,0.7,0.6,0.4,7.0,7.0,14.0,0.4171061890588164,2217.4457389810573,7334.707553575475,14147.34277531744,0.047122192665528514,2.82734715003693,0.5907524376428087,1375.0
105,1.0,0.7,0.6,0.4,7.0,8.0,14.0,0.41749426353347685,2229.3043222312817,7274.6633255536535,14158.336271060245,0.04801839883564054,2.831403606804386,0.588472275502854,1372.5
106,1.0,0.7,1.0,0.4,3.0,6.0,14.0,0.3781791222106807,3735.782522295065,7550.230426880586,14349.708741714523,0.022603056479592164,2.875096462088068,0.5913786602876587,1894.0
107,1.0,0.7,1.0,0.4,3.0,7.0,14.0,0.3748119830766195,3732.4157575672707,7341.090684711697,14547.120725926892,0.026061655650276724,2.895233825833449,0.6034050590141903,1869.0
108,1.0,0.7,1.0,0.4,3.0,8.0,14.0,0.3851248328716137,3769.541523261303,7289.8765072766455,14039.917208072842,0.022964508498666235,2.8827819228187526,0.5884099771775732,1871.5
109,1.0,0.7,1.0,0.4,4.0,6.0,14.0,0.3996422438979332,3062.967146858376,7515.479426151,14269.205823658038,0.023327255269074646,2.885892711865668,0.59293030692452,1644.5
110,1.0,0.7,1.0,0.4,4.0,7.0,14.0,0.4055868769759324,3037.5166091843644,7339.7637699048,14384.571270191587,0.023838751920797173,2.866962544665743,0.5794953863111972,1632.0
111,1.0,0.7,1.0,0.4,4.0,8.0,14.0,0.4035733021091203,3031.37241440826,7321.100614580526,14285.614295478928,0.024916324357218925,2.888589320173944,0.5898659460935558,1622.5
112,1.0,0.7,1.0,0.4,5.0,6.0,14.0,0.4193828305392517,2546.706139844359,7453.560479721553,14191.787684719653,0.020791072979139933,2.8599431826758854,0.5970716525980486,1485.0
113,1.0,0.7,1.0,0.4,5.0,7.0,14.0,0.4170181553650636,2562.34613241454,7333.746505386729,14349.888345536667,0.023678157332413005,2.8883587725813715,0.5959733998763934,1477.0
114,1.0,0.7,1.0,0.4,5.0,8.0,14.0,0.4201884560035422,2557.1331980512437,7304.238085369787,14070.547750982008,0.025679025825139208,2.8841675586427717,0.5915071909123666,1477.5
115,1.0,0.7,1.0,0.4,6.0,6.0,14.0,0.42298254631221227,2342.238313545868,7508.794299432693,14430.531734578966,0.023012435828312902,2.848445499367441,0.5890455631036924,1431.5
116,1.0,0.7,1.0,0.4,6.0,7.0,14.0,0.424823861592546,2326.2037526772683,7390.923090558521,14262.675642162936,0.02339246899230025,2.8860379515252603,0.5944176554197348,1417.0
117,1.0,0.7,1.0,0.4,6.0,8.0,14.0,0.421591414418482,2320.6871772034556,7380.616627412078,14527.140977836621,0.024694389665667844,2.88440997236542,0.5953032172857748,1412.0
118,1.0,0.7,1.0,0.4,7.0,6.0,14.0,0.4285919795392014,2216.3813574751794,7529.450353135705,14095.869109509571,0.02497983203441726,2.8451918022956444,0.5891994417625793,1397.5
119,1.0,0.7,1.0,0.4,7.0,7.0,14.0,0.42689942902835337,2214.655045901247,7392.372273654195,14441.882175409297,0.023821004102694242,2.8674237049804376,0.5940182731993384,1376.0
120,1.0,0.7,1.0,0.4,7.0,8.0,14.0,0.4276770933273972,2206.1003826218057,7358.757424379918,14467.08474706428,0.025067193474814106,2.8705705613243753,0.5889413808259989,1374.5
121,1.0,0.7,1.4,0.4,3.0,6.0,14.0,0.3837693934511033,3776.207760328971,7524.488925811309,14247.519544480883,0.014381058318766885,2.913647102654632,0.5863436321871301,1890.0
122,1.0,0.7,1.4,0.4,3.0,7.0,14.0,0.3837312102138961,3745.600049902898,7391.832911688276,14253.190834184723,0.015644600736216506,2.91913959692485,0.5978437271921774,1872.5
123,1.0,0.7,1.4,0.4,3.0,8.0,14.0,0.3821377295514332,3750.7562143206515,7318.511043526247,14616.992586247914,0.015583188730078999,2.922179623782168,0.5938737912140246,1873.5
124,1.0,0.7,1.4,0.4,4.0,6.0,14.0,0.40612659211524754,3050.2623357222046,7471.746502565242,14173.155045362168,0.012756770025551476,2.9039505334719817,0.6033764144121804,1640.5
125,1.0,0.7,1.4,0.4,4.0,7.0,14.0,0.40344244837646265,3028.6184526951456,7437.015336026576,14636.722983331343,0.015868528406023156,2.910211420268202,0.5899475193696628,1634.0
126,1.0,0.7,1.4,0.4,4.0,8.0,14.0,0.4077861069520188,3032.7450273568074,7373.765486978119,14508.135834294306,0.011978301857586308,2.9602544862295606,0.5854481633037181,1628.5
127,1.0,0.7,1.4,0.4,5.0,6.0,14.0,0.4213270896790667,2559.6558900547607,7463.982088909266,14134.678682011952,0.014646736363251318,2.9076291166610644,0.6003952475563736,1490.5
128,1.0,0.7,1.4,0.4,5.0,7.0,14.0,0.42170100117826514,2561.474079994562,7406.324471240365,14093.319980950357,0.014475346853213254,2.935502129236162,0.6019640294737769,1481.0
129,1.0,0.7,1.4,0.4,5.0,8.0,14.0,0.4233273016100579,2537.5371052225137,7334.470666885951,14549.905206032454,0.01109212276918842,2.9401251274854254,0.5928374457144355,1477.5
130,1.0,0.7,1.4,0.4,6.0,6.0,14.0,0.4308982747451742,2341.144803263883,7452.981427943029,14248.282976415638,0.015063924023180592,2.87919111777817,0.5857956876374143,1433.0
131,1.0,0.7,1.4,0.4,6.0,7.0,14.0,0.434328637440379,2328.8757724437532,7297.822221368791,14631.694784230061,0.010327994961855057,2.9146596202418698,0.5770189408239188,1407.5
132,1.0,0.7,1.4,0.4,6.0,8.0,14.0,0.4310354548807362,2333.754771875525,7344.976597091188,14592.660651704773,0.011730121496451341,2.9232834456818453,0.584016384682142,1413.5
133,1.0,0.7,1.4,0.4,7.0,6.0,14.0,0.429408262437927,2234.028896279854,7541.670180741585,14352.607550594112,0.01427187256021423,2.908427248340325,0.5946813236841766,1403.0
134,1.0,0.7,1.4,0.4,7.0,7.0,14.0,0.4299829081907691,2227.7643923022906,7408.691883402084,14624.978534296806,0.01842707679084989,2.8885415245723234,0.5814156087599378,1392.0
135,1.0,0.7,1.4,0.4,7.0,8.0,14.0,0.43316863321633464,2225.0293289776782,7296.812867873172,14383.124520600948,0.014175139593868513,2.936645159870994,0.5945973862456065,1378.5
136,1.0,0.7,1.8,0.4,3.0,6.0,14.0,0.3793579267993106,3804.2159858579707,7439.173847081847,14515.051445035875,0.012873518011648037,2.941484323241264,0.599132224673827,1889.0
137,1.0,0.7,1.8,0.4,3.0,7.0,14.0,0.3808320514285192,3761.0113145901632,7386.9019181134445,14554.136927508987,0.014525746565917486,2.9424367312705986,0.5959617734678833,1878.0
138,1.0,0.7,1.8,0.4,3.0,8.0,14.0,0.387734877251614,3741.5640732614365,7312.043834819627,14434.037524143157,0.013259015820174778,2.9452523757354294,0.5817207341105703,1866.0
139,1.0,0.7,1.8,0.4,4.0,6.0,14.0,0.40517686038822626,3051.3288930688555,7473.71599628144,14652.235234893036,0.011535532699527472,2.921340240782614,0.5864778362517904,1646.0
140,1.0,0.7,1.8,0.4,4.0,7.0,14.0,0.4104989872096801,3028.7074246594834,7366.746462728492,14238.245076057317,0.011328142811545303,2.9462272650086208,0.5904448400545976,1623.5
141,1.0,0.7,1.8,0.4,4.0,8.0,14.0,0.4089192738146654,3033.2327406423296,7363.350647346601,14296.509400432502,0.011014588539214621,2.9179896458455383,0.5999417167507395,1629.5
142,1.0,0.7,1.8,0.4,5.0,6.0,14.0,0.42113409903791754,2551.0815386549366,7463.979146716115,14494.693698652118,0.012424512424512424,2.9287878071508233,0.5897626692808888,1498.5
143,1.0,0.7,1.8,0.4,5.0,7.0,14.0,0.4288526386577047,2533.449773746333,7468.392130681203,13961.540209312512,0.010240456818444375,2.921707192356028,0.5880728826489366,1478.0
144,1.0,0.7,1.8,0.4,5.0,8.0,14.0,0.41825315266356866,2561.0039858497084,7370.626981384065,14521.872068308181,0.012522276492524999,2.9356833358192076,0.6078145516078881,1478.5
145,1.0,0.7,1.8,0.4,6.0,6.0,14.0,0.42769009389402113,2305.5542246404757,7595.168630953851,14197.190776352094,0.011896305607116932,2.8970330679284575,0.6039201237806326,1433.5
146,1.0,0.7,1.8,0.4,6.0,7.0,14.0,0.4257389913800636,2335.517446591796,7363.7378341828025,14685.137730961782,0.009929844847738541,2.894963577263013,0.612960398069014,1414.0
147,1.0,0.7,1.8,0.4,6.0,8.0,14.0,0.43277229326309746,2313.6327420749876,7335.32831784506,14200.057868291606,0.012881621204113989,2.9368198508007306,0.5924313266631828,1403.5
148,1.0,0.7,1.8,0.4,7.0,6.0,14.0,0.43214125345282334,2214.956939537504,7512.371169224618,14352.368770501856,0.010768403618925199,2.9421939356443265,0.5934446341656828,1394.0
149,1.0,0.7,1.8,0.4,7.0,7.0,14.0,0.4375397988608351,2201.448076901973,7411.942817015508,14181.748497524004,0.01223250990308078,2.94543566392818,0.5813785996201557,1368.5
150,1.0,0.7,1.8,0.4,7.0,8.0,14.0,0.4406118207492247,2212.86723796539,7307.574591675714,14091.504443037811,0.008841677214107346,2.929396780580487,0.5915751358777059,1369.0
151,1.0,0.7,2.2,0.4,3.0,6.0,14.0,0.3830903672402665,3746.7972342377907,7544.1220544879325,14541.439959529736,0.00997582671512541,2.9309221133950274,0.5900944492096556,1889.5
152,1.0,0.7,2.2,0.4,3.0,7.0,14.0,0.38447201677756443,3726.0606888280527,7422.682954141916,14229.515301767286,0.013436935874057308,2.9404691248750385,0.5996265620508727,1870.5
153,1.0,0.7,2.2,0.4,3.0,8.0,14.0,0.383872029234136,3746.1647056222446,7357.890587817899,14531.032075148913,0.014591136124333659,2.9468388819123144,0.5864388244159975,1875.5
154,1.0,0.7,2.2,0.4,4.0,6.0,14.0,0.404101257899167,3033.1367757378703,7514.29422326231,14622.965926407916,0.01064918120560543,2.9565163765089633,0.5899682964211106,1650.0
155,1.0,0.7,2.2,0.4,4.0,7.0,14.0,0.4120179393731907,3034.0562535246318,7340.922270469601,14240.135079928923,0.009867201507278087,2.9479525342899757,0.5889815868061506,1623.5
156,1.0,0.7,2.2,0.4,4.0,8.0,14.0,0.41150014852480893,3043.898677696593,7317.336351388088,14290.263101042667,0.014515662749335308,2.9177503883789173,0.5791584106863006,1624.5
157,1.0,0.7,2.2,0.4,5.0,6.0,14.0,0.4238426747722887,2543.8594247382634,7425.983100431156,14247.163942441308,0.011809175765517559,2.925843667788916,0.5952671902568665,1488.0
158,1.0,0.7,2.2,0.4,5.0,7.0,14.0,0.42456773586983737,2542.211988559224,7371.333685018684,14349.239793757548,0.013532691494634944,2.92338129521038,0.586926240119344,1482.5
159,1.0,0.7,2.2,0.4,5.0,8.0,14.0,0.4293542310093732,2563.960431301974,7279.614912139232,14265.54138086435,0.010597246191244965,2.945937152813211,0.5789309678918998,1469.0
160,1.0,0.7,2.2,0.4,6.0,6.0,14.0,0.4281768688413923,2345.3713029384553,7441.846805019379,14568.28024126849,0.010854444406560061,2.928428405643042,0.5905879597105883,1433.5
161,1.0,0.7,2.2,0.4,6.0,7.0,14.0,0.432336252568233,2326.4544147395854,7425.809305985144,14344.423701874508,0.011429831215197226,2.9552533653484456,0.5797649031370712,1410.0
162,1.0,0.7,2.2,0.4,6.0,8.0,14.0,0.42887506074177223,2347.2939220249655,7401.741181200571,14338.42239346774,0.01072418550727541,2.958650885075767,0.5974275475860455,1414.0
163,1.0,0.7,2.2,0.4,7.0,6.0,14.0,0.43382051757969187,2229.404509102757,7547.3632031607685,14222.400131487451,0.011176766406839327,2.9434275361999442,0.584726179798379,1396.5
164,1.0,0.7,2.2,0.4,7.0,7.0,14.0,0.43239132485054427,2213.0380498911227,7345.807028803629,14600.564853525357,0.011697037737085688,2.9438350282972854,0.5924537498902115,1376.0
165,1.0,0.7,2.2,0.4,7.0,8.0,14.0,0.4383832501516831,2196.4107660561485,7353.213925990809,14294.326313785643,0.013549986462704753,2.9349611211427655,0.5752933867753436,1376.0
166,1.0,0.7,2.6,0.4,3.0,6.0,14.0,0.38370683487052676,3748.45545387141,7516.450414967079,14312.038841145346,0.012588476466101315,2.9554115242292784,0.588281188854303,1889.5
167,1.0,0.7,2.6,0.4,3.0,7.0,14.0,0.38302337123984403,3785.35027131856,7433.15160353801,14479.847817555568,0.012716888795978026,2.943074560626889,0.5868517349352733,1872.5
168,1.0,0.7,2.6,0.4,3.0,8.0,14.0,0.3848202202355226,3742.6853822289136,7352.306807676177,14450.641784288646,0.012379815128399606,2.958170098663443,0.5921495789593978,1870.5
169,1.0,0.7,2.6,0.4,4.0,6.0,14.0,0.40475210390703104,3025.0223159258358,7467.835433879293,14433.830306677166,0.011213348882628996,2.9264991186956655,0.6035820727464877,1644.0
170,1.0,0.7,2.6,0.4,4.0,7.0,14.0,0.4108666738572728,3038.787365331455,7408.715166916023,14039.43208027058,0.011299444675924345,2.9737727229186435,0.5889405664863794,1624.5
171,1.0,0.7,2.6,0.4,4.0,8.0,14.0,0.40698189800312995,3035.9969812622494,7308.402256433185,14480.690555948284,0.014390276569936671,2.951996372973373,0.5893805241249024,1629.0
172,1.0,0.7,2.6,0.4,5.0,6.0,14.0,0.4141569135241161,2543.046701577937,7516.884432694592,14495.981930601949,0.0133718930248558,2.951965166504263,0.6133599813193913,1500.5
173,1.0,0.7,2.6,0.4,5.0,7.0,14.0,0.42068164826920196,2545.6424900290067,7398.895244327547,14446.059955194149,0.010547915533721069,2.932090713467159,0.6063625702524542,1474.5
174,1.0,0.7,2.6,0.4,5.0,8.0,14.0,0.42127093541417054,2535.2762505221667,7338.377589052,14381.037465286838,0.01195013514992567,2.947143086372023,0.6069004946091952,1473.0
175,1.0,0.7,2.6,0.4,6.0,6.0,14.0,0.4259661483790449,2326.912416826127,7429.49054758124,14717.122285452555,0.011266587316420582,2.943454208942547,0.5946142667536397,1426.5
176,1.0,0.7,2.6,0.4,6.0,7.0,14.0,0.43068367367205135,2308.719326934821,7403.680550387325,14406.961543171754,0.012776039807156001,2.9671481926121963,0.5833911909524876,1416.0
177,1.0,0.7,2.6,0.4,6.0,8.0,14.0,0.43498309296807275,2317.67617437828,7270.287842115463,14326.752162567984,0.012142773424804628,2.9717872058783734,0.5783974263130309,1399.0
178,1.0,0.7,2.6,0.4,7.0,6.0,14.0,0.4324870255235898,2214.920508056657,7512.85584816994,14333.359967847562,0.013267220584293755,2.924141940643847,0.5872245187736089,1400.0
179,1.0,0.7,2.6,0.4,7.0,7.0,14.0,0.4344696766886,2197.2596722693743,7354.225225223299,14148.245136322315,0.013245988456242877,2.9572978468066795,0.5985167505088933,1369.0
180,1.0,0.7,2.6,0.4,7.0,8.0,14.0,0.4325710488794952,2201.2828522721434,7405.364711513958,14233.13455726529,0.011396586326312257,2.9806921908698136,0.6010584008088549,1377.5
181,1.0,0.9,0.6,0.4,3.0,6.0,14.0,0.3652632348712483,3790.2974854626727,7435.667362318153,14466.706140660332,0.03966398679643589,2.832117925943402,0.6013686832614367,1889.5
182,1.0,0.9,0.6,0.4,3.0,7.0,14.0,0.370560177046412,3736.159752286768,7407.276517050922,14216.708228988786,0.04183128420608024,2.8359251873949907,0.5909240862247691,1876.0
183,1.0,0.9,0.6,0.4,3.0,8.0,14.0,0.37398246933652257,3751.5536354885007,7264.285708792279,14095.97100983095,0.03941933235212412,2.8255419316180745,0.5997670919643758,1866.5
184,1.0,0.9,0.6,0.4,4.0,6.0,14.0,0.38847927864277115,3015.8768833176173,7420.304636396956,14571.812129251219,0.04013411552013578,2.8223070219795803,0.6031419062153414,1647.5
185,1.0,0.9,0.6,0.4,4.0,7.0,14.0,0.39297874150826034,3011.5451711087553,7346.53695204583,14488.487848440389,0.03921912091386921,2.820645514258252,0.5958419389235016,1625.0
186,1.0,0.9,0.6,0.4,4.0,8.0,14.0,0.39509334287542525,3015.1957804341137,7307.38511305913,14256.739651387152,0.04178737227427547,2.8365107834102483,0.5890419065901027,1626.0
187,1.0,0.9,0.6,0.4,5.0,6.0,14.0,0.4077326961537813,2551.191383534543,7449.764441476385,14241.025774254404,0.04247120573348232,2.838629442097224,0.584004014057028,1491.5
188,1.0,0.9,0.6,0.4,5.0,7.0,14.0,0.4030076323027034,2582.195389312411,7387.687101803165,14283.56437010639,0.04635250484060105,2.795605257845809,0.5992467949799474,1484.0
189,1.0,0.9,0.6,0.4,5.0,8.0,14.0,0.4067958190546861,2536.146798293513,7315.8660986497525,14366.631837824896,0.04463962987059929,2.807143612787632,0.594322124638801,1484.0
190,1.0,0.9,0.6,0.4,6.0,6.0,14.0,0.414882849610044,2319.51994205365,7421.4453745037135,14016.488213077566,0.04375324849191224,2.785877818453363,0.6011696849253404,1426.0
191,1.0,0.9,0.6,0.4,6.0,7.0,14.0,0.41680805267110377,2308.302747860057,7307.644427307801,14310.225547292597,0.04443628940238916,2.799055969276062,0.5858462541076908,1413.5
192,1.0,0.9,0.6,0.4,6.0,8.0,14.0,0.4211431173389341,2364.1140412537407,7192.21595886005,14236.427719154919,0.041731500462359024,2.8235469090187113,0.575503363737701,1408.0
193,1.0,0.9,0.6,0.4,7.0,6.0,14.0,0.4113660950748155,2247.3012802724015,7442.640091234051,14614.462664951936,0.04441691859814131,2.828001555265372,0.5907856667209355,1415.0
194,1.0,0.9,0.6,0.4,7.0,7.0,14.0,0.4186802808036179,2200.2413868149083,7322.763212747219,14449.660137430403,0.041298242156875206,2.8090934146430455,0.5938730185173088,1374.5
195,1.0,0.9,0.6,0.4,7.0,8.0,14.0,0.4195950412980369,2208.3973300095836,7299.225741745504,14078.182740674582,0.042003292711904686,2.8385490344718423,0.6013604838166361,1374.0
196,1.0,0.9,1.0,0.4,3.0,6.0,14.0,0.3854589482903488,3756.5355858365742,7411.859997489936,14222.92644177679,0.018179818128483426,2.899342372572423,0.5822594380410127,1884.0
197,1.0,0.9,1.0,0.4,3.0,7.0,14.0,0.38106940249983806,3740.793548032784,7405.724026336356,14276.662502070505,0.023002809431846766,2.8720185142549597,0.5921919145249648,1877.0
198,1.0,0.9,1.0,0.4,3.0,8.0,14.0,0.3756169937332005,3750.249317620183,7349.991375552572,14598.68468756352,0.022322910131565787,2.916211958666123,0.602598547392005,1877.5
199,1.0,0.9,1.0,0.4,4.0,6.0,14.0,0.4082915666819717,3032.4653480830157,7478.546279662876,13910.365269444916,0.020581434326294994,2.8907776698702414,0.5842759392030986,1643.0
200,1.0,0.9,1.0,0.4,4.0,7.0,14.0,0.4050969740932822,3032.0853769494333,7380.000042848533,14344.296050136072,0.019908547710271847,2.900372590236974,0.5887892654860033,1623.0
201,1.0,0.9,1.0,0.4,4.0,8.0,14.0,0.40536926170057713,3028.8437103714873,7311.845988507978,14332.381972063333,0.020023229853185068,2.8913081880544844,0.5955183255350179,1631.0
202,1.0,0.9,1.0,0.4,5.0,6.0,14.0,0.41773817379647554,2546.529981111633,7528.868776203924,14403.631250124989,0.01949774160536228,2.8683606375651003,0.5912655820425687,1497.5
203,1.0,0.9,1.0,0.4,5.0,7.0,14.0,0.4208132602137979,2524.779734471409,7476.390826075294,14170.611060036455,0.024255654599478503,2.8622030524778346,0.5810729194496205,1476.0
204,1.0,0.9,1.0,0.4,5.0,8.0,14.0,0.4220708965521724,2564.2999497877345,7370.135661633352,14035.458076773699,0.020937133296929276,2.8700786829717115,0.5943701714983671,1468.0
205,1.0,0.9,1.0,0.4,6.0,6.0,14.0,0.42017351845346873,2332.0582227632694,7541.475700162013,14460.47321055354,0.023147576054804254,2.8762035499962035,0.5953536057411399,1440.0
206,1.0,0.9,1.0,0.4,6.0,7.0,14.0,0.428751867391626,2335.733190978067,7312.143870654798,14283.135877913806,0.020850266911168543,2.907167613040122,0.5852811080901731,1406.0
207,1.0,0.9,1.0,0.4,6.0,8.0,14.0,0.43021414113574624,2317.235291612298,7370.1214240144345,14279.610442963316,0.019740001372024422,2.8750018422908727,0.5842146322265818,1409.0
208,1.0,0.9,1.0,0.4,7.0,6.0,14.0,0.42601351739857946,2225.7783627809577,7497.910550650749,14185.274150486584,0.025009712108312737,2.8762788372269315,0.5942172648683892,1392.0
209,1.0,0.9,1.0,0.4,7.0,7.0,14.0,0.42751296010158196,2211.5546599765303,7435.035092869786,14255.844799985645,0.022300618946329162,2.8872038001611813,0.5985432608693304,1382.0
210,1.0,0.9,1.0,0.4,7.0,8.0,14.0,0.4308405168050429,2225.3550806091116,7324.020036302205,14411.720860145584,0.02205649335558701,2.8978980487038077,0.5822740194523572,1377.0
211,1.0,0.9,1.4,0.4,3.0,6.0,14.0,0.38048319244905504,3743.2522532650564,7556.294589942276,14623.341355160848,0.014150880425060408,2.9311183439518187,0.5848195883912625,1897.5
212,1.0,0.9,1.4,0.4,3.0,7.0,14.0,0.3835862502186837,3737.4053173907614,7421.856299537651,14348.430452248896,0.015908156794254506,2.919127987579539,0.5917841450518244,1876.0
213,1.0,0.9,1.4,0.4,3.0,8.0,14.0,0.38816794680923977,3737.5575909726826,7300.050743832814,14080.616677742646,0.015200328799087847,2.9311472409430035,0.5937471917756292,1864.0
214,1.0,0.9,1.4,0.4,4.0,6.0,14.0,0.40763945578454125,3032.8403357053985,7487.485143422331,14407.876163499779,0.010872808833014065,2.913716299321239,0.5909332810847754,1644.5
215,1.0,0.9,1.4,0.4,4.0,7.0,14.0,0.4079232221211795,3037.6356992791593,7365.925705871913,14235.855055488897,0.013270143974794944,2.930419266734839,0.597690157852339,1626.0
216,1.0,0.9,1.4,0.4,4.0,8.0,14.0,0.4112624625790322,3033.5927054277395,7340.776834858951,14397.668238444247,0.009153424455618987,2.954262930157155,0.5866600488868292,1628.0
217,1.0,0.9,1.4,0.4,5.0,6.0,14.0,0.4221112763924655,2549.3876564214934,7504.090485020017,14098.238927284692,0.013038905428946767,2.9102265612214318,0.601104690092827,1497.5
218,1.0,0.9,1.4,0.4,5.0,7.0,14.0,0.4211495900298045,2573.6123230603857,7400.155702903459,14469.316180941962,0.013568272345367607,2.9117530219442855,0.5919283795321884,1485.5
219,1.0,0.9,1.4,0.4,5.0,8.0,14.0,0.4218199134656398,2535.0121056531543,7279.836298324303,14515.588630662798,0.012609816680466106,2.92819998035708,0.6037722987299746,1470.5
220,1.0,0.9,1.4,0.4,6.0,6.0,14.0,0.4259632817313857,2299.1576459829703,7512.957687484479,14527.06374225071,0.011636985062181911,2.8956749376923505,0.6059823935471792,1426.5
221,1.0,0.9,1.4,0.4,6.0,7.0,14.0,0.4315916628168965,2328.801155754153,7378.699389889636,14208.131744596783,0.010051712992889462,2.94077605090487,0.600064162237111,1408.0
222,1.0,0.9,1.4,0.4,6.0,8.0,14.0,0.42665988391218906,2313.7622797508984,7279.849234489466,14505.74856897505,0.01504692952061373,2.9221695281663465,0.6074612846494943,1405.5
223,1.0,0.9,1.4,0.4,7.0,6.0,14.0,0.43174364312126184,2240.0390474888923,7526.428128672384,14160.043009025572,0.009654785652644868,2.916262626643249,0.6066363519680182,1398.0
224,1.0,0.9,1.4,0.4,7.0,7.0,14.0,0.4361053419212211,2225.164430486634,7417.618520037167,14251.39884818893,0.010946954998793956,2.92761306637475,0.58756185653666,1381.5
225,1.0,0.9,1.4,0.4,7.0,8.0,14.0,0.43873992675223966,2231.4751865840817,7234.899165861241,14273.50416581717,0.009574888391607497,2.889508182754037,0.5989989204654854,1370.0
226,1.0,0.9,1.8,0.4,3.0,6.0,14.0,0.3795658771089927,3741.419582957084,7545.917224809396,14430.530487711549,0.013861283932706525,2.9451899070873635,0.5984117020165702,1894.5
227,1.0,0.9,1.8,0.4,3.0,7.0,14.0,0.3832288642849742,3748.6191840478164,7380.29390851646,14447.371914452266,0.01239399281917974,2.955110533116465,0.5969502654355598,1872.0
228,1.0,0.9,1.8,0.4,3.0,8.0,14.0,0.3829610102573868,3748.58708502056,7386.50159438106,14336.936844833388,0.011285971287373858,2.955657871175825,0.606353437808188,1871.0
229,1.0,0.9,1.8,0.4,4.0,6.0,14.0,0.41075906293040165,3023.177132177919,7482.918146726071,14331.485502190611,0.00917662479844791,2.927537948229939,0.5848718410931831,1639.5
230,1.0,0.9,1.8,0.4,4.0,7.0,14.0,0.4063832865552878,3044.2299849380524,7419.678095709891,14366.362767882783,0.01236719881160565,2.950534064878143,0.5931828370112925,1632.5
231,1.0,0.9,1.8,0.4,4.0,8.0,14.0,0.4092578538882472,3040.444576192954,7319.5407628178655,14612.092274573915,0.010688721076287475,2.951979487041048,0.5824582909035024,1627.0
232,1.0,0.9,1.8,0.4,5.0,6.0,14.0,0.4226797978968401,2551.0060267779545,7463.871752001422,14230.042728325985,0.011131759333904482,2.919431540712001,0.60029184166476,1489.5
233,1.0,0.9,1.8,0.4,5.0,7.0,14.0,0.4244094430837065,2559.1042178301814,7391.087484124693,14488.336250480883,0.010883663810351727,2.932873632177544,0.583955506623941,1475.5
234,1.0,0.9,1.8,0.4,5.0,8.0,14.0,0.42460145605754823,2570.353629483302,7305.011979650235,14387.157989898813,0.011960436488738376,2.9335888980794076,0.5902004523980986,1476.0
235,1.0,0.9,1.8,0.4,6.0,6.0,14.0,0.4277788998407714,2310.767168154156,7489.22850894115,14562.54947928843,0.01128233203978337,2.9080895409692227,0.5953157641127731,1432.0
236,1.0,0.9,1.8,0.4,6.0,7.0,14.0,0.42966038021141023,2334.0716337338354,7398.586662249995,14610.9687005528,0.011693576466608967,2.913147242019978,0.5865069937147923,1418.5
237,1.0,0.9,1.8,0.4,6.0,8.0,14.0,0.43675828596029564,2304.744814228214,7283.232246049813,14296.388109927502,0.01324479701429293,2.9235815758451245,0.5754667293708478,1402.0
238,1.0,0.9,1.8,0.4,7.0,6.0,14.0,0.43132890657636364,2214.108590920704,7493.174199576029,14387.314889959689,0.015846581262540516,2.8847558874511443,0.5894890928241857,1394.5
239,1.0,0.9,1.8,0.4,7.0,7.0,14.0,0.4328409018365846,2207.683677607787,7505.924128973489,14060.307107589684,0.011650688878411652,2.9730954299533483,0.5982635092628197,1382.0
240,1.0,0.9,1.8,0.4,7.0,8.0,14.0,0.43362947498617194,2196.2934655013282,7372.577338480454,14531.85409514252,0.011059403201146248,2.930827827559457,0.5937905800953018,1373.0
241,1.0,0.9,2.2,0.4,3.0,6.0,14.0,0.38478280588637476,3732.2460625994236,7453.354369131776,14457.278201906156,0.013164906395506284,2.923937292943794,0.5869887154885771,1885.0
242,1.0,0.9,2.2,0.4,3.0,7.0,14.0,0.3772777723308278,3741.0820074789126,7460.011460463569,14683.425281393716,0.013157835206399189,2.9699054509369907,0.6039009401610401,1882.0
243,1.0,0.9,2.2,0.4,3.0,8.0,14.0,0.3855136567475119,3747.8223487165583,7335.938210114953,14086.83353648421,0.013551904286682431,2.9552697507380055,0.6032847172271774,1871.5
244,1.0,0.9,2.2,0.4,4.0,6.0,14.0,0.39940119045878664,3086.852036318502,7473.701739263425,14355.364301660447,0.011776402964142427,2.9525790407232853,0.6175772616222778,1648.0
245,1.0,0.9,2.2,0.4,4.0,7.0,14.0,0.40730155461369805,3033.0587674548087,7335.491318916505,14484.473862271087,0.010104057420967181,2.9359146077900995,0.6017170180582078,1622.0
246,1.0,0.9,2.2,0.4,4.0,8.0,14.0,0.41072769931111824,3038.946097232335,7292.147924773744,13974.46565188275,0.013571935203404568,2.959438471204738,0.5977782416563282,1620.5
247,1.0,0.9,2.2,0.4,5.0,6.0,14.0,0.41915830578757074,2540.66335441954,7517.572834000648,14409.172200825094,0.010956970188205324,2.9523372231363956,0.6014116236261187,1499.5
248,1.0,0.9,2.2,0.4,5.0,7.0,14.0,0.4231538361179316,2539.517167537275,7413.939107287266,14103.427575407015,0.013200761786912346,2.9377541553290305,0.6009091188578779,1475.0
249,1.0,0.9,2.2,0.4,5.0,8.0,14.0,0.4185690213673898,2546.036675501884,7400.521450076506,14726.842336366106,0.012569210149705448,2.935680364688221,0.5961048894508194,1477.0
250,1.0,0.9,2.2,0.4,6.0,6.0,14.0,0.42484384992539503,2344.2236985971977,7547.069180346894,14438.658547590563,0.010102437027884506,2.9218565628005573,0.6068516764869749,1438.5
251,1.0,0.9,2.2,0.4,6.0,7.0,14.0,0.4284997002568021,2323.859746936069,7376.693963428945,14495.282273747549,0.011013965505870103,2.914122754899036,0.6030451552804461,1410.0
252,1.0,0.9,2.2,0.4,6.0,8.0,14.0,0.42760429120384297,2331.821904399172,7346.671187409345,14651.98417814832,0.008329932946399752,2.9332553428390513,0.607291444923435,1404.5
253,1.0,0.9,2.2,0.4,7.0,6.0,14.0,0.4349005227797366,2216.413180064056,7496.947415352915,14267.627417967175,0.01111701574374169,2.915495520272199,0.5880376607438857,1394.5
254,1.0,0.9,2.2,0.4,7.0,7.0,14.0,0.43486756317898273,2224.3302023999236,7430.342350652053,14177.665748669759,0.012691693090264123,2.9729950109237886,0.5839016046445393,1383.5
255,1.0,0.9,2.2,0.4,7.0,8.0,14.0,0.43815113739581174,2202.4022998127757,7287.810162033336,14485.588565019832,0.011009049362912745,2.9282065491247913,0.5814121745074039,1361.0
256,1.0,0.9,2.6,0.4,3.0,6.0,14.0,0.37952485093790367,3750.0401283673364,7488.357826481864,14721.384411275276,0.012335248018523466,2.947846022607022,0.5932404305880242,1897.0
257,1.0,0.9,2.6,0.4,3.0,7.0,14.0,0.381975724130924,3734.856551309179,7424.7738994954025,14479.131044848586,0.013949851555551004,2.9712539698371643,0.5923094392107113,1876.5
258,1.0,0.9,2.6,0.4,3.0,8.0,14.0,0.3853363091153689,3728.782261910883,7314.038355749193,14534.14256712721,0.014095421750457308,2.9534675464544122,0.5864249800843375,1867.0
259,1.0,0.9,2.6,0.4,4.0,6.0,14.0,0.4041030215810373,3042.005006645166,7435.939676926857,14443.679964142684,0.013044960895511323,2.9606468817882297,0.5957664976887068,1643.5
260,1.0,0.9,2.6,0.4,4.0,7.0,14.0,0.4088037182084758,3038.677272770819,7267.920225475737,14386.055695281324,0.012296065213142273,2.9518250424856207,0.5950089749213987,1616.5
261,1.0,0.9,2.6,0.4,4.0,8.0,14.0,0.4111104003676475,3025.8073330456273,7347.27018585585,14282.900298972705,0.012278607893488312,2.934695254074734,0.5861835508011719,1625.0
262,1.0,0.9,2.6,0.4,5.0,6.0,14.0,0.4190414624799257,2553.5430289799506,7461.281964266773,14568.843642451262,0.013042339765540024,2.960597242772717,0.5896648669007765,1495.5
263,1.0,0.9,2.6,0.4,5.0,7.0,14.0,0.42522552059405744,2569.171341745262,7336.8452433396105,14355.948722021749,0.011585702202772772,2.9419063928584555,0.58603338531503,1476.0
264,1.0,0.9,2.6,0.4,5.0,8.0,14.0,0.4251810874666518,2546.4517372710225,7299.646189372173,14382.396927782906,0.012557133912681054,2.9160046476967234,0.5923296675512517,1467.5
265,1.0,0.9,2.6,0.4,6.0,6.0,14.0,0.42794554024665094,2341.8235931829677,7533.623224414549,14373.969214333687,0.00981152136091243,2.9649019736703472,0.5913468287326582,1439.0
266,1.0,0.9,2.6,0.4,6.0,7.0,14.0,0.431686001848377,2334.146413592034,7398.305789254876,14237.597137383282,0.014185369714799799,2.9332982100058986,0.583515667215651,1420.5
267,1.0,0.9,2.6,0.4,6.0,8.0,14.0,0.4267708732545286,2312.6326238451525,7359.3183750481585,14592.244680266995,0.013591286607595548,2.9651387706085965,0.5944843151783825,1411.0
268,1.0,0.9,2.6,0.4,7.0,6.0,14.0,0.4338599723773542,2215.2480791383473,7520.395880870221,14209.943573467113,0.01357833697061514,2.9337377937291125,0.5833561257875697,1402.0
269,1.0,0.9,2.6,0.4,7.0,7.0,14.0,0.42944841117235416,2201.3744725303654,7495.406200985348,14587.671251185151,0.011181006640969288,2.962890944812014,0.5945783548075164,1388.5
270,1.0,0.9,2.6,0.4,7.0,8.0,14.0,0.43076209591791287,2217.6049713867033,7362.752391354594,14382.637738023728,0.010868539060656124,2.9656917122860067,0.6078626536853047,1381.5
271,1.0,1.1,0.6,0.4,3.0,6.0,14.0,0.37045800306083576,3779.0284397079613,7386.562104931994,14146.57077244124,0.03519046324985529,2.8453643652959104,0.6099878164261963,1882.0
272,1.0,1.1,0.6,0.4,3.0,7.0,14.0,0.37303934269179617,3732.648717328686,7373.463695359505,14427.109313128112,0.03556234945340004,2.862957728515598,0.5888572149491245,1874.5
273,1.0,1.1,0.6,0.4,3.0,8.0,14.0,0.376158091197957,3743.2549191609087,7379.252767900008,14057.860751001606,0.03193692429866929,2.8579840172914945,0.6014599953617219,1870.0
274,1.0,1.1,0.6,0.4,4.0,6.0,14.0,0.39640022351530074,3015.0311489080323,7410.20748676497,14111.129591519762,0.03393104063517552,2.864716821392264,0.6016170283678384,1641.0
275,1.0,1.1,0.6,0.4,4.0,7.0,14.0,0.3950077852504148,3034.690871935606,7368.756865053742,14354.658934700976,0.03546683138664271,2.860390637067387,0.5932610179267349,1635.5
276,1.0,1.1,0.6,0.4,4.0,8.0,14.0,0.40422449137737154,3031.6251473850953,7216.9799833321895,13948.04914362113,0.033629727808832284,2.849329052465846,0.5895683939925402,1614.5
277,1.0,1.1,0.6,0.4,5.0,6.0,14.0,0.41435738014109064,2550.4959773906508,7511.472767173817,14015.562889170662,0.036177888585091175,2.8464699273100265,0.5764538770569458,1497.5
278,1.0,1.1,0.6,0.4,5.0,7.0,14.0,0.41688382477544045,2554.043866174826,7361.74808553929,14027.347108801032,0.035672715772074697,2.827551535511954,0.5808649019086455,1473.0
279,1.0,1.1,0.6,0.4,5.0,8.0,14.0,0.41140199525872695,2574.7739326729466,7291.488502933234,14476.019923447016,0.03472659878690734,2.854044908917576,0.5884227050955853,1483.0
280,1.0,1.1,0.6,0.4,6.0,6.0,14.0,0.4169309293496431,2306.9185134535287,7493.6193562654325,14148.069238398815,0.038646934149715935,2.801664503890842,0.5947184564278193,1428.5
281,1.0,1.1,0.6,0.4,6.0,7.0,14.0,0.4188319461506036,2311.2933056500065,7352.153631400211,14329.058111609636,0.03909973751050383,2.845526945707591,0.5812758035740035,1415.0
282,1.0,1.1,0.6,0.4,6.0,8.0,14.0,0.4281524970919608,2334.548868530515,7252.62030229673,13896.632333003614,0.03706498275062037,2.8020616897805892,0.5749442783564711,1409.0
283,1.0,1.1,0.6,0.4,7.0,6.0,14.0,0.417877937030321,2200.1354499498275,7458.278212314377,14298.949963341784,0.04086882981883741,2.8117583860734845,0.5937801341239278,1399.0
284,1.0,1.1,0.6,0.4,7.0,7.0,14.0,0.42170818596510323,2229.972429920745,7340.785709040194,14124.718900323722,0.03749968455850809,2.8372922785681682,0.5966676969689906,1380.0
285,1.0,1.1,0.6,0.4,7.0,8.0,14.0,0.4251481897698368,2240.6829311717734,7275.580556727422,14194.162989896153,0.03560119784823204,2.815596191867447,0.5902416540848441,1382.5
286,1.0,1.1,1.0,0.4,3.0,6.0,14.0,0.37446705850439477,3781.709754647153,7543.481606193398,14322.621604436328,0.021105995631215152,2.8776476779653546,0.6085648729363785,1886.5
287,1.0,1.1,1.0,0.4,3.0,7.0,14.0,0.37129665852275767,3783.3246302447724,7425.740501689602,14698.116400717157,0.018682384340621392,2.881453304974889,0.6235464657710879,1873.5
288,1.0,1.1,1.0,0.4,3.0,8.0,14.0,0.3803067573127697,3768.7741813927287,7365.6483942845225,14072.499575872691,0.021091120665424137,2.9147127375305804,0.6048172944136679,1874.5
289,1.0,1.1,1.0,0.4,4.0,6.0,14.0,0.40567002062611435,3033.0581510224847,7455.848235416512,14206.886483710532,0.019917475746192403,2.8899823250330927,0.5870718331677447,1641.5
290,1.0,1.1,1.0,0.4,4.0,7.0,14.0,0.403664348858309,3041.799125276205,7399.9427482122355,14268.248773888472,0.02142327411695707,2.8843568673818876,0.59344648678943,1626.5
291,1.0,1.1,1.0,0.4,4.0,8.0,14.0,0.3999810669571266,3032.389087620646,7368.630553178538,14286.19688843767,0.024747964678790958,2.9049998416758696,0.6008973059018352,1628.0
292,1.0,1.1,1.0,0.4,5.0,6.0,14.0,0.41686704436893374,2553.6001793663972,7496.644912017444,14016.093253744519,0.024947283413342906,2.8858158800460463,0.5955490893698099,1494.0
293,1.0,1.1,1.0,0.4,5.0,7.0,14.0,0.41842249641134144,2545.406157359883,7405.8644723445095,14400.486378849882,0.023513109383739114,2.8531034977354857,0.5885625916194587,1481.0
294,1.0,1.1,1.0,0.4,5.0,8.0,14.0,0.4216187367012063,2555.37677187223,7320.2858390257325,14039.995098977877,0.01999763760926057,2.891099653750426,0.6021084123533564,1470.5
295,1.0,1.1,1.0,0.4,6.0,6.0,14.0,0.4152373820386112,2322.9829893780843,7536.580772798385,14510.06185420148,0.02392663043478261,2.857578465918368,0.6186861807861194,1436.0
296,1.0,1.1,1.0,0.4,6.0,7.0,14.0,0.4292915836923592,2313.137900005244,7400.7570579483545,14208.362640399828,0.023830987796530943,2.8553675107251895,0.5796048004175407,1407.0
297,1.0,1.1,1.0,0.4,6.0,8.0,14.0,0.42642374765748464,2308.289029895024,7420.531950554141,14281.544760254408,0.02287224206512716,2.858194603633538,0.5915648015368791,1411.5
298,1.0,1.1,1.0,0.4,7.0,6.0,14.0,0.42377525973225594,2221.3354152048196,7450.107843993863,14441.984809761188,0.02471455382758307,2.9034596382351525,0.5948616980565616,1391.5
299,1.0,1.1,1.0,0.4,7.0,7.0,14.0,0.42803508352836456,2226.5160244051635,7452.376838559748,14678.239036236919,0.021060991367744013,2.8832319655852876,0.5768940981232574,1393.0
300,1.0,1.1,1.0,0.4,7.0,8.0,14.0,0.4258255390678503,2216.720524935454,7308.593173373889,14400.57576393442,0.027118231890649082,2.863672901823869,0.5982367369546637,1379.0
301,1.0,1.1,1.4,0.4,3.0,6.0,14.0,0.39029077435555576,3731.039315557977,7437.8245801332505,14009.966687076527,0.011702330344490884,2.9010273904597135,0.5911160832363904,1879.5
302,1.0,1.1,1.4,0.4,3.0,7.0,14.0,0.3869059628530172,3732.6659016091294,7377.441107598085,14507.520512103652,0.010930066857324656,2.923468153465974,0.588336198030652,1862.5
303,1.0,1.1,1.4,0.4,3.0,8.0,14.0,0.38378900829114987,3790.011145641297,7316.322312048029,14317.36870729268,0.013530654296571647,2.9117669305871456,0.6023725195518514,1866.0
304,1.0,1.1,1.4,0.4,4.0,6.0,14.0,0.40281390446616094,3039.6014240968725,7587.362327105374,14339.269163063447,0.01382427712228025,2.9017925558808386,0.5996846720068885,1658.0
305,1.0,1.1,1.4,0.4,4.0,7.0,14.0,0.40546494905033126,3027.3211876931528,7383.419914899336,14355.642344217154,0.014131539795041786,2.9208400919272424,0.602466673237004,1630.0
306,1.0,1.1,1.4,0.4,4.0,8.0,14.0,0.4064316406792316,3031.940612703204,7386.343985045372,14351.031871294981,0.011427144728472638,2.9452199429795827,0.6022575561523709,1628.0
307,1.0,1.1,1.4,0.4,5.0,6.0,14.0,0.4215500626181079,2540.622467852527,7461.149880029658,14541.31547770041,0.01234463382289678,2.914061730348377,0.5897616328461943,1500.5
308,1.0,1.1,1.4,0.4,5.0,7.0,14.0,0.42055416331323087,2568.422980669842,7425.730881163455,14454.28967951698,0.011951262726070897,2.8953781452289578,0.6015172039204475,1484.5
309,1.0,1.1,1.4,0.4,5.0,8.0,14.0,0.42278756321203376,2556.796056203616,7422.535721050995,14324.214520619842,0.012183543435429964,2.929751701960332,0.5933032836786822,1480.0
310,1.0,1.1,1.4,0.4,6.0,6.0,14.0,0.4294050789147125,2306.869996599343,7445.113920334617,14367.778897269065,0.0141643164430044,2.8851070595961645,0.5952461896154266,1423.5
311,1.0,1.1,1.4,0.4,6.0,7.0,14.0,0.4294816773080284,2321.002115026125,7373.769144936453,14562.089140656546,0.013909555200846493,2.9206222474578962,0.5856847514448835,1413.5
312,1.0,1.1,1.4,0.4,6.0,8.0,14.0,0.43278035135330084,2326.3233017971625,7358.413054687015,14495.619945367689,0.010712670479100291,2.9333595777331167,0.5819512784544325,1411.5
313,1.0,1.1,1.4,0.4,7.0,6.0,14.0,0.43308609177596114,2216.326246780597,7517.027599879388,14237.565804053927,0.011856564488143435,2.946167570983114,0.5896415329477527,1395.0
314,1.0,1.1,1.4,0.4,7.0,7.0,14.0,0.4373857964424203,2216.3517778676123,7397.4101281243475,14380.885084745169,0.01174126219484123,2.892642799130979,0.5809026875348011,1383.0
315,1.0,1.1,1.4,0.4,7.0,8.0,14.0,0.4313970474800634,2221.1320406901505,7429.142063811185,14359.001941637402,0.010884469179176317,2.906617702456993,0.6078816348023746,1382.5
316,1.0,1.1,1.8,0.4,3.0,6.0,14.0,0.382796580759409,3734.4847761745264,7494.436738886586,14675.053634952525,0.012619465416587728,2.9079625599992425,0.5863121710335146,1894.0
317,1.0,1.1,1.8,0.4,3.0,7.0,14.0,0.38359364456719924,3751.798597965663,7415.314962666049,14513.31576651555,0.012195062617377173,2.939254850645643,0.5914048599995401,1870.5
318,1.0,1.1,1.8,0.4,3.0,8.0,14.0,0.38779646913169463,3727.6446972104845,7373.330122357365,14426.195270807671,0.013753315299026746,2.9428050143364315,0.5772153729177726,1866.5
319,1.0,1.1,1.8,0.4,4.0,6.0,14.0,0.40291247249624357,3044.7111585076077,7497.364901679264,14519.994191607675,0.01175995376147753,2.9571490412123995,0.5966330941415858,1656.0
320,1.0,1.1,1.8,0.4,4.0,7.0,14.0,0.4042317988316693,3033.649226622225,7439.466924501794,14415.668619580852,0.010737926376224248,2.961601177770551,0.6046604469674852,1633.5
321,1.0,1.1,1.8,0.4,4.0,8.0,14.0,0.4075048060608924,3021.500806726646,7320.244261094807,14311.78531498096,0.01052006215154008,2.9363975874112667,0.6105676106319355,1621.5
322,1.0,1.1,1.8,0.4,5.0,6.0,14.0,0.42436238814946,2541.1461430409668,7466.242971944852,14458.384897801443,0.009088244249315154,2.89739484416501,0.5924347516034907,1485.0
323,1.0,1.1,1.8,0.4,5.0,7.0,14.0,0.42263982430703645,2557.823394610471,7423.497355694015,14556.68174180836,0.010829080784309438,2.9110120061433933,0.5898436277872522,1482.5
324,1.0,1.1,1.8,0.4,5.0,8.0,14.0,0.41877110713861426,2521.818882343998,7368.334409895995,14794.266802698357,0.014874476487217736,2.9196578824112653,0.5933906216324016,1476.0
325,1.0,1.1,1.8,0.4,6.0,6.0,14.0,0.4273979507079488,2373.6254913743587,7573.092617799895,14242.868149442278,0.011608010888586429,2.9213658000085694,0.5923067302447715,1435.0
326,1.0,1.1,1.8,0.4,6.0,7.0,14.0,0.42970415765605474,2322.7465256983396,7417.086429253779,14638.564399320261,0.009867216117216117,2.9423191979954395,0.586740198233717,1410.5
327,1.0,1.1,1.8,0.4,6.0,8.0,14.0,0.43883614839789425,2308.258740704322,7272.501383019413,14296.967579295902,0.010105113948824535,2.8871377940718097,0.5811424113673676,1395.5
328,1.0,1.1,1.8,0.4,7.0,6.0,14.0,0.43391702659946835,2194.146102634696,7590.080977371517,14181.351665372615,0.010712295705230624,2.9383182069942553,0.5899357275763129,1396.5
329,1.0,1.1,1.8,0.4,7.0,7.0,14.0,0.4258633074312444,2267.2853312987045,7350.025894182566,14450.525272230283,0.01273760341493824,2.927654669557605,0.6212673101846529,1376.5
330,1.0,1.1,1.8,0.4,7.0,8.0,14.0,0.43523005753686067,2235.7802480642467,7338.795809867695,14266.962852974182,0.010958846170113775,2.924297559334356,0.5968704655089704,1376.0
331,1.0,1.1,2.2,0.4,3.0,6.0,14.0,0.3782422704672785,3770.367264232359,7515.881781951857,14437.08314244043,0.016130202259485308,2.9415230472075464,0.5960203079725814,1901.5
332,1.0,1.1,2.2,0.4,3.0,7.0,14.0,0.3811705678927351,3748.4956559687253,7379.500528443703,14508.480336634842,0.014745723871026514,2.940439958693402,0.5986138230638199,1876.0
333,1.0,1.1,2.2,0.4,3.0,8.0,14.0,0.38374180757311116,3736.4054416784356,7319.258253801396,14547.165530875212,0.013464456189177024,2.941294777856646,0.5956091392908297,1872.5
334,1.0,1.1,2.2,0.4,4.0,6.0,14.0,0.4069460142510764,3017.893857586747,7468.351765728665,14186.897946991949,0.011286537945829981,2.9442149210858934,0.6029367130652368,1639.5
335,1.0,1.1,2.2,0.4,4.0,7.0,14.0,0.4008156424232665,3038.3181487599377,7406.372585294652,14528.402933779038,0.014705154453618917,2.9679086473997582,0.604393632669159,1634.0
336,1.0,1.1,2.2,0.4,4.0,8.0,14.0,0.41273727879183414,3031.05214957679,7311.051601558178,14136.66547881387,0.011383469698606624,2.945357802324457,0.5890251533014264,1622.5
337,1.0,1.1,2.2,0.4,5.0,6.0,14.0,0.42687903850544434,2540.534941609835,7517.047071201025,13919.585434504592,0.009420984767671978,2.9287207227449787,0.5957465404715395,1493.0
338,1.0,1.1,2.2,0.4,5.0,7.0,14.0,0.42187849578087544,2558.3147152788115,7394.976595216334,14530.10667861169,0.008705528029828881,2.941503403491769,0.5996490679283186,1476.5
339,1.0,1.1,2.2,0.4,5.0,8.0,14.0,0.4268353683863748,2538.260758225704,7301.375712099598,14369.585477094754,0.011235136449527967,2.9610358500414677,0.5838720127513393,1469.0
340,1.0,1.1,2.2,0.4,6.0,6.0,14.0,0.4268700318170069,2313.7704655421517,7529.602104869204,14490.036733129386,0.013277351051997136,2.9289115733428135,0.5896899662694048,1436.0
341,1.0,1.1,2.2,0.4,6.0,7.0,14.0,0.43492629979246633,2311.619658995625,7346.948798964541,14388.05283133309,0.011045238008947736,2.9576551645603946,0.5754161563041388,1410.5
342,1.0,1.1,2.2,0.4,6.0,8.0,14.0,0.4233122360803103,2357.393799880781,7381.409503714499,14335.741314456842,0.01343753239551158,2.9472995856049717,0.6174769289088182,1410.5
343,1.0,1.1,2.2,0.4,7.0,6.0,14.0,0.43259930910693206,2210.392656941791,7458.99047145796,14412.6199067919,0.01151596295353495,2.960971510587479,0.5887698180878511,1392.0
344,1.0,1.1,2.2,0.4,7.0,7.0,14.0,0.4329895229865812,2222.1373095533,7359.56796850743,14526.6305453153,0.012345333598301415,2.9627630699752654,0.5856864398932804,1383.5
345,1.0,1.1,2.2,0.4,7.0,8.0,14.0,0.4360869748801434,2200.910448581324,7370.712750123092,14471.477892957475,0.010546887720105421,2.929898752562311,0.58607742626807,1380.5
346,1.0,1.1,2.6,0.4,3.0,6.0,14.0,0.3795544673065649,3731.966053849568,7516.1134640799755,14400.3224555485,0.013404996636588881,2.9480649774157524,0.6050135895036673,1892.5
347,1.0,1.1,2.6,0.4,3.0,7.0,14.0,0.3846495873236468,3756.2152143549215,7447.5906382309295,14207.225437580704,0.01319853136290048,2.94250726639741,0.593529246717916,1873.5
348,1.0,1.1,2.6,0.4,3.0,8.0,14.0,0.38474878967553816,3738.6721336034225,7357.551560720491,14201.483867296156,0.01601782979496601,2.946311598582219,0.5944095217080176,1863.5
349,1.0,1.1,2.6,0.4,4.0,6.0,14.0,0.4060367345925921,3042.963150321939,7481.292238453489,14305.142457186046,0.012743552897912513,2.958844337791854,0.5900501349398211,1649.5
350,1.0,1.1,2.6,0.4,4.0,7.0,14.0,0.40559509894958534,3032.4358008320733,7392.596265057954,14254.790105473301,0.01201539454750046,2.960026138792198,0.6061739068760887,1629.5
351,1.0,1.1,2.6,0.4,4.0,8.0,14.0,0.4107585718275137,3074.9460340342657,7313.979833202485,14086.665662908166,0.012128977151398677,2.9631854781960127,0.5890576653047928,1620.5
352,1.0,1.1,2.6,0.4,5.0,6.0,14.0,0.4224276140697345,2545.4483188540707,7413.045184359824,14405.275560737125,0.013125001964585374,2.976533250460936,0.5840771260056655,1493.0
353,1.0,1.1,2.6,0.4,5.0,7.0,14.0,0.4222011894026733,2547.0969170456783,7440.5201840966865,14386.246222429676,0.009499046312522361,2.966850684980816,0.5963546771985837,1482.0
354,1.0,1.1,2.6,0.4,5.0,8.0,14.0,0.4181606403071851,2569.1779945602466,7348.922505267271,14397.339102148078,0.010566085591356442,2.9592363431326456,0.6177095554802846,1471.0
355,1.0,1.1,2.6,0.4,6.0,6.0,14.0,0.42709537179027257,2310.4110382048693,7503.429984204196,14413.135051786747,0.009554182482348664,2.9264863155678533,0.6073213359658891,1425.5
356,1.0,1.1,2.6,0.4,6.0,7.0,14.0,0.42955055609069576,2345.1485880342198,7471.150701981262,14278.717380052612,0.012000740603591927,2.9555045068433685,0.5875134127158492,1424.0
357,1.0,1.1,2.6,0.4,6.0,8.0,14.0,0.4297773167604109,2327.307924466335,7306.230089031436,14449.921222603662,0.009940469926790037,2.971068511900392,0.6000902873488089,1413.5
358,1.0,1.1,2.6,0.4,7.0,6.0,14.0,0.43271620517841214,2194.9449754820025,7418.301351650862,14319.398619181135,0.01231510183701916,2.9688111767384435,0.5948669404860599,1387.0
359,1.0,1.1,2.6,0.4,7.0,7.0,14.0,0.433186989512049,2228.7050198800807,7357.916937539893,14345.978503970782,0.012778466257926873,2.9613355776748618,0.5912131818716497,1379.5
360,1.0,1.1,2.6,0.4,7.0,8.0,14.0,0.43170457242058896,2238.3757954651574,7405.132661229634,14342.56640010389,0.014063464503160837,2.9537796256140556,0.5898000879147964,1386.5
361,1.0,1.3,0.6,0.4,3.0,6.0,14.0,0.37593651907311315,3750.7159976582207,7483.647604662202,14015.039869304488,0.03457130503630248,2.833569196730248,0.5891907134510297,1888.5
362,1.0,1.3,0.6,0.4,3.0,7.0,14.0,0.3745247254534086,3740.756715020684,7395.693415985048,14133.359811619273,0.03760550841090228,2.843656001960877,0.5885703406156111,1879.5
363,1.0,1.3,0.6,0.4,3.0,8.0,14.0,0.37549900798041663,3735.569543240169,7255.099583505349,14492.27964434348,0.03196380925575052,2.856378036762663,0.5965196420490828,1871.5
364,1.0,1.3,0.6,0.4,4.0,6.0,14.0,0.39767930991134254,3031.617303866011,7467.537860083794,14240.195170573967,0.03281169071402146,2.85866348012358,0.5862508184008907,1645.0
365,1.0,1.3,0.6,0.4,4.0,7.0,14.0,0.398090637730755,3044.824826829422,7293.89280949903,14371.311887294301,0.033529234478601566,2.8630088004240744,0.5886308735799276,1630.0
366,1.0,1.3,0.6,0.4,4.0,8.0,14.0,0.3976775160648378,3022.315045578279,7284.548116504422,14429.988179633147,0.03097847179416935,2.8641254947319514,0.6000838753293711,1622.0
367,1.0,1.3,0.6,0.4,5.0,6.0,14.0,0.41625273567052073,2551.483973075595,7415.894451164602,14363.189290680926,0.033757391387436476,2.8000875218853043,0.5737156488709458,1501.0
368,1.0,1.3,0.6,0.4,5.0,7.0,14.0,0.41502863363367576,2573.502609353291,7343.320345399059,14320.217297089559,0.03422738958597137,2.828157664196522,0.5792269994290136,1480.5
369,1.0,1.3,0.6,0.4,5.0,8.0,14.0,0.41754102875880794,2540.880299811155,7250.368398640871,14025.757398798498,0.035541445393673515,2.827425801162022,0.590110529958405,1472.5
370,1.0,1.3,0.6,0.4,6.0,6.0,14.0,0.41424045940969284,2330.7759002750913,7499.757033668672,14098.063185567193,0.04021137736216637,2.794538857206284,0.6018509830850443,1433.5
371,1.0,1.3,0.6,0.4,6.0,7.0,14.0,0.41904367914867,2332.6206133123487,7369.814445616523,14270.620925639341,0.03833486446711035,2.8238812714390567,0.5837602369220143,1413.5
372,1.0,1.3,0.6,0.4,6.0,8.0,14.0,0.4088066178977748,2345.0162442265937,7271.848437873436,14683.738552370578,0.03498999897270415,2.8707974470007303,0.6242956111692497,1410.0
373,1.0,1.3,0.6,0.4,7.0,6.0,14.0,0.4207126698576071,2229.210852763074,7433.586964576067,14208.818265442555,0.03505346221158544,2.8383003476256334,0.5970384132982998,1393.5
374,1.0,1.3,0.6,0.4,7.0,7.0,14.0,0.42297278696475793,2222.704250049858,7374.088355944077,14028.260261031639,0.03702137786062745,2.842800877049179,0.594017329521806,1376.0
375,1.0,1.3,0.6,0.4,7.0,8.0,14.0,0.4260463973160404,2231.2480099161685,7320.620397531079,14166.466366430372,0.03380384918587091,2.808653791119043,0.5913975132868262,1377.5
376,1.0,1.3,1.0,0.4,3.0,6.0,14.0,0.3828529371053527,3749.8136192325155,7434.960042423205,14206.385924673354,0.01790976775102788,2.876168105439707,0.5986827389438311,1880.0
377,1.0,1.3,1.0,0.4,3.0,7.0,14.0,0.38077103330161893,3744.278434559952,7322.421846109374,14443.625517127206,0.022034518178402497,2.8800809373706877,0.5945923785296522,1872.0
378,1.0,1.3,1.0,0.4,3.0,8.0,14.0,0.38684213134951345,3743.195520631677,7287.429010611941,14219.949836175885,0.020180802577733473,2.8875056644126635,0.584122169900491,1860.5
379,1.0,1.3,1.0,0.4,4.0,6.0,14.0,0.4006999747306585,3033.0345554711585,7508.966083980414,14405.868907806107,0.018930128819761985,2.8758999615550107,0.602017426114336,1647.0
380,1.0,1.3,1.0,0.4,4.0,7.0,14.0,0.40838996270633005,3035.454003552391,7409.589748266719,14127.947541066798,0.019255468320308486,2.9085583879219943,0.5809458128538686,1628.0
381,1.0,1.3,1.0,0.4,4.0,8.0,14.0,0.4058088867833373,3021.7326049114004,7316.55802607636,14292.404672884491,0.019642857142857142,2.909579565488852,0.5945509323269336,1620.0
382,1.0,1.3,1.0,0.4,5.0,6.0,14.0,0.4140034421727761,2545.564879628752,7460.538925072947,14236.098690745463,0.023403848403848404,2.881066154805455,0.6089810035774678,1491.5
383,1.0,1.3,1.0,0.4,5.0,7.0,14.0,0.4230483036287797,2559.3792053824354,7436.907021918532,14069.225134248289,0.018476674057245047,2.876924387314353,0.5897926131827516,1481.5
384,1.0,1.3,1.0,0.4,5.0,8.0,14.0,0.42310499188046413,2555.5513002703738,7386.41385349465,14018.868528268657,0.01894105814053092,2.8689157196638027,0.5966143771568626,1474.5
385,1.0,1.3,1.0,0.4,6.0,6.0,14.0,0.424842973372528,2334.3149490745427,7472.05217898495,14345.648870814497,0.019930624963254748,2.8947182339369935,0.5918233508409967,1429.0
386,1.0,1.3,1.0,0.4,6.0,7.0,14.0,0.42449427087073777,2330.0467635096993,7351.563903113478,14788.438257078065,0.01981827989379812,2.890860349916495,0.5849249291628545,1414.5
387,1.0,1.3,1.0,0.4,6.0,8.0,14.0,0.4259864929419837,2332.252783943275,7350.436884409342,14383.986345540345,0.019182385363796337,2.9054467496484104,0.5965135806817717,1413.0
388,1.0,1.3,1.0,0.4,7.0,6.0,14.0,0.4252563651324173,2211.337236359424,7532.92944051943,14347.292619087058,0.021068365760152735,2.8730217803163054,0.602371801838931,1396.5
389,1.0,1.3,1.0,0.4,7.0,7.0,14.0,0.4278739389894309,2219.037025106548,7331.541444303244,14495.551608951522,0.020618822753649596,2.870339367424074,0.6013912161026427,1378.5
390,1.0,1.3,1.0,0.4,7.0,8.0,14.0,0.42955301950329733,2219.060710316548,7389.896733741114,14365.964884752593,0.020190918157578716,2.8874689757566006,0.5931613242597358,1385.0
391,1.0,1.3,1.4,0.4,3.0,6.0,14.0,0.3874653816353472,3740.505896465892,7430.317557021872,14304.416752300542,0.010755158416957945,2.911654763953148,0.5915726216608896,1885.0
392,1.0,1.3,1.4,0.4,3.0,7.0,14.0,0.3835878864786701,3733.6531576445414,7401.751928748847,14447.040240195392,0.013240092358206765,2.9155523098467433,0.5985378666111864,1869.5
393,1.0,1.3,1.4,0.4,3.0,8.0,14.0,0.3881373044954735,3746.143313577629,7261.468173371626,14381.842773753855,0.013581588461939518,2.928863183844352,0.5873587958268959,1862.0
394,1.0,1.3,1.4,0.4,4.0,6.0,14.0,0.4033227731568212,3031.386736805237,7478.676078356704,14834.442697501934,0.012467939583927045,2.9250370573819824,0.5858604080567898,1644.5
395,1.0,1.3,1.4,0.4,4.0,7.0,14.0,0.4036689166570182,3047.5908822093415,7381.27329868106,14586.855014597868,0.013508775906491074,2.9419858793482208,0.5963102839404015,1628.0
396,1.0,1.3,1.4,0.4,4.0,8.0,14.0,0.4113189984867649,3027.382068418987,7225.693290875403,14576.607517533987,0.010461432242721799,2.927022520770704,0.58884096970595,1616.0
397,1.0,1.3,1.4,0.4,5.0,6.0,14.0,0.4220335591259301,2585.934211281927,7478.8675305424085,14104.635155023789,0.01274268736232775,2.9030112748912495,0.5998809663099762,1492.5
398,1.0,1.3,1.4,0.4,5.0,7.0,14.0,0.4177124667899417,2555.0757796556386,7431.114903389351,14536.28877354211,0.013750707536900771,2.914617295086596,0.6043279850604049,1486.0
399,1.0,1.3,1.4,0.4,5.0,8.0,14.0,0.4248025359328223,2544.484140520124,7282.473679219799,14349.798342926733,0.0135416954905596,2.9186862760151637,0.5939705202395621,1473.5
400,1.0,1.3,1.4,0.4,6.0,6.0,14.0,0.42902235494386476,2323.7434200629386,7533.0920472059415,14446.037331576204,0.011606463235791138,2.9485289494039173,0.5821581653286154,1429.5
401,1.0,1.3,1.4,0.4,6.0,7.0,14.0,0.42378500931044316,2361.9481418062605,7317.650686771461,14263.917184882011,0.012163561076604556,2.952680589839539,0.6268755723299749,1408.0
402,1.0,1.3,1.4,0.4,6.0,8.0,14.0,0.43219443260648044,2320.900311109747,7350.848214939765,14472.50472986459,0.010278886586859246,2.9077296482563644,0.592391985070044,1410.5
403,1.0,1.3,1.4,0.4,7.0,6.0,14.0,0.4360672678699939,2205.1919259874185,7515.678506738055,14187.301891531533,0.012676989228630994,2.8952287492216255,0.5841494352390175,1391.5
404,1.0,1.3,1.4,0.4,7.0,7.0,14.0,0.43108042849912137,2208.103987463169,7395.4045233743345,14517.523897533549,0.012375593846024772,2.937170869530359,0.597770603159164,1381.5
405,1.0,1.3,1.4,0.4,7.0,8.0,14.0,0.43693786994734274,2194.537250708182,7251.706755192423,14385.172013618787,0.012107974587430197,2.914819699618011,0.5947535583283372,1369.5
406,1.0,1.3,1.8,0.4,3.0,6.0,14.0,0.38189695777761634,3731.7367936313203,7492.035854740659,14549.69422876383,0.013330504047327048,2.9282831839490173,0.5919795593647248,1896.5
407,1.0,1.3,1.8,0.4,3.0,7.0,14.0,0.38358744104913484,3736.072933454053,7412.308300693455,14509.638180749078,0.012927114700168578,2.9228320007809026,0.5942521985414719,1877.5
408,1.0,1.3,1.8,0.4,3.0,8.0,14.0,0.3887107018440558,3729.8943124749276,7276.020821127933,14312.23353047418,0.012782701707088095,2.9461000053934834,0.5891353629085718,1864.5
409,1.0,1.3,1.8,0.4,4.0,6.0,14.0,0.40690773116645546,3029.5992351567165,7516.6586459802265,14201.373278444005,0.011602907691564798,2.940622855608809,0.5958792544719727,1641.5
410,1.0,1.3,1.8,0.4,4.0,7.0,14.0,0.4095392393308759,3028.2439911446218,7366.8978026767345,14373.897358773513,0.011133300335059396,2.9301819686638826,0.5916401739448297,1621.5
411,1.0,1.3,1.8,0.4,4.0,8.0,14.0,0.40963703423784287,3016.658382378435,7304.223457165375,14634.397809911323,0.010168867174625333,2.956749368358894,0.5855225810006391,1623.0
412,1.0,1.3,1.8,0.4,5.0,6.0,14.0,0.4205653926690583,2545.294541978995,7520.504433668078,14603.627992795722,0.01365452773032846,2.9211294607030602,0.5803731796218663,1501.5
413,1.0,1.3,1.8,0.4,5.0,7.0,14.0,0.42407172989960656,2563.5655841177513,7321.73901974662,14251.296402294778,0.011910203878088716,2.9196471934483244,0.6008268034885836,1472.5
414,1.0,1.3,1.8,0.4,5.0,8.0,14.0,0.4293266331470263,2539.041521950886,7293.259331346081,14413.337611646706,0.01028263377407046,2.9476161891387993,0.5754237258360779,1472.0
415,1.0,1.3,1.8,0.4,6.0,6.0,14.0,0.4266830103777404,2341.5651949682315,7527.10618775595,14304.86067849132,0.013992667767310868,2.912838659017063,0.5953353820261181,1435.5
416,1.0,1.3,1.8,0.4,6.0,7.0,14.0,0.4320020940210864,2319.372997136707,7468.734403518284,14068.570473322456,0.01143304997405913,2.9111876376993213,0.5978883254852493,1412.5
417,1.0,1.3,1.8,0.4,6.0,8.0,14.0,0.42908098374878073,2329.0642080163016,7287.9872510786245,14662.74563940491,0.012477106227106228,2.9282372240180026,0.592775424574429,1410.5
418,1.0,1.3,1.8,0.4,7.0,6.0,14.0,0.4331912063598275,2205.593416842948,7503.583332878568,14630.655303118252,0.01000530978712674,2.901783681652086,0.5857183199969708,1397.5
419,1.0,1.3,1.8,0.4,7.0,7.0,14.0,0.43700567736625046,2226.942630969539,7344.3918095195595,14285.535912903902,0.010672933513364305,2.8984976766917314,0.5929106397477856,1368.0
420,1.0,1.3,1.8,0.4,7.0,8.0,14.0,0.4336125794312316,2228.061756754293,7261.149431530785,14306.611552932874,0.010609326648302482,2.939420703881198,0.6097935080789643,1373.0
421,1.0,1.3,2.2,0.4,3.0,6.0,14.0,0.37877633874033095,3736.2377281969057,7589.34487825643,14288.292792369331,0.01438470390073879,2.9418215882857135,0.6046232001873137,1898.0
422,1.0,1.3,2.2,0.4,3.0,7.0,14.0,0.38425658272480273,3750.125716747717,7407.9200861455665,14165.392351519282,0.01348105881848213,2.9469153702799713,0.6002959083697021,1871.5
423,1.0,1.3,2.2,0.4,3.0,8.0,14.0,0.3840176540210223,3743.476143236221,7303.22336025187,14600.713058330719,0.014241067122639544,2.938406878264521,0.5900506429576341,1873.5
424,1.0,1.3,2.2,0.4,4.0,6.0,14.0,0.4039518832996185,3039.8792113428444,7483.833625784508,14092.68334518591,0.012744251086711912,2.944258486588713,0.6123765549569551,1644.5
425,1.0,1.3,2.2,0.4,4.0,7.0,14.0,0.4072727374013263,3035.00800613872,7328.025178474781,14571.788616973183,0.011069736828072078,2.961837866055281,0.5913223465536525,1621.5
426,1.0,1.3,2.2,0.4,4.0,8.0,14.0,0.4109921832518056,3020.1847435771283,7317.419360717449,14392.365294193492,0.010834291246153486,2.92830604624696,0.5906363557402687,1616.0
427,1.0,1.3,2.2,0.4,5.0,6.0,14.0,0.41943444669037255,2532.9921513215113,7562.350046969712,14646.701951198556,0.010701225026357697,2.9330380329045607,0.5896614091211463,1506.5
428,1.0,1.3,2.2,0.4,5.0,7.0,14.0,0.4200301305793482,2549.156542288638,7392.971432411185,14380.935761123594,0.011183817629580237,2.927375526729066,0.6111893725953521,1478.5
429,1.0,1.3,2.2,0.4,5.0,8.0,14.0,0.42914094030344657,2541.1160932129187,7321.060726580518,14151.59762833804,0.012630933512269052,2.925306637207109,0.5815203688915681,1471.0
430,1.0,1.3,2.2,0.4,6.0,6.0,14.0,0.4296926263348602,2330.587987488453,7499.681981687778,14120.119987790713,0.011575248135085366,2.955219118857693,0.5953589405957815,1432.5
431,1.0,1.3,2.2,0.4,6.0,7.0,14.0,0.43236209315746654,2313.808573511646,7329.204120350729,14383.989868541936,0.011765150500586418,2.917615754324125,0.592578644750503,1404.5
432,1.0,1.3,2.2,0.4,6.0,8.0,14.0,0.4345798357612704,2329.0934138803514,7349.303997173871,14218.98512009895,0.011795922243035453,2.9264122805858968,0.5842494919724328,1404.0
433,1.0,1.3,2.2,0.4,7.0,6.0,14.0,0.43036743254343124,2219.8679799174947,7518.140657768395,14188.759919233222,0.012557959417622128,2.937854504043796,0.6032974222946362,1396.0
434,1.0,1.3,2.2,0.4,7.0,7.0,14.0,0.4325544023251737,2229.4318868363516,7432.5528923743195,14272.585740080627,0.011983104883957506,2.961558370710848,0.5934726834496481,1381.5
435,1.0,1.3,2.2,0.4,7.0,8.0,14.0,0.4317681765508574,2237.029922164894,7356.012079545175,14319.162559009994,0.013876561590364666,2.9606815154744774,0.5947776749869687,1374.5
436,1.0,1.3,2.6,0.4,3.0,6.0,14.0,0.378009057267906,3738.325597373986,7481.281747961884,14719.721482551613,0.01233047151698559,2.9429053222824395,0.6037128106610331,1895.5
437,1.0,1.3,2.6,0.4,3.0,7.0,14.0,0.3859192683636273,3732.10789165557,7426.668835644459,14247.186454140217,0.013462275428551818,2.9462806292721515,0.5896697833979769,1871.5
438,1.0,1.3,2.6,0.4,3.0,8.0,14.0,0.3804867641000575,3736.386868048993,7357.137733103009,14781.484758527164,0.013053619604316547,2.9502347817805123,0.596879833171623,1869.0
439,1.0,1.3,2.6,0.4,4.0,6.0,14.0,0.4046577943061413,3022.0330083581575,7551.321675599311,14528.096630259246,0.010254201548389743,2.9575891771900658,0.591256748058966,1653.5
440,1.0,1.3,2.6,0.4,4.0,7.0,14.0,0.40399440391147995,3037.95258206785,7338.10244290037,14485.191054110446,0.013236545933112118,2.9634204066405676,0.6026334392421328,1629.5
441,1.0,1.3,2.6,0.4,4.0,8.0,14.0,0.40805191951100855,3014.3901787128007,7366.871851236894,14511.169054730042,0.010742940699603755,2.9632743748590675,0.5909345770925324,1626.0
442,1.0,1.3,2.6,0.4,5.0,6.0,14.0,0.4222560997301437,2542.9559839968606,7467.825809914216,14344.856903245956,0.012049309108488095,2.9470329983139076,0.5909069772009756,1495.5
443,1.0,1.3,2.6,0.4,5.0,7.0,14.0,0.424356511797988,2547.439856318573,7393.923903329339,14212.76573904233,0.01216321915990817,2.95518086562984,0.5914048082983141,1473.0
444,1.0,1.3,2.6,0.4,5.0,8.0,14.0,0.42046421971159215,2545.8925109070296,7368.837778854579,14513.811920038832,0.01257703243137611,2.923034639676609,0.6016524860345618,1477.5
445,1.0,1.3,2.6,0.4,6.0,6.0,14.0,0.4224100533679609,2361.588316042167,7454.152557647005,14431.375559016991,0.010627834154713356,2.9596866209712047,0.617429245026264,1426.5
446,1.0,1.3,2.6,0.4,6.0,7.0,14.0,0.42589400758020907,2330.311700924214,7470.7475537680075,14489.536595322214,0.010931967734351051,2.9681241472012205,0.5990365742609132,1420.5
447,1.0,1.3,2.6,0.4,6.0,8.0,14.0,0.4275964968886026,2330.477173588555,7386.33521518688,14659.211812109803,0.013877859737373675,2.965330526661341,0.5813304857144352,1410.5
448,1.0,1.3,2.6,0.4,7.0,6.0,14.0,0.4305132830468545,2202.6089452899564,7480.385698332195,14356.555241419126,0.011508816386865168,2.972912241084491,0.599011232668748,1394.0
449,1.0,1.3,2.6,0.4,7.0,7.0,14.0,0.4336304292554303,2216.1398040178856,7361.009577918088,14636.417389559443,0.010289114794510293,2.922115829582019,0.5906074396690836,1378.0
450,1.0,1.3,2.6,0.4,7.0,8.0,14.0,0.43109055539481084,2225.782352445359,7365.13067690929,14485.130109947808,0.01380034900601921,2.9414979571166007,0.5940916118363847,1387.5
451,1.5,0.5,0.6,0.4,3.0,6.0,14.0,0.34755654421717047,3744.7793279817342,7425.528019672219,14188.435215360574,0.07424545594470175,2.7845829271970475,0.6033578537822314,1891.5
452,1.5,0.5,0.6,0.4,3.0,7.0,14.0,0.35359319110868287,3748.1883645568287,7313.516519832878,14053.967978463628,0.07579602335928809,2.7752595411944165,0.5865219214389992,1875.0
453,1.5,0.5,0.6,0.4,3.0,8.0,14.0,0.3546509664073539,3751.9742814234864,7275.739093953627,14026.856641227805,0.07826303973737403,2.7578332228923044,0.5801019835350937,1876.0
454,1.5,0.5,0.6,0.4,4.0,6.0,14.0,0.3787997517496531,3037.909760016805,7377.970514253611,13780.971926393417,0.06969803528073178,2.7915082524373123,0.5970522416767701,1637.5
455,1.5,0.5,0.6,0.4,4.0,7.0,14.0,0.3772821087345994,3022.410918437099,7298.844467513619,13931.870470663816,0.0753803593498926,2.7406306381483656,0.5956934879372582,1623.5
456,1.5,0.5,0.6,0.4,4.0,8.0,14.0,0.37228907037084485,3076.513024999656,7245.648402836348,14110.883972445416,0.07422480737660811,2.7901177318335804,0.6044262721707625,1625.5
457,1.5,0.5,0.6,0.4,5.0,6.0,14.0,0.38887970431626734,2551.257053486256,7478.7878991711605,14201.24741185483,0.07190721649484536,2.7265769891453373,0.5955927813042813,1503.5
458,1.5,0.5,0.6,0.4,5.0,7.0,14.0,0.3958650450415144,2559.7122025858566,7315.811970893629,14115.495490628859,0.0672537966240829,2.7578705768030587,0.5897294616748154,1478.5
459,1.5,0.5,0.6,0.4,5.0,8.0,14.0,0.3980164062021543,2550.5271555789664,7220.481381016577,14057.929790217799,0.06749753110803872,2.7756589301099934,0.5886510109635271,1468.0
460,1.5,0.5,0.6,0.4,6.0,6.0,14.0,0.3944556783169458,2315.417480255298,7417.789051610149,14297.823946073408,0.0742228074025309,2.763243420859558,0.5926559213733669,1432.5
461,1.5,0.5,0.6,0.4,6.0,7.0,14.0,0.4043957025843022,2310.163801138647,7275.871394925233,13888.155448869164,0.06902824108393049,2.773208275739175,0.5928292949129714,1394.5
462,1.5,0.5,0.6,0.4,6.0,8.0,14.0,0.3997297536105535,2333.6407911994975,7259.521631772803,13878.638170844353,0.07407162766682668,2.7818638950928354,0.5962079834454816,1409.0
463,1.5,0.5,0.6,0.4,7.0,6.0,14.0,0.40015512096585537,2211.1091848803585,7349.207192185122,14148.299757750408,0.07489926958953508,2.7497976893517175,0.5939319824793983,1399.5
464,1.5,0.5,0.6,0.4,7.0,7.0,14.0,0.40243730204159345,2219.385672336934,7328.171775012033,13847.808262125254,0.0681050489547862,2.791763336693902,0.6134852368686199,1378.0
465,1.5,0.5,0.6,0.4,7.0,8.0,14.0,0.40448551407736516,2236.847054181203,7280.234644828283,14025.471733182138,0.07193347051402846,2.7272171059003094,0.5938885242487972,1380.5
466,1.5,0.5,1.0,0.4,3.0,6.0,14.0,0.36929655235724274,3764.0788851152247,7422.25251244621,14048.356078082114,0.04261417399659244,2.8331046013199823,0.5972642241117985,1890.0
467,1.5,0.5,1.0,0.4,3.0,7.0,14.0,0.3691862030358446,3747.550317785627,7386.323449227448,14147.586706296606,0.043207754160408805,2.83851097415656,0.5961410013276056,1874.5
468,1.5,0.5,1.0,0.4,3.0,8.0,14.0,0.3695915578249777,3731.4694594404473,7324.538288577445,14464.175213657545,0.04461941355968675,2.8337154193712895,0.5833840984706352,1871.0
469,1.5,0.5,1.0,0.4,4.0,6.0,14.0,0.39018241435906814,3033.9475258830257,7435.666927197817,14183.413969697358,0.04489939903904114,2.799826048544647,0.5971138944788814,1643.0
470,1.5,0.5,1.0,0.4,4.0,7.0,14.0,0.39716507534767326,3034.1108875872137,7274.429685067798,14286.754073349135,0.039668695002641696,2.820511022723277,0.5868248555675646,1624.0
471,1.5,0.5,1.0,0.4,4.0,8.0,14.0,0.3937090572302337,3028.3711697602803,7257.411859038975,14333.321438268289,0.04391845513201849,2.844174311093407,0.5866217030913325,1620.5
472,1.5,0.5,1.0,0.4,5.0,6.0,14.0,0.4045841183491201,2565.1591175495214,7430.873620526003,14359.961967940555,0.04520082573286445,2.8060244782450865,0.5890141050249904,1504.5
473,1.5,0.5,1.0,0.4,5.0,7.0,14.0,0.4126093840862269,2559.050225243008,7256.95559473311,14273.532752584542,0.03985947901163264,2.8319187109866277,0.5843346971045149,1471.0
474,1.5,0.5,1.0,0.4,5.0,8.0,14.0,0.40463024340064746,2545.522908511798,7319.856171113948,14299.361855645326,0.04822784053553284,2.8263850929345664,0.5918815419648114,1475.5
475,1.5,0.5,1.0,0.4,6.0,6.0,14.0,0.41306214712344275,2325.9565571885955,7464.127596082894,14318.222169252369,0.04465865433534234,2.791810685411757,0.5871994209428075,1423.5
476,1.5,0.5,1.0,0.4,6.0,7.0,14.0,0.42365566176850256,2348.3321874699186,7329.077701143022,13722.24663745044,0.04220231375262513,2.811259396334631,0.5781053420938302,1407.0
477,1.5,0.5,1.0,0.4,6.0,8.0,14.0,0.40929953335817504,2356.1591539847304,7300.530377068837,14375.138643820745,0.046731070375829034,2.842492502200793,0.5986926463008206,1414.5
478,1.5,0.5,1.0,0.4,7.0,6.0,14.0,0.4193326747824225,2232.8204420459433,7463.741765186669,14184.58984795935,0.03998829765758454,2.8124112093443188,0.5894842549943482,1397.5
479,1.5,0.5,1.0,0.4,7.0,7.0,14.0,0.4174013720217881,2214.321617736122,7328.738855507518,14361.646119924393,0.04416448670628187,2.8160098621227694,0.5913370841839858,1378.0
480,1.5,0.5,1.0,0.4,7.0,8.0,14.0,0.41483264691691946,2214.1571717785505,7289.239216752472,14498.11260623965,0.042680447769997555,2.833071440107892,0.6030924697344677,1379.0
481,1.5,0.5,1.4,0.4,3.0,6.0,14.0,0.37889725697402815,3746.6840398381246,7473.464544961715,14184.43622473425,0.026326770128109314,2.877099181260437,0.5886852790866353,1887.5
482,1.5,0.5,1.4,0.4,3.0,7.0,14.0,0.37475182983966865,3747.0357263086134,7403.3684149968885,14590.161379677047,0.02942718858735044,2.867237212110726,0.5871555768874879,1883.5
483,1.5,0.5,1.4,0.4,3.0,8.0,14.0,0.38070667166671274,3729.7059540967202,7265.940192718828,14247.149043291474,0.028986090937672952,2.862552992100404,0.5916264365439783,1863.0
484,1.5,0.5,1.4,0.4,4.0,6.0,14.0,0.39734673499319223,3029.191398048012,7463.449576408619,14160.019641812607,0.029503059713343452,2.885111069768876,0.5991591136337981,1646.5
485,1.5,0.5,1.4,0.4,4.0,7.0,14.0,0.40599946887139815,3036.5726918827063,7349.447157439687,14242.260982312451,0.02566940754796542,2.8391881802729095,0.5816033007961929,1627.5
486,1.5,0.5,1.4,0.4,4.0,8.0,14.0,0.3994489031318364,3024.5941117311754,7277.753089748631,14414.180231645107,0.02861869784810824,2.8530066262827187,0.6017247996413161,1624.0
487,1.5,0.5,1.4,0.4,5.0,6.0,14.0,0.40713200400236066,2564.7602572275136,7433.60982998018,14242.524930681717,0.031605688330963944,2.848254645761741,0.6195992480273651,1496.5
488,1.5,0.5,1.4,0.4,5.0,7.0,14.0,0.41728585318612144,2538.3573954382,7430.0764817925565,14065.237327210758,0.027527221787664573,2.8639038732403765,0.5943186200270746,1480.5
489,1.5,0.5,1.4,0.4,5.0,8.0,14.0,0.418671929671729,2554.6284468513727,7262.049296487524,14179.606608245991,0.029405499029773678,2.8526483189285345,0.5903605602826627,1470.5
490,1.5,0.5,1.4,0.4,6.0,6.0,14.0,0.4153044663010707,2342.8210106042093,7445.77813302594,14687.185823219736,0.03212308985182466,2.8483787358494834,0.5901914352028854,1439.5
491,1.5,0.5,1.4,0.4,6.0,7.0,14.0,0.4194419929849798,2345.361843462986,7330.088640639207,14346.78490631912,0.02979347149106732,2.8368797449930607,0.605347654025139,1417.0
492,1.5,0.5,1.4,0.4,6.0,8.0,14.0,0.4151532717002388,2326.0372085194604,7336.417579775621,14591.964504187654,0.03117376677445067,2.85606018504291,0.609592998653228,1411.5
493,1.5,0.5,1.4,0.4,7.0,6.0,14.0,0.4213493009792826,2215.9222668966554,7490.104502139311,14438.831235651716,0.030529995983495817,2.836050777572172,0.5949369463850802,1404.5
494,1.5,0.5,1.4,0.4,7.0,7.0,14.0,0.4236737876308167,2234.6142336375706,7391.241224966633,14395.758482737649,0.031217603515379264,2.8523923829763707,0.5872379222940246,1387.5
495,1.5,0.5,1.4,0.4,7.0,8.0,14.0,0.42386298596699995,2226.742717926174,7220.544842493857,14641.05175878167,0.026341571111203103,2.8544583721040753,0.6064558847697297,1373.5
496,1.5,0.5,1.8,0.4,3.0,6.0,14.0,0.38250103694496845,3739.70704749338,7475.216693489687,14261.162916576186,0.016886899192024615,2.9201442150754264,0.5927321482093507,1887.0
497,1.5,0.5,1.8,0.4,3.0,7.0,14.0,0.3820749634713785,3750.204309415391,7382.819920548634,14188.784186350491,0.017763056355910887,2.9097229861727065,0.603496956955286,1877.0
498,1.5,0.5,1.8,0.4,3.0,8.0,14.0,0.3821525949090406,3748.5860645663242,7384.661441173811,14218.562202112931,0.019838329528718283,2.9039076786190345,0.5959934643858626,1874.5
499,1.5,0.5,1.8,0.4,4.0,6.0,14.0,0.4035015610353454,3036.7229035339888,7556.99321799306,14251.79285527813,0.017831156072589716,2.9191416109364576,0.5883339735637779,1651.5
500,1.5,0.5,1.8,0.4,4.0,7.0,14.0,0.40634844575435075,3038.9394975530267,7384.781538191939,14389.918134927428,0.018100085741528063,2.8930275428741052,0.586012044605669,1627.0
501,1.5,0.5,1.8,0.4,4.0,8.0,14.0,0.40461004008373896,3039.642844892008,7362.017083719897,14143.152361102904,0.017097787982712803,2.901194785798646,0.6099268440952103,1623.0
502,1.5,0.5,1.8,0.4,5.0,6.0,14.0,0.42234180458630594,2547.2857893400987,7496.839042999582,14162.398062723303,0.01443622772102154,2.88940380332737,0.5964439852742207,1489.5
503,1.5,0.5,1.8,0.4,5.0,7.0,14.0,0.4207672779919786,2554.448579050102,7421.608891824153,14423.339747349208,0.017232308191064395,2.9317813197724023,0.5823266645575014,1478.5
504,1.5,0.5,1.8,0.4,5.0,8.0,14.0,0.4256754111153848,2532.106613626078,7337.722716887746,14432.634381757813,0.015704589326857213,2.9015129071968735,0.5783719113322825,1473.0
505,1.5,0.5,1.8,0.4,6.0,6.0,14.0,0.42470066786198274,2319.2183028009704,7506.824595008395,14349.210478726913,0.018973288880326792,2.8818757708382217,0.5964247829001466,1427.0
506,1.5,0.5,1.8,0.4,6.0,7.0,14.0,0.42665915940036525,2347.9325264208787,7422.00195300797,14527.52151544375,0.017295204795204796,2.8878163094123046,0.5863597045772148,1421.0
507,1.5,0.5,1.8,0.4,6.0,8.0,14.0,0.43207366997692215,2325.4094203912605,7347.896519218159,14024.387726915102,0.017812107755158027,2.9094521924939896,0.5892888718515882,1409.0
508,1.5,0.5,1.8,0.4,7.0,6.0,14.0,0.4327804003906093,2200.8172299092867,7497.5692147254385,14254.050371434287,0.018372763957579783,2.91748466995677,0.577649444152007,1397.0
509,1.5,0.5,1.8,0.4,7.0,7.0,14.0,0.4355221566768514,2208.2562579199966,7335.259600410957,14238.432085447668,0.017235439263784763,2.881663960106647,0.5872853245464067,1372.0
510,1.5,0.5,1.8,0.4,7.0,8.0,14.0,0.4311382637439652,2213.9603820620014,7385.396850814104,14274.845565174703,0.019360006790378883,2.906915595567848,0.5908907981773645,1373.5
511,1.5,0.5,2.2,0.4,3.0,6.0,14.0,0.37847282511508884,3745.027184454923,7491.315460001597,14402.114536705752,0.015904389095936205,2.9205211614488116,0.6062906893913914,1894.0
512,1.5,0.5,2.2,0.4,3.0,7.0,14.0,0.38828105369424465,3748.2265277868114,7427.048981416645,14338.581261479616,0.01179142400365422,2.918120346603313,0.5809351113692238,1873.0
513,1.5,0.5,2.2,0.4,3.0,8.0,14.0,0.3849174486010942,3741.2525118278863,7393.486990553586,14308.134765678738,0.015292914516058765,2.939225410165259,0.5883293831002493,1869.0
514,1.5,0.5,2.2,0.4,4.0,6.0,14.0,0.40884738362721335,3023.2780193107346,7446.136992145486,14254.69668029084,0.01307543448327193,2.9156164625491057,0.5901425794750952,1640.0
515,1.5,0.5,2.2,0.4,4.0,7.0,14.0,0.40675904669394747,3025.5626388845667,7391.922690950735,14403.627608028622,0.010390123231782447,2.936478169278301,0.6032450354521272,1624.0
516,1.5,0.5,2.2,0.4,4.0,8.0,14.0,0.405825907220569,3036.8905331667884,7381.12196729475,14434.055386595723,0.013684635309133225,2.9469223799674484,0.5935079342063143,1633.5
517,1.5,0.5,2.2,0.4,5.0,6.0,14.0,0.42341139419239066,2551.444079317481,7431.922266728585,14019.506215585121,0.015131531433936373,2.9023078409866283,0.5991085852519288,1489.0
518,1.5,0.5,2.2,0.4,5.0,7.0,14.0,0.42385283818920777,2526.826244938786,7362.754602992644,14235.905988521215,0.014586979730437918,2.898582409719215,0.598945041564158,1469.5
519,1.5,0.5,2.2,0.4,5.0,8.0,14.0,0.42509454244565115,2533.325227300489,7324.615226945789,14267.740451432086,0.01594882570960724,2.9294698046768843,0.5851255649236884,1469.5
520,1.5,0.5,2.2,0.4,6.0,6.0,14.0,0.42910010487313704,2332.4763143643777,7465.070666919457,14690.086455373625,0.01331277739530387,2.8774029195677118,0.5797291293031581,1431.5
521,1.5,0.5,2.2,0.4,6.0,7.0,14.0,0.4304924796945912,2326.5519874248166,7412.613268750564,14230.084874828251,0.013866563910602224,2.9161073994774904,0.5929486529635242,1414.5
522,1.5,0.5,2.2,0.4,6.0,8.0,14.0,0.42872083370200453,2335.254171905859,7337.047991427686,14229.644040353895,0.012811728270110522,2.909551628018536,0.6111886879687527,1406.5
523,1.5,0.5,2.2,0.4,7.0,6.0,14.0,0.4305292780610123,2221.6209467926647,7526.3269245251695,14068.974917640731,0.012972484895737832,2.9087961350756513,0.6099899521687977,1396.0
524,1.5,0.5,2.2,0.4,7.0,7.0,14.0,0.43413350804006784,2216.4880307115636,7381.216324066199,14446.027435231057,0.012781769110883034,2.927682434116332,0.5865317480007901,1377.0
525,1.5,0.5,2.2,0.4,7.0,8.0,14.0,0.43519520015783614,2207.1548444510995,7296.328795708598,14427.673526236675,0.010232068076162084,2.921163997775924,0.6003439286105365,1366.5
526,1.5,0.5,2.6,0.4,3.0,6.0,14.0,0.3867792714467831,3743.196800509533,7457.892658367133,14261.533187064677,0.01263369210440125,2.9159496127624456,0.58740184875018,1883.5
527,1.5,0.5,2.6,0.4,3.0,7.0,14.0,0.3795931453725185,3730.8350477928584,7375.742613081574,14644.964815172538,0.013079266893132574,2.925370353241666,0.6102479043774987,1868.5
528,1.5,0.5,2.6,0.4,3.0,8.0,14.0,0.3857547609827423,3752.952122623401,7357.3344690885215,14534.18043819733,0.011424681265362512,2.9352894079529013,0.5880610511638229,1872.5
529,1.5,0.5,2.6,0.4,4.0,6.0,14.0,0.4067993211869052,3044.193828506941,7499.878403993005,14450.502060113296,0.009093198992443326,2.9232357423772126,0.5944794757358338,1644.0
530,1.5,0.5,2.6,0.4,4.0,7.0,14.0,0.40880272560170944,3027.7922918459494,7328.103657941836,14490.913604187019,0.013243255461747986,2.926264884326401,0.586993069520314,1630.5
531,1.5,0.5,2.6,0.4,4.0,8.0,14.0,0.41184528154699307,3027.8961750351737,7251.958500242553,14122.310677003019,0.012312413329122788,2.95788429696198,0.5949492349429562,1620.5
532,1.5,0.5,2.6,0.4,5.0,6.0,14.0,0.4160838285109289,2573.894571373426,7468.696218447816,14675.981664795472,0.012006013745704466,2.9150003811093024,0.6049188255657265,1503.5
533,1.5,0.5,2.6,0.4,5.0,7.0,14.0,0.4199544827497685,2548.187905974846,7463.068650875561,14296.56983240085,0.013276627896327503,2.8997099221449663,0.606693225293114,1478.5
534,1.5,0.5,2.6,0.4,5.0,8.0,14.0,0.42264514811029935,2558.31422617063,7244.735752068913,14536.180359318758,0.011481797346782554,2.9438394701844635,0.599820346291776,1476.0
535,1.5,0.5,2.6,0.4,6.0,6.0,14.0,0.4338913238240383,2335.537872046566,7487.8894407926055,14287.757189432548,0.010537961958839513,2.8789059295576447,0.5818386565796262,1433.0
536,1.5,0.5,2.6,0.4,6.0,7.0,14.0,0.430957487212424,2324.699068974168,7388.984563665283,14391.391430766187,0.01098065391517486,2.9099690769574567,0.5956175504752066,1419.0
537,1.5,0.5,2.6,0.4,6.0,8.0,14.0,0.4329934961960593,2345.7452452739853,7367.768646113466,14321.98501630743,0.011633246860767228,2.940411093430929,0.58138281265114,1418.5
538,1.5,0.5,2.6,0.4,7.0,6.0,14.0,0.4304628988748063,2206.0515745771063,7470.546167704066,14582.305017653165,0.01368735914603205,2.910395532917036,0.5909441620814511,1396.0
539,1.5,0.5,2.6,0.4,7.0,7.0,14.0,0.4347009206493447,2233.184964925313,7366.405374358599,14408.498965331164,0.014173326673326672,2.91709316895216,0.5814302179912049,1387.0
540,1.5,0.5,2.6,0.4,7.0,8.0,14.0,0.43326993778871237,2219.9610109928876,7280.921166016267,14350.196096422585,0.012017862452742025,2.9497984978026306,0.6028625606267547,1373.0
541,1.5,0.7,0.6,0.4,3.0,6.0,14.0,0.3503791544334631,3749.559565014461,7445.933400278533,14333.858382170294,0.07006237997983161,2.7932142344386164,0.5925833239740346,1900.0
542,1.5,0.7,0.6,0.4,3.0,7.0,14.0,0.35869289047570413,3727.507081876575,7320.252217849073,14048.528678304663,0.0688134234651143,2.7805068441370486,0.5864170108323922,1864.0
543,1.5,0.7,0.6,0.4,3.0,8.0,14.0,0.3583205382079173,3753.4089960936267,7308.731717006805,14009.023076215439,0.07130283350682268,2.79636201330038,0.5769465741938777,1872.5
544,1.5,0.7,0.6,0.4,4.0,6.0,14.0,0.3786753866925922,3035.267836247842,7416.723906228837,14181.54076027642,0.06475426405324758,2.7649153203042496,0.5953719891111575,1643.0
545,1.5,0.7,0.6,0.4,4.0,7.0,14.0,0.3843367767968016,3059.7666267787667,7319.608694194586,13687.16699053508,0.06719456505051359,2.7600534857055052,0.5892820818531053,1621.0
546,1.5,0.7,0.6,0.4,4.0,8.0,14.0,0.3815360785563886,3029.6922966191187,7292.506159283268,14114.139074862747,0.06610456082624988,2.761031118292383,0.5929296169061168,1628.5
547,1.5,0.7,0.6,0.4,5.0,6.0,14.0,0.3885159486261281,2558.750619198606,7424.152572285877,14306.03437188642,0.06884116319284027,2.7648067064693866,0.6004830091763523,1508.5
548,1.5,0.7,0.6,0.4,5.0,7.0,14.0,0.40567053751328674,2544.285385491418,7349.666704200546,13602.10825644339,0.062051954539777694,2.76365406476618,0.5819614457076283,1471.5
549,1.5,0.7,0.6,0.4,5.0,8.0,14.0,0.39606331490311253,2544.0684743463753,7230.832435846587,14261.273021750698,0.06582276838430895,2.7862175394834203,0.5923624254163466,1470.0
550,1.5,0.7,0.6,0.4,6.0,6.0,14.0,0.4020430202280818,2322.7796924676604,7381.092675407969,14212.574966434782,0.06953743700503959,2.7433319661903974,0.5802366984767153,1434.5
551,1.5,0.7,0.6,0.4,6.0,7.0,14.0,0.40570609850547906,2348.091490248039,7342.731155058749,14108.84901095145,0.062103814250009055,2.781063251269786,0.5855218176114105,1410.5
552,1.5,0.7,0.6,0.4,6.0,8.0,14.0,0.4066698117268281,2329.710744815038,7318.710128304069,13728.217419620092,0.06391033940040108,2.811337356239348,0.5936119709343773,1404.5
553,1.5,0.7,0.6,0.4,7.0,6.0,14.0,0.4031489353072266,2233.4067983359455,7471.835441856183,13884.201479845131,0.07320561132938075,2.7361624996950944,0.5850914522019568,1412.5
554,1.5,0.7,0.6,0.4,7.0,7.0,14.0,0.4059970053993571,2190.6254040586728,7373.394414201186,13870.725929335984,0.06348836176261549,2.779694572225295,0.6121390729392824,1375.5
555,1.5,0.7,0.6,0.4,7.0,8.0,14.0,0.4075201834450897,2216.617460897817,7386.234383742634,14186.069735839254,0.06110616414898494,2.8061151820639347,0.588772109347845,1378.5
556,1.5,0.7,1.0,0.4,3.0,6.0,14.0,0.3706087404314875,3731.2948103789827,7384.672364163735,14321.06360162152,0.039307667513020464,2.837134945710621,0.5964264806010311,1882.0
557,1.5,0.7,1.0,0.4,3.0,7.0,14.0,0.3742287944354185,3749.931242142853,7299.260904165879,14116.418210177164,0.041539983549888124,2.833842807128131,0.5867865704116639,1866.5
558,1.5,0.7,1.0,0.4,3.0,8.0,14.0,0.37078086434579144,3743.277700948338,7277.980433121438,14437.107902537955,0.04085288580532852,2.8372375405883643,0.5928550115920714,1871.5
559,1.5,0.7,1.0,0.4,4.0,6.0,14.0,0.39295760692591125,3032.678565192453,7472.76988548963,14484.88784253773,0.03805974172777364,2.8599880435056897,0.5797917975639095,1652.0
560,1.5,0.7,1.0,0.4,4.0,7.0,14.0,0.3930503984188378,3052.543593180925,7367.819339429081,14189.750277163825,0.03613272915998576,2.851331430716485,0.606968766827392,1632.0
561,1.5,0.7,1.0,0.4,4.0,8.0,14.0,0.3964550525956374,3023.7202764521035,7345.424829506352,14335.986928625309,0.03786451112182772,2.8349132371287507,0.5868897683748215,1630.5
562,1.5,0.7,1.0,0.4,5.0,6.0,14.0,0.4116564650541668,2540.889099476205,7464.345753462174,13856.9618654338,0.04014790011658488,2.8078038118232973,0.5953407036098544,1488.5
563,1.5,0.7,1.0,0.4,5.0,7.0,14.0,0.4164538545667116,2559.189300995886,7277.606885183874,14046.055178888098,0.03938371219753448,2.8260391663544935,0.5770917917194676,1479.0
564,1.5,0.7,1.0,0.4,5.0,8.0,14.0,0.4118136661225377,2542.3753699164185,7365.185146226682,14271.399955760413,0.03814589087582828,2.8293770174398483,0.5869976460696521,1478.0
565,1.5,0.7,1.0,0.4,6.0,6.0,14.0,0.4156833211074871,2331.0248557695786,7374.319378657817,14138.691888581907,0.04338042909471481,2.8166223840466573,0.5908299884683486,1424.0
566,1.5,0.7,1.0,0.4,6.0,7.0,14.0,0.4208951798122175,2330.9656403077265,7260.158243102482,14190.136933316579,0.04202634429831222,2.7978452737229222,0.5805642337611905,1406.5
567,1.5,0.7,1.0,0.4,6.0,8.0,14.0,0.4132552727950753,2333.762924187624,7341.623455968875,14343.947201119096,0.043323699002338574,2.826411942368671,0.5941015856935491,1414.0
568,1.5,0.7,1.0,0.4,7.0,6.0,14.0,0.42265366161843576,2244.6427091286423,7387.156647505061,13925.274633290312,0.043402278700138706,2.8166246357994784,0.5792430025774746,1383.0
569,1.5,0.7,1.0,0.4,7.0,7.0,14.0,0.4208970962984719,2205.539927909753,7312.7595659413855,14291.976007848105,0.044353355237274975,2.796810147289847,0.582720557652668,1372.0
570,1.5,0.7,1.0,0.4,7.0,8.0,14.0,0.42531091123064185,2208.528850746548,7365.98768995192,13794.733395307212,0.04289790668005984,2.8237219643707827,0.5805642414539484,1374.5
571,1.5,0.7,1.4,0.4,3.0,6.0,14.0,0.3760339467079359,3736.170523388447,7498.842000826973,14392.141967067248,0.026094615131120144,2.874465633063102,0.5931050696753044,1893.0
572,1.5,0.7,1.4,0.4,3.0,7.0,14.0,0.37917475112138815,3736.451842625617,7416.940674120613,14316.58882222209,0.026379955759741364,2.8661586694349928,0.5890959243276075,1879.5
573,1.5,0.7,1.4,0.4,3.0,8.0,14.0,0.3840438247054547,3732.2716355000466,7303.490201940489,14310.243171821647,0.02340454776952103,2.8978275079672526,0.5817356368213191,1860.5
574,1.5,0.7,1.4,0.4,4.0,6.0,14.0,0.3957660885595193,3042.0932754185974,7500.320327347781,14365.976149080929,0.02706359822037143,2.8769145349093654,0.6008065026425292,1653.5
575,1.5,0.7,1.4,0.4,4.0,7.0,14.0,0.4031397570591735,3030.8857511865144,7376.871925717939,14266.193722341093,0.024709037724179185,2.8667154685175915,0.5917650335546958,1630.0
576,1.5,0.7,1.4,0.4,4.0,8.0,14.0,0.40255091812705285,3032.3312694666383,7306.40971768288,14300.565870139064,0.02328179893042093,2.8876855560533534,0.6005905008829119,1620.5
577,1.5,0.7,1.4,0.4,5.0,6.0,14.0,0.41695362077287784,2546.446761851873,7481.359553830702,14064.070028563947,0.02547227768391952,2.860861510934888,0.597199179898074,1488.5
578,1.5,0.7,1.4,0.4,5.0,7.0,14.0,0.41484082168196196,2537.2886926509345,7403.6483151072425,14355.01120966643,0.028335490603333235,2.84606045877256,0.5948914362489688,1481.5
579,1.5,0.7,1.4,0.4,5.0,8.0,14.0,0.4173918534617223,2535.06400706111,7363.350771823736,14328.692036252514,0.02653394304134382,2.842232726146873,0.5941146096340246,1472.5
580,1.5,0.7,1.4,0.4,6.0,6.0,14.0,0.41887706040438094,2334.6866716721356,7435.5779620991525,14613.652885227895,0.029215809278697512,2.8241034004495154,0.5914090665553218,1432.5
581,1.5,0.7,1.4,0.4,6.0,7.0,14.0,0.4229217724009506,2312.8224417594806,7370.1064062706455,14098.014315824701,0.02974956113335773,2.868018934345117,0.5973980947503204,1412.0
582,1.5,0.7,1.4,0.4,6.0,8.0,14.0,0.42887725924697345,2330.884972107924,7303.622299705171,14230.966483556076,0.02453161562787109,2.845687890606738,0.5856260386994656,1404.5
583,1.5,0.7,1.4,0.4,7.0,6.0,14.0,0.4211587815789315,2209.213384821568,7481.892556956931,14444.12000140424,0.026067746686303385,2.8719526484495903,0.6064955275949452,1396.5
584,1.5,0.7,1.4,0.4,7.0,7.0,14.0,0.42909848921681953,2217.6464815401714,7292.419438481835,14529.68534387145,0.02708455746977852,2.882032635190555,0.5752336686848643,1384.0
585,1.5,0.7,1.4,0.4,7.0,8.0,14.0,0.4270855125332443,2211.3701268553314,7348.952258144976,14121.009790889915,0.027587554903900958,2.851117351005434,0.6028568596411181,1374.5
586,1.5,0.7,1.8,0.4,3.0,6.0,14.0,0.37933781861099786,3739.2322825147185,7484.982748340955,14630.823189947158,0.01711379250445374,2.9067987985058545,0.5909038169973369,1887.5
587,1.5,0.7,1.8,0.4,3.0,7.0,14.0,0.38132500792464624,3739.955793257064,7397.792880901836,14340.096846789314,0.017902469593613725,2.891678210444721,0.6023238665636388,1866.5
588,1.5,0.7,1.8,0.4,3.0,8.0,14.0,0.3854485801943413,3763.6234291843803,7316.750292472025,14179.505653177044,0.01746034608148963,2.9058894585081347,0.5931038815443896,1871.0
589,1.5,0.7,1.8,0.4,4.0,6.0,14.0,0.4047150106532171,3031.0561527689897,7514.0473948841045,14278.57168411427,0.014792993348377264,2.896641061762974,0.5988584852072012,1646.5
590,1.5,0.7,1.8,0.4,4.0,7.0,14.0,0.4068680500486344,3033.147909326301,7364.600422072053,14487.167368823411,0.016610436959242532,2.912821714395524,0.5835487257562866,1628.0
591,1.5,0.7,1.8,0.4,4.0,8.0,14.0,0.4039711566750892,3020.7974718749906,7373.678739753933,14415.125947644556,0.017349746334375613,2.9096310481720877,0.5999912733374926,1621.5
592,1.5,0.7,1.8,0.4,5.0,6.0,14.0,0.41490662806784967,2540.8364130644554,7524.334000247891,14490.924004835077,0.01911805531379685,2.8968990881472116,0.5991496795157334,1497.5
593,1.5,0.7,1.8,0.4,5.0,7.0,14.0,0.4206981946557536,2567.3214664635952,7455.528137786638,14268.216641372946,0.01881288036500533,2.8943411892094146,0.5852908131336811,1486.5
594,1.5,0.7,1.8,0.4,5.0,8.0,14.0,0.4269860706945399,2558.0194764218613,7270.890620291038,14218.592580082523,0.017687769752161728,2.8983925840027847,0.578282139112868,1470.0
595,1.5,0.7,1.8,0.4,6.0,6.0,14.0,0.42446997699276284,2321.7697170341403,7523.992738537044,14389.45610789324,0.020586483956776994,2.877862388162919,0.5891381269170974,1434.0
596,1.5,0.7,1.8,0.4,6.0,7.0,14.0,0.4250283727291884,2308.1341510812695,7421.022785162337,14380.825894731399,0.017462066819774906,2.8628462927927423,0.6102183297591333,1408.0
597,1.5,0.7,1.8,0.4,6.0,8.0,14.0,0.4331619123843062,2348.519331262176,7332.544731627428,14155.105138434392,0.01892424217276082,2.9050887655048503,0.5728547321796947,1411.0
598,1.5,0.7,1.8,0.4,7.0,6.0,14.0,0.43259445699460214,2222.6232807707684,7504.458200599758,14186.27393092987,0.01756675933270187,2.881582259274313,0.5855357489421217,1396.0
599,1.5,0.7,1.8,0.4,7.0,7.0,14.0,0.4301048421520958,2219.298265813956,7393.896925103518,14294.883182134807,0.019824835640695093,2.9233920221200362,0.5895057671338684,1388.5
600,1.5,0.7,1.8,0.4,7.0,8.0,14.0,0.4306667513609294,2240.244214282944,7343.897930713616,14394.025877882745,0.01581626137876936,2.8882549874131604,0.6012727807906812,1386.0
601,1.5,0.7,2.2,0.4,3.0,6.0,14.0,0.3844178164238297,3776.3660500239966,7466.373281109787,14086.981788560373,0.013451033555670743,2.905752539861215,0.600031736070821,1875.5
602,1.5,0.7,2.2,0.4,3.0,7.0,14.0,0.38495413207759904,3745.5010987622786,7432.719405630318,14193.002514261927,0.01297495370009872,2.9424120694706293,0.5964049063568031,1874.0
603,1.5,0.7,2.2,0.4,3.0,8.0,14.0,0.38470687590604463,3731.840609013645,7362.654139873119,14468.102849180566,0.01645040528681617,2.9142655884785356,0.5858353029846002,1873.5
604,1.5,0.7,2.2,0.4,4.0,6.0,14.0,0.40883689756052083,3043.299773947847,7452.93196804547,14165.547222643396,0.015234403975966175,2.9153033856118213,0.5838980545894122,1643.0
605,1.5,0.7,2.2,0.4,4.0,7.0,14.0,0.4078017071854379,3037.8945428556017,7446.131085498464,14208.165251730754,0.01315829699061537,2.909949597659866,0.5956901901147382,1629.0
606,1.5,0.7,2.2,0.4,4.0,8.0,14.0,0.4108776718216807,3024.5147091528224,7371.294525028468,14263.907736258949,0.012956436269840218,2.9034474732856532,0.5885489495838382,1626.0
607,1.5,0.7,2.2,0.4,5.0,6.0,14.0,0.42234042811240396,2540.212007475825,7544.625730564204,14212.783333257881,0.013407492120965573,2.9210445895502826,0.5896713974944605,1493.0
608,1.5,0.7,2.2,0.4,5.0,7.0,14.0,0.4174346805086692,2536.948185011328,7516.539795261945,14557.37291898701,0.01675105517484181,2.932110373721309,0.5877119574348305,1492.0
609,1.5,0.7,2.2,0.4,5.0,8.0,14.0,0.4274640075944877,2539.5162873813038,7287.25119012818,14239.748602566684,0.013610257314193594,2.905114975818196,0.5884188238984231,1477.0
610,1.5,0.7,2.2,0.4,6.0,6.0,14.0,0.42507121785869934,2329.594217060212,7461.028562090447,14614.018919257902,0.014356823007188529,2.906809655611344,0.5958998592432367,1433.0
611,1.5,0.7,2.2,0.4,6.0,7.0,14.0,0.43073305225662156,2342.2239472109895,7388.923038316383,14373.677926481763,0.014546762415977563,2.9195826857379634,0.58210369933015,1410.0
612,1.5,0.7,2.2,0.4,6.0,8.0,14.0,0.43555292785599503,2334.4247263631014,7382.218190771662,14275.353545066246,0.010560672215514322,2.9223410670635253,0.5777299876643509,1411.5
613,1.5,0.7,2.2,0.4,7.0,6.0,14.0,0.42702223560513786,2210.4911445071994,7519.080254749457,14417.34828933658,0.014765027718395593,2.8974411448521513,0.6086398379448135,1390.5
614,1.5,0.7,2.2,0.4,7.0,7.0,14.0,0.43822291195103596,2206.238680932929,7373.976205185465,14284.642820480029,0.010498862755562333,2.945296411287211,0.581476835005548,1375.0
615,1.5,0.7,2.2,0.4,7.0,8.0,14.0,0.4270684627328445,2237.6866948881843,7353.144123466259,14743.698345772878,0.014091305236206846,2.9023551224355995,0.6051591027620729,1385.5
616,1.5,0.7,2.6,0.4,3.0,6.0,14.0,0.38651241962802835,3751.4127912485505,7435.413363052862,14357.892453567418,0.012290147769097336,2.9192024726403023,0.5855408414051125,1885.5
617,1.5,0.7,2.6,0.4,3.0,7.0,14.0,0.3835216201984099,3751.4450145021037,7373.559413391244,14442.25206530179,0.014362696083236197,2.940521272388355,0.5917423821307508,1872.0
618,1.5,0.7,2.6,0.4,3.0,8.0,14.0,0.3844073608550606,3729.287624846381,7350.550622443247,14379.928345455293,0.01401641088346575,2.914453657439115,0.6006455030529854,1869.5
619,1.5,0.7,2.6,0.4,4.0,6.0,14.0,0.41004635190410915,3022.706007008876,7419.168872963792,14448.331486363855,0.010373388650170394,2.9517433965860933,0.5812443692960757,1644.0
620,1.5,0.7,2.6,0.4,4.0,7.0,14.0,0.40913604822312993,3056.5603827655996,7444.797443843121,14241.16019492704,0.010491040995429007,2.923941487598199,0.5915700883448998,1628.0
621,1.5,0.7,2.6,0.4,4.0,8.0,14.0,0.4064716373594323,3075.092973883069,7341.838027562173,14496.402171924412,0.012600052427245897,2.9433543787377823,0.5891803424629347,1630.5
622,1.5,0.7,2.6,0.4,5.0,6.0,14.0,0.42109785497593427,2572.2459301322633,7474.601580258476,14255.25084750546,0.011771025168815223,2.9157563213454663,0.6010184982599363,1489.0
623,1.5,0.7,2.6,0.4,5.0,7.0,14.0,0.41791774575969565,2531.1376618065133,7429.3477449110715,14467.655958542648,0.013164392462638078,2.9451632783474615,0.6078553034392438,1482.0
624,1.5,0.7,2.6,0.4,5.0,8.0,14.0,0.43010823518226426,2555.9890517435797,7218.851115432031,14459.243013486543,0.0106015844935855,2.921062557031854,0.5763404615077845,1474.5
625,1.5,0.7,2.6,0.4,6.0,6.0,14.0,0.42704920696527954,2329.949283784702,7495.0668037930955,14223.550992983372,0.011931321004448693,2.933445613970176,0.6056577258065015,1429.0
626,1.5,0.7,2.6,0.4,6.0,7.0,14.0,0.42790197052285933,2330.006394150558,7425.548789120822,14426.791903825337,0.013511628241810236,2.9330577922815464,0.593169361161066,1420.0
627,1.5,0.7,2.6,0.4,6.0,8.0,14.0,0.43069036427732793,2324.4670811783126,7353.557963993129,14639.365261223946,0.009910121805971193,2.930518347884785,0.5889045245609785,1414.5
628,1.5,0.7,2.6,0.4,7.0,6.0,14.0,0.4335185682091947,2221.229134705086,7398.186594506072,14468.446062835537,0.010944155506132125,2.9224223094081694,0.5928361680486639,1388.0
629,1.5,0.7,2.6,0.4,7.0,7.0,14.0,0.43370735367242474,2230.661106267033,7385.99344767709,14533.268374050767,0.011215755813739216,2.9445689374002093,0.5845067525907239,1379.0
630,1.5,0.7,2.6,0.4,7.0,8.0,14.0,0.4406354676625798,2209.1465328993763,7281.954007151595,14167.462695097465,0.009901716218965129,2.9398187690122004,0.5858451455585876,1368.0
631,1.5,0.9,0.6,0.4,3.0,6.0,14.0,0.3548032568349731,3742.218869223192,7421.713948854815,14071.748171232946,0.07105745037741124,2.7530655301268867,0.5894944042036312,1892.5
632,1.5,0.9,0.6,0.4,3.0,7.0,14.0,0.354221195446727,3729.565345979873,7338.865653783634,14045.44356057502,0.07131014505597386,2.7879096022765033,0.5970140740017635,1878.5
633,1.5,0.9,0.6,0.4,3.0,8.0,14.0,0.36076904334347976,3724.11088116495,7209.224030908146,14177.161690196637,0.06758901112104682,2.7932542315687527,0.582877029256224,1862.5
634,1.5,0.9,0.6,0.4,4.0,6.0,14.0,0.37863649596062315,3043.615842978712,7430.009158119266,14076.29861045477,0.06575473882695425,2.7630670732690334,0.5951327646289777,1650.5
635,1.5,0.9,0.6,0.4,4.0,7.0,14.0,0.38046905596546504,3024.0054402314213,7277.11331079929,14351.276976624467,0.06350939152507863,2.783432051140209,0.5942229497867699,1622.0
636,1.5,0.9,0.6,0.4,4.0,8.0,14.0,0.3785636940876116,3044.4072901875697,7230.923947362944,14238.220764525482,0.07011851784579057,2.7814362525903498,0.5888510856594681,1626.5
637,1.5,0.9,0.6,0.4,5.0,6.0,14.0,0.3935810739614964,2536.139973126102,7402.670604609426,14184.075541202568,0.06626468994084539,2.7470261672922387,0.5980168740362437,1493.5
638,1.5,0.9,0.6,0.4,5.0,7.0,14.0,0.3897195982375377,2554.5749236197134,7332.382858429915,14732.387099602218,0.06838533583816603,2.7605627691377332,0.5854943591339405,1485.5
639,1.5,0.9,0.6,0.4,5.0,8.0,14.0,0.39490817503801906,2547.6945365230363,7232.230688234126,13974.543459809205,0.0687610135843501,2.788639193035907,0.6009802982362481,1468.0
640,1.5,0.9,0.6,0.4,6.0,6.0,14.0,0.40207142669243656,2332.9533599472925,7438.361085392935,13893.846880837198,0.07010346934050819,2.7683599871213516,0.5830864078933016,1434.5
641,1.5,0.9,0.6,0.4,6.0,7.0,14.0,0.40831686193262123,2306.2229975254086,7326.40830080217,13673.987315566721,0.06659996794821564,2.746324183743911,0.5917999579067429,1407.0
642,1.5,0.9,0.6,0.4,6.0,8.0,14.0,0.4021302950610112,2300.576973915442,7315.742981884239,13954.118254061006,0.07166818595246538,2.7527627207483047,0.5929750162036362,1405.0
643,1.5,0.9,0.6,0.4,7.0,6.0,14.0,0.40838419575777696,2219.9353919665436,7375.859640546021,14048.914793802,0.06145924412137517,2.7694107204859364,0.5956142186712539,1391.5
644,1.5,0.9,0.6,0.4,7.0,7.0,14.0,0.40455920784399635,2221.564983576056,7432.020951678765,13771.767692310394,0.06898190247224228,2.7744106528655874,0.5969915017840368,1388.5
645,1.5,0.9,0.6,0.4,7.0,8.0,14.0,0.4058941417346255,2192.2195552614135,7308.707273396856,13824.833205699606,0.07055941741145316,2.80953389363511,0.5934116793100556,1375.0
646,1.5,0.9,1.0,0.4,3.0,6.0,14.0,0.37344245214307065,3723.715997472102,7457.796413988921,14230.128792111049,0.03697580693004695,2.81100776003648,0.5929424147201994,1882.5
647,1.5,0.9,1.0,0.4,3.0,7.0,14.0,0.3712073647211081,3768.3771376545483,7343.979284160221,14394.236599754768,0.037034986178053994,2.8182975218903428,0.5980931198702542,1875.5
648,1.5,0.9,1.0,0.4,3.0,8.0,14.0,0.3776218946299304,3721.86154650349,7264.295748363125,14030.889970101014,0.03736523960864959,2.8363598750104737,0.5948690963604266,1859.0
649,1.5,0.9,1.0,0.4,4.0,6.0,14.0,0.3901817540375339,3038.6813361313425,7466.152863801259,14263.055453317349,0.039014267415683805,2.833921353254671,0.6039064944505883,1645.0
650,1.5,0.9,1.0,0.4,4.0,7.0,14.0,0.3928460766269067,3033.1043703125474,7340.456308825097,14276.519803461153,0.03912028386463583,2.8618492466141374,0.5981700111265642,1628.5
651,1.5,0.9,1.0,0.4,4.0,8.0,14.0,0.3984165572574354,3018.5934768767556,7325.2468351771895,14252.451289832137,0.03496021997084614,2.846344381638729,0.5916338019570345,1626.5
652,1.5,0.9,1.0,0.4,5.0,6.0,14.0,0.41136865276616047,2550.9150799105773,7388.328460377956,14228.17414794048,0.04177384467640169,2.815126427514774,0.578248015931847,1493.5
653,1.5,0.9,1.0,0.4,5.0,7.0,14.0,0.41316088348322927,2526.9399529930206,7360.314986216761,14154.749328219177,0.03670338864872402,2.814110800149004,0.5955801167101121,1467.5
654,1.5,0.9,1.0,0.4,5.0,8.0,14.0,0.41078241039840796,2539.528653131134,7252.470854684319,14253.30791569511,0.040093391032003024,2.803189007460725,0.6007569486859321,1466.5
655,1.5,0.9,1.0,0.4,6.0,6.0,14.0,0.41467843398393406,2321.884984500827,7435.174215456711,14367.04628228717,0.03875557838762049,2.8283462008217954,0.594002333224496,1429.0
656,1.5,0.9,1.0,0.4,6.0,7.0,14.0,0.41657712715426104,2327.722829500049,7334.27771829979,14291.010829763485,0.03805129509636494,2.8186779680799647,0.6001890209614449,1411.0
657,1.5,0.9,1.0,0.4,6.0,8.0,14.0,0.42219756915415935,2327.1621202718206,7290.499315576791,14217.95661418202,0.03888356529013613,2.8103336725264247,0.5791535713335092,1405.5
658,1.5,0.9,1.0,0.4,7.0,6.0,14.0,0.41862209791220234,2203.6795870234955,7482.121654457932,14113.143341993495,0.04086291346677148,2.825554926801627,0.594345619666381,1397.5
659,1.5,0.9,1.0,0.4,7.0,7.0,14.0,0.4209851706016707,2220.970974659833,7371.456364322226,14100.883985598688,0.03940245482124699,2.838177745228638,0.5936768834399248,1377.5
660,1.5,0.9,1.0,0.4,7.0,8.0,14.0,0.42281353801607824,2222.360820297805,7296.685264062755,14178.63594365055,0.03689386926048985,2.8352123515522236,0.5961294376424595,1376.5
661,1.5,0.9,1.4,0.4,3.0,6.0,14.0,0.3784518988057948,3735.574869068866,7440.133428038285,14257.231680309718,0.024011817700503115,2.869938446601725,0.6004677615728484,1880.5
662,1.5,0.9,1.4,0.4,3.0,7.0,14.0,0.3787485597721787,3749.7933659547034,7416.941239739569,14182.16185003068,0.026972479688751574,2.8973637121432043,0.5890998130295322,1871.0
663,1.5,0.9,1.4,0.4,3.0,8.0,14.0,0.38346781435335653,3750.1782821670267,7213.294430810212,14280.536642484454,0.02570236230923506,2.876963264015847,0.5868405524001339,1867.0
664,1.5,0.9,1.4,0.4,4.0,6.0,14.0,0.3987290859843003,3021.5076235610522,7513.697693980523,14177.232671894366,0.0301054413177307,2.8709605755383656,0.5885009976503781,1648.0
665,1.5,0.9,1.4,0.4,4.0,7.0,14.0,0.39840387008667316,3036.878097086741,7372.363593152611,14552.031174975917,0.025641719551303736,2.90085981362993,0.5926800069777133,1632.0
666,1.5,0.9,1.4,0.4,4.0,8.0,14.0,0.4069371902220808,3038.0454013393055,7252.8897076994745,14318.506054777667,0.023933743848741876,2.8827030196053105,0.5812125417757077,1621.5
667,1.5,0.9,1.4,0.4,5.0,6.0,14.0,0.4121373301377586,2563.764495418909,7510.1424701443775,14414.724533989121,0.024874377435879225,2.8803931771379148,0.5977665502511178,1501.5
668,1.5,0.9,1.4,0.4,5.0,7.0,14.0,0.4175096097709587,2556.2004831196405,7412.274227492828,14421.090209477145,0.024809059158306817,2.863492103771893,0.5841446414051961,1480.0
669,1.5,0.9,1.4,0.4,5.0,8.0,14.0,0.415603395559879,2544.8996377211392,7339.415296950576,14311.837035023122,0.02792296205200281,2.856799620028667,0.5976095126875989,1479.5
670,1.5,0.9,1.4,0.4,6.0,6.0,14.0,0.4225266348594667,2313.257153995172,7482.458914456183,14156.947213674135,0.027319706834596363,2.8542640155182735,0.5962094577116124,1423.0
671,1.5,0.9,1.4,0.4,6.0,7.0,14.0,0.42352536426098836,2350.6846364030534,7363.359976651313,14393.0195719043,0.026485333237039443,2.8417422669281436,0.5897022268199985,1412.5
672,1.5,0.9,1.4,0.4,6.0,8.0,14.0,0.42406350428625705,2352.495808089436,7350.679459737074,13964.442655945086,0.027762867208921772,2.8521479220273607,0.6025666219421097,1414.0
673,1.5,0.9,1.4,0.4,7.0,6.0,14.0,0.4278869165775509,2214.915900602435,7458.4244829885465,13969.580852915737,0.028872871850691147,2.8604960683772775,0.5904172813385069,1390.5
674,1.5,0.9,1.4,0.4,7.0,7.0,14.0,0.4250612908359029,2231.789448258244,7374.590610620014,14474.087334052929,0.025384299795386325,2.8428797519616373,0.5988237998174544,1388.5
675,1.5,0.9,1.4,0.4,7.0,8.0,14.0,0.4281274023873009,2195.4198572538894,7263.14847051972,14476.666087376267,0.027749030646741456,2.85002987808089,0.5907922435548523,1373.5
676,1.5,0.9,1.8,0.4,3.0,6.0,14.0,0.38249848649916124,3756.9945252678544,7494.495672223295,14486.969348892519,0.014821890724100012,2.9156371962305565,0.5850469746253746,1899.0
677,1.5,0.9,1.8,0.4,3.0,7.0,14.0,0.3823750625283209,3762.9591667999357,7353.815804355258,14115.110235689719,0.018305340116580616,2.9216329169326345,0.6027396463803161,1869.5
678,1.5,0.9,1.8,0.4,3.0,8.0,14.0,0.39011272621775445,3732.930077427086,7302.33883658104,14052.222085116122,0.015950683759303808,2.938390631744779,0.582807667339721,1863.5
679,1.5,0.9,1.8,0.4,4.0,6.0,14.0,0.4060824685324947,3039.6464736627236,7484.781639923616,14197.39522207746,0.0175337048647737,2.8941363913346727,0.5890070376276758,1645.5
680,1.5,0.9,1.8,0.4,4.0,7.0,14.0,0.40441503230410375,3016.5610619057597,7387.426406827648,14384.314935716855,0.017434660424732754,2.910464536406252,0.5983372487119767,1627.5
681,1.5,0.9,1.8,0.4,4.0,8.0,14.0,0.4040384778235749,3036.055870403422,7279.053255699333,14353.688687513571,0.016878583289899517,2.903247664306929,0.6110869303737854,1626.0
682,1.5,0.9,1.8,0.4,5.0,6.0,14.0,0.4151195858128885,2534.048233171964,7540.911400317204,14412.043650255264,0.018996322629846532,2.913801805638993,0.5993654539412396,1497.5
683,1.5,0.9,1.8,0.4,5.0,7.0,14.0,0.42277510608344954,2559.019801888226,7433.22363064504,14143.535764060976,0.018232445067276348,2.874285055735609,0.5891472328635885,1481.0
684,1.5,0.9,1.8,0.4,5.0,8.0,14.0,0.4222738556555441,2555.089633475345,7398.22488576877,14418.114543576688,0.016146054342618576,2.885174664591053,0.5874569050109075,1481.5
685,1.5,0.9,1.8,0.4,6.0,6.0,14.0,0.4253250430909856,2321.7485337823728,7467.139771485687,14233.682003120484,0.016473772633936908,2.8740972745070614,0.6111196999082745,1423.5
686,1.5,0.9,1.8,0.4,6.0,7.0,14.0,0.42902344829343547,2326.511640047188,7421.4098942138235,14501.66334919865,0.015569020021074817,2.899050401228693,0.5834328625781252,1412.5
687,1.5,0.9,1.8,0.4,6.0,8.0,14.0,0.4343524129088521,2327.3536649314037,7356.539752941003,14028.627703294242,0.01711313881437925,2.8922086264357914,0.5817896863523493,1402.0
688,1.5,0.9,1.8,0.4,7.0,6.0,14.0,0.43219139919974,2220.187951300769,7504.735207510443,14384.059398278747,0.017790216794287744,2.892003752117033,0.5763020004485416,1408.0
689,1.5,0.9,1.8,0.4,7.0,7.0,14.0,0.43180321605766525,2213.442479909945,7404.115679890465,14300.61509994807,0.01724793091640986,2.903164555319714,0.5921951267634069,1385.0
690,1.5,0.9,1.8,0.4,7.0,8.0,14.0,0.43653251353565686,2253.5828696662093,7281.860280264706,14109.0363473568,0.018443260048856318,2.9168830788230333,0.577533347161231,1376.0
691,1.5,0.9,2.2,0.4,3.0,6.0,14.0,0.3812140062354264,3757.7540645126437,7502.229290747106,14437.802059745107,0.011698973965474587,2.926787872019852,0.6011245344272775,1893.0
692,1.5,0.9,2.2,0.4,3.0,7.0,14.0,0.38223500889859036,3745.2192653048924,7405.002688483658,14491.49383440343,0.013734979212939234,2.949683345519397,0.5944454609841449,1875.5
693,1.5,0.9,2.2,0.4,3.0,8.0,14.0,0.38499675421324797,3734.2212643592493,7310.202601026079,14429.425402276356,0.014461566746335513,2.9408178740021587,0.5931381167472798,1864.5
694,1.5,0.9,2.2,0.4,4.0,6.0,14.0,0.4062319860701868,3047.2860180827774,7465.38670569007,14416.118649933696,0.011248344036441002,2.947247845767959,0.5910931456445647,1645.0
695,1.5,0.9,2.2,0.4,4.0,7.0,14.0,0.40883395813956763,3041.7061398943515,7349.02096701186,14479.051629979589,0.013078368727682766,2.913630482089415,0.5857743962030407,1632.5
696,1.5,0.9,2.2,0.4,4.0,8.0,14.0,0.40640739183199,3035.6842481837793,7344.967809851332,14346.48717006052,0.013805803201537799,2.927865069290296,0.6005681846544052,1630.5
697,1.5,0.9,2.2,0.4,5.0,6.0,14.0,0.42192297632742864,2545.616355230894,7491.7067274802685,14328.617377049519,0.010751607269109138,2.9350954991801936,0.5966038717392206,1498.5
698,1.5,0.9,2.2,0.4,5.0,7.0,14.0,0.4282132064838145,2541.0270606236177,7383.928567066851,14036.808751563498,0.01231116502775383,2.915552808242044,0.5882171704031194,1466.5
699,1.5,0.9,2.2,0.4,5.0,8.0,14.0,0.42436980126508556,2546.2030638488322,7329.381612739356,14445.051288295093,0.014613573905503989,2.908890478772433,0.5851054895605193,1476.0
700,1.5,0.9,2.2,0.4,6.0,6.0,14.0,0.4250337539722724,2323.8529422691963,7480.268210666323,14435.826101459596,0.012247590609936741,2.9013164290452584,0.6111559371196712,1432.5
701,1.5,0.9,2.2,0.4,6.0,7.0,14.0,0.4286560886995121,2314.2945935795874,7422.0959885525635,14656.900893972179,0.011765395572541174,2.9234462384101865,0.5883604673645042,1416.5
702,1.5,0.9,2.2,0.4,6.0,8.0,14.0,0.42946144337036607,2309.356425795162,7326.81346801677,14634.216511417122,0.011883956481143182,2.8883292365227717,0.5994145261452323,1404.5
703,1.5,0.9,2.2,0.4,7.0,6.0,14.0,0.4353726255185384,2211.4031432819806,7471.194520009344,14586.45329350785,0.011811421020648704,2.9341309213726383,0.5689290781605175,1401.0
704,1.5,0.9,2.2,0.4,7.0,7.0,14.0,0.4390766425485501,2206.4694606326057,7305.293265989942,14385.55160683452,0.011335711116420356,2.9043285302999267,0.5818752345189308,1370.0
705,1.5,0.9,2.2,0.4,7.0,8.0,14.0,0.4340751827956138,2192.8145211458277,7320.861472021958,14340.461280024612,0.01079957251974655,2.904073493983817,0.6104334987392773,1358.5
706,1.5,0.9,2.6,0.4,3.0,6.0,14.0,0.38031733103055676,3747.265452288781,7523.795983574398,14678.445961892909,0.013559273945899756,2.9290548922119743,0.587493483909589,1897.5
707,1.5,0.9,2.6,0.4,3.0,7.0,14.0,0.38144608220881454,3733.380646018969,7441.327374716579,14371.960138273414,0.011372166458468332,2.986687672309053,0.6046901930260209,1879.0
708,1.5,0.9,2.6,0.4,3.0,8.0,14.0,0.3843369910372259,3757.548794618585,7317.897497288313,14286.269274099712,0.014050583015547083,2.9559302836876853,0.5979928438125822,1870.0
709,1.5,0.9,2.6,0.4,4.0,6.0,14.0,0.40273424053706264,3031.038343267048,7495.61732480418,14459.966670271602,0.01184733278554789,2.9589797661373995,0.6019914484050091,1649.0
710,1.5,0.9,2.6,0.4,4.0,7.0,14.0,0.4120282958115975,3028.3617401329257,7342.954906267068,14490.173116650585,0.011390640709258751,2.935003379962034,0.5748191242530889,1621.5
711,1.5,0.9,2.6,0.4,4.0,8.0,14.0,0.4097371221181751,3031.815197056292,7287.152501772539,14379.110711762823,0.012903705857766158,2.925641101352179,0.5919778212076073,1624.0
712,1.5,0.9,2.6,0.4,5.0,6.0,14.0,0.4238544162100766,2541.4171776171356,7556.758822532514,14079.605524145507,0.01173780651248566,2.9416347140109407,0.5898125837002883,1497.0
713,1.5,0.9,2.6,0.4,5.0,7.0,14.0,0.4244385055798581,2552.586540125743,7401.910777851715,14404.788800296745,0.01321118946951028,2.9357002139423143,0.5799175017073902,1478.5
714,1.5,0.9,2.6,0.4,5.0,8.0,14.0,0.42419674699568155,2553.5963741413466,7367.278438588439,14267.772556241405,0.01327665278534191,2.949785536790266,0.5882300969529564,1478.0
715,1.5,0.9,2.6,0.4,6.0,6.0,14.0,0.43311767916394217,2334.110979885825,7521.409485208846,14133.903820571715,0.01165989236265113,2.9118268223550903,0.5817349679502932,1426.0
716,1.5,0.9,2.6,0.4,6.0,7.0,14.0,0.4339615517816266,2333.6186908000454,7332.099248034736,14262.516068650708,0.009959687756035528,2.921218375219653,0.592632927055516,1411.5
717,1.5,0.9,2.6,0.4,6.0,8.0,14.0,0.4291453569199288,2342.894832142494,7397.116114607649,14389.756506945969,0.01211789127882663,2.958510505269909,0.590349729330347,1409.5
718,1.5,0.9,2.6,0.4,7.0,6.0,14.0,0.4347823942345448,2204.479573891924,7578.170239968263,14146.558056483133,0.009725440971502351,2.907684221168573,0.5944524910331896,1396.5
719,1.5,0.9,2.6,0.4,7.0,7.0,14.0,0.4333226114760353,2227.950537517041,7383.253685147498,14382.742609407229,0.010240389706661019,2.91922704777388,0.6008311989175559,1375.0
720,1.5,0.9,2.6,0.4,7.0,8.0,14.0,0.43196017970884665,2226.4660807530427,7418.40461290271,14635.074571301015,0.013295131175342567,2.918924247401614,0.5828640526646636,1396.5
721,1.5,1.1,0.6,0.4,3.0,6.0,14.0,0.3550366041289122,3739.0393117078743,7451.920277839162,14031.728820644657,0.06775709852842779,2.7805579034880097,0.5946861709468629,1889.0
722,1.5,1.1,0.6,0.4,3.0,7.0,14.0,0.35850017988431887,3740.6840708734444,7334.94015176607,13817.36339902959,0.06750030455006374,2.779733905667933,0.5992382144668574,1871.5
723,1.5,1.1,0.6,0.4,3.0,8.0,14.0,0.36035504419550396,3737.158369750839,7310.225879027221,13968.206853714404,0.06676529543634632,2.7615562138677596,0.5909141980817746,1869.5
724,1.5,1.1,0.6,0.4,4.0,6.0,14.0,0.3739786384758022,3012.2905184227916,7454.65711951881,14389.031093341142,0.06381860457039276,2.778667521907015,0.6092780729075227,1646.0
725,1.5,1.1,0.6,0.4,4.0,7.0,14.0,0.38126393514633206,3020.705251226915,7312.460766324399,14073.253038478342,0.06607499349014842,2.782414658274951,0.5927825704003025,1622.0
726,1.5,1.1,0.6,0.4,4.0,8.0,14.0,0.3850791793674116,3040.379292824149,7151.8227604610765,14115.46213092655,0.06661607242259118,2.7648060129586094,0.584576423280255,1620.5
727,1.5,1.1,0.6,0.4,5.0,6.0,14.0,0.39144212576769677,2537.971857469217,7474.9776122504345,14143.93687167564,0.06711607146055662,2.7382482604142178,0.6019984693539059,1495.0
728,1.5,1.1,0.6,0.4,5.0,7.0,14.0,0.40478393403112034,2535.788795414015,7323.593657725507,13961.839015183661,0.05773105379760064,2.7643947519268686,0.586609814345548,1468.5
729,1.5,1.1,0.6,0.4,5.0,8.0,14.0,0.39782414933774807,2527.488715673021,7290.184432776312,14021.859646277073,0.0659163564036079,2.7754155374436786,0.5936474654262187,1472.5
730,1.5,1.1,0.6,0.4,6.0,6.0,14.0,0.40187058361408484,2344.9030669600197,7385.242707692378,14190.744367180123,0.06724914569742156,2.7439720763663336,0.5856145353748172,1436.0
731,1.5,1.1,0.6,0.4,6.0,7.0,14.0,0.4044838966007984,2331.01829317563,7323.859129332572,13962.5175589184,0.06276128288764558,2.795021912854825,0.5984311783277528,1410.0
732,1.5,1.1,0.6,0.4,6.0,8.0,14.0,0.40378557069098875,2333.114380761327,7225.260799326298,13975.159856321716,0.06855192638284963,2.74245931383413,0.5986150000065038,1407.0
733,1.5,1.1,0.6,0.4,7.0,6.0,14.0,0.40306610027922646,2231.7394179307685,7405.881442942084,14037.522463989324,0.06428802954401262,2.776140223136301,0.6072133713070065,1398.0
734,1.5,1.1,0.6,0.4,7.0,7.0,14.0,0.40507156899651003,2230.194665270106,7326.698699464056,14121.459438209062,0.06770375941745206,2.7109870891516397,0.5992860374807436,1381.0
735,1.5,1.1,0.6,0.4,7.0,8.0,14.0,0.40506927748682764,2225.8773714597382,7307.125545896607,13965.09314643123,0.06808658406481394,2.7426950496010702,0.6032922058136557,1376.5
736,1.5,1.1,1.0,0.4,3.0,6.0,14.0,0.3756352096133764,3746.3787283438187,7399.372599159109,14414.696786481807,0.03268683978160423,2.84990107514494,0.5836725716081709,1886.0
737,1.5,1.1,1.0,0.4,3.0,7.0,14.0,0.3732712656542409,3750.7609364199234,7339.667503467535,14121.17631998683,0.04048152651614493,2.8236824095481,0.5922804108002906,1878.5
738,1.5,1.1,1.0,0.4,3.0,8.0,14.0,0.377936128465768,3735.991011118941,7249.834613213456,13950.078357965484,0.0385328590756591,2.838115241498153,0.5923292092671012,1863.5
739,1.5,1.1,1.0,0.4,4.0,6.0,14.0,0.3912399235698669,3044.0231643780357,7435.939959306334,14345.883792370953,0.03812110943312829,2.826529105620442,0.6007228952381742,1648.5
740,1.5,1.1,1.0,0.4,4.0,7.0,14.0,0.39395950469561186,3049.7194673228623,7346.307390715896,14338.24856353366,0.038060006151609205,2.844484414423638,0.5927662172250127,1639.0
741,1.5,1.1,1.0,0.4,4.0,8.0,14.0,0.3892656455740598,3019.732773036987,7299.394498849868,14778.651493302124,0.03610890863111864,2.8491918873192774,0.6088392415019227,1633.0
742,1.5,1.1,1.0,0.4,5.0,6.0,14.0,0.4078334887909118,2546.2936391654034,7476.578948533752,14221.60815819562,0.03709585866998431,2.8530525998824783,0.5979304094877829,1495.0
743,1.5,1.1,1.0,0.4,5.0,7.0,14.0,0.4159767346511993,2533.751784310112,7350.788976960917,14039.702244522572,0.03615715060727849,2.8327009581371954,0.5863887918150521,1473.0
744,1.5,1.1,1.0,0.4,5.0,8.0,14.0,0.41104600855880474,2543.7746564004415,7283.993426110175,14776.454266990379,0.03476793641823394,2.824932551575852,0.5853653473637311,1474.0
745,1.5,1.1,1.0,0.4,6.0,6.0,14.0,0.41506610361565177,2328.3044298139353,7420.022528896563,14361.409063752786,0.037933644921335004,2.8253236752723137,0.5958466200264565,1427.5
746,1.5,1.1,1.0,0.4,6.0,7.0,14.0,0.4247566467617603,2308.1221763567364,7350.416225271343,14077.543584462534,0.034288486953283584,2.81267942489956,0.5853948202699744,1406.5
747,1.5,1.1,1.0,0.4,6.0,8.0,14.0,0.42239141000947483,2332.3629043404544,7224.051314427931,14340.45407031359,0.03748766345916605,2.819428909478897,0.5807475803322127,1407.5
748,1.5,1.1,1.0,0.4,7.0,6.0,14.0,0.4189291215872641,2210.2452675966924,7452.2082068913915,14048.454654318844,0.040060521415270015,2.8116796507919015,0.6021338434083933,1391.0
749,1.5,1.1,1.0,0.4,7.0,7.0,14.0,0.421446221361069,2197.3331447124388,7341.981780562264,14385.779473017636,0.03696499806633786,2.8350839653825344,0.5924867608257586,1374.5
750,1.5,1.1,1.0,0.4,7.0,8.0,14.0,0.4228280360987227,2215.4869955213944,7203.763189987793,14445.590819593375,0.039545426311539525,2.81273701434802,0.587520342717432,1379.5
751,1.5,1.1,1.4,0.4,3.0,6.0,14.0,0.37755771311839353,3735.620002130523,7514.268715108627,14241.58777211889,0.025702972227026607,2.899379430845566,0.5892818715776343,1885.5
752,1.5,1.1,1.4,0.4,3.0,7.0,14.0,0.37882599375358644,3749.3278875760207,7346.24334794503,14403.89944439167,0.02649741004907817,2.895025307647801,0.5865022181636693,1872.0
753,1.5,1.1,1.4,0.4,3.0,8.0,14.0,0.3787108931209162,3740.6464533145545,7395.208594573251,14279.142851563109,0.024107350121656594,2.8802384877899634,0.5996441330957085,1869.5
754,1.5,1.1,1.4,0.4,4.0,6.0,14.0,0.4012849129363884,3041.2531039243163,7508.645043922792,14317.43953351674,0.02355310151792126,2.893699764301683,0.5848227647268518,1650.5
755,1.5,1.1,1.4,0.4,4.0,7.0,14.0,0.4015777030571841,3036.048788579843,7358.940253455132,14442.406054042409,0.023496428923175154,2.8946250542752425,0.5916784122509232,1629.0
756,1.5,1.1,1.4,0.4,4.0,8.0,14.0,0.3976679801455039,3026.464722310223,7315.778791009263,14375.365210025542,0.0252141637705018,2.898405304105383,0.6128463842254033,1621.0
757,1.5,1.1,1.4,0.4,5.0,6.0,14.0,0.41406723191592215,2564.19058709151,7522.932954982287,14426.914128751665,0.028570199966481136,2.8455583464093914,0.5798779183092119,1506.5
758,1.5,1.1,1.4,0.4,5.0,7.0,14.0,0.4158259446221227,2553.259823515862,7301.299389982358,14472.533501709171,0.028012165478151677,2.8699353036521966,0.5889432791080988,1474.0
759,1.5,1.1,1.4,0.4,5.0,8.0,14.0,0.41888493027530854,2547.8047679414212,7266.962807457642,14435.419323380404,0.02433217964840432,2.8733333526081584,0.5911727619151474,1469.5
760,1.5,1.1,1.4,0.4,6.0,6.0,14.0,0.41690879878385506,2308.3421432088,7522.31903506365,14330.701749144235,0.02952052603830203,2.8421719425287044,0.606881970987887,1434.0
761,1.5,1.1,1.4,0.4,6.0,7.0,14.0,0.423986989381608,2338.943537480748,7468.720021749832,14228.584222982467,0.025344782255365933,2.8691395363762933,0.5873673318185118,1418.0
762,1.5,1.1,1.4,0.4,6.0,8.0,14.0,0.4279879667483524,2321.295978861117,7281.67749479476,14168.787994194778,0.024858842006668304,2.8472485530303047,0.5949486575965148,1404.0
763,1.5,1.1,1.4,0.4,7.0,6.0,14.0,0.42313238680403414,2198.1277239060573,7464.719167096899,14692.481303441562,0.02822970132010076,2.8803899745861385,0.5804108755480859,1398.0
764,1.5,1.1,1.4,0.4,7.0,7.0,14.0,0.42479763829985595,2227.903513075159,7416.183659695818,14659.999244243958,0.026634468239435997,2.8767293503688567,0.5793937366167092,1387.0
765,1.5,1.1,1.4,0.4,7.0,8.0,14.0,0.43083333083465597,2248.581392472497,7291.860046380331,14234.106536375386,0.024240323972092165,2.860036316822975,0.5884402014724742,1383.0
766,1.5,1.1,1.8,0.4,3.0,6.0,14.0,0.3803600165574987,3763.3406314587173,7509.195364994815,14508.870561432852,0.017456135612189914,2.9274870570145795,0.5818940219738605,1901.0
767,1.5,1.1,1.8,0.4,3.0,7.0,14.0,0.38241358741902953,3744.5371258057853,7393.037040669695,14482.522902221826,0.016680639369579038,2.9112335232820428,0.5912437424391253,1873.5
768,1.5,1.1,1.8,0.4,3.0,8.0,14.0,0.38086238276821344,3744.282231436421,7320.978677748979,14604.578087956697,0.017148210082992693,2.919192896941219,0.5967561340908553,1869.0
769,1.5,1.1,1.8,0.4,4.0,6.0,14.0,0.3999814326450771,3054.6387874916227,7471.416411747212,14351.543568692583,0.01574952799298122,2.906862291358749,0.6138543798343001,1648.5
770,1.5,1.1,1.8,0.4,4.0,7.0,14.0,0.4073278926426609,3037.8424071614695,7348.816411153012,14385.551834280674,0.015927146445315874,2.9176560805120726,0.588313714472469,1625.5
771,1.5,1.1,1.8,0.4,4.0,8.0,14.0,0.4087826681770413,3045.790069923764,7326.259076015152,14237.022683120704,0.01539984487896477,2.9401375376918804,0.5876015765404998,1627.5
772,1.5,1.1,1.8,0.4,5.0,6.0,14.0,0.4118540625118461,2553.692628299229,7525.144840596286,14270.09924425979,0.0199702244127741,2.9029850752644473,0.6185847442878366,1499.0
773,1.5,1.1,1.8,0.4,5.0,7.0,14.0,0.4210735360457336,2557.639293627069,7357.016512930246,14127.226076152387,0.018349751536122047,2.8964520100798588,0.6015225399305151,1473.5
774,1.5,1.1,1.8,0.4,5.0,8.0,14.0,0.4213672820924814,2555.0154148764536,7306.697256182217,14369.545694834105,0.016321760137287467,2.9025090169787946,0.5992024485012423,1475.0
775,1.5,1.1,1.8,0.4,6.0,6.0,14.0,0.4305690244348052,2316.2088465921533,7460.452964987364,14445.242273565174,0.012221480283967105,2.904220541884631,0.5867273856324455,1432.0
776,1.5,1.1,1.8,0.4,6.0,7.0,14.0,0.42745606737001,2302.5738775488576,7436.423187407452,14297.718016250332,0.018043601244595305,2.903094715296239,0.5943360315946722,1408.0
777,1.5,1.1,1.8,0.4,6.0,8.0,14.0,0.42761238907068977,2329.7532908997946,7293.9989126155615,14682.016072023465,0.015219457326572473,2.881336000305753,0.5962041040139672,1413.5
778,1.5,1.1,1.8,0.4,7.0,6.0,14.0,0.42966253363535833,2214.375019821599,7542.414523840203,14226.763251537854,0.01656110720150129,2.875027508764365,0.5997292061444881,1393.0
779,1.5,1.1,1.8,0.4,7.0,7.0,14.0,0.4287968654984547,2219.7261437686584,7433.7537370848,14483.13332255305,0.018181827729217056,2.893076811876809,0.5929061814878847,1380.5
780,1.5,1.1,1.8,0.4,7.0,8.0,14.0,0.4325023470365237,2220.789943112714,7341.439886763677,14415.206495784103,0.01748609690751274,2.8845348211418886,0.5898081517773477,1377.0
781,1.5,1.1,2.2,0.4,3.0,6.0,14.0,0.3847128563181863,3748.5983424160104,7475.10298281681,14273.108853118272,0.012566463490056292,2.9234708015199575,0.5935714464725375,1885.0
782,1.5,1.1,2.2,0.4,3.0,7.0,14.0,0.3797515316108107,3759.283700644389,7426.611744476261,14389.481655715397,0.015353686409199555,2.947118605911346,0.6023095148114928,1876.5
783,1.5,1.1,2.2,0.4,3.0,8.0,14.0,0.38719069181431703,3757.4972189609634,7332.511142287691,14445.914086478817,0.013012499695356661,2.9000735135101188,0.5867925825891276,1869.0
784,1.5,1.1,2.2,0.4,4.0,6.0,14.0,0.4069456864687297,3011.1074513894564,7460.853949666573,14409.948585924249,0.010162720080814602,2.923667858989288,0.6006641332565861,1637.0
785,1.5,1.1,2.2,0.4,4.0,7.0,14.0,0.40993489298576596,2998.9000495260016,7370.500075686752,14297.100844296803,0.01080150902425784,2.923317786855204,0.5995063917808449,1621.0
786,1.5,1.1,2.2,0.4,4.0,8.0,14.0,0.41149097472470236,3045.1212750706436,7342.183165969243,14153.581902510661,0.010136020074634516,2.924832577589133,0.5962444678312118,1624.5
787,1.5,1.1,2.2,0.4,5.0,6.0,14.0,0.42564383724889804,2553.3238932099057,7471.785487490384,14238.824924919209,0.011049468331021729,2.922686273911596,0.5843962324729566,1493.5
788,1.5,1.1,2.2,0.4,5.0,7.0,14.0,0.428187932275768,2554.1262901101145,7319.486894867401,14187.15222526422,0.01357098885063499,2.9325001931554953,0.5785619148365164,1481.5
789,1.5,1.1,2.2,0.4,5.0,8.0,14.0,0.42555595255973594,2566.786267446591,7300.525363974122,14393.91863384009,0.012181811335864334,2.904264061033489,0.589718864185459,1476.5
790,1.5,1.1,2.2,0.4,6.0,6.0,14.0,0.42991549181449223,2308.594861585553,7581.462367981096,14401.724106894473,0.010905152971552113,2.880487400667012,0.5899078414592229,1435.0
791,1.5,1.1,2.2,0.4,6.0,7.0,14.0,0.4363080473692338,2330.798682172997,7426.004602924658,14326.546034248891,0.007561894577776439,2.876590667468786,0.5844834173979765,1412.0
792,1.5,1.1,2.2,0.4,6.0,8.0,14.0,0.4318399055740494,2329.3729622237006,7416.287483044248,14296.904464899722,0.012793118893986901,2.905705490989191,0.5875051640817947,1409.0
793,1.5,1.1,2.2,0.4,7.0,6.0,14.0,0.4291415989907999,2231.890704467564,7497.553432928564,14181.116990899733,0.0133034187484732,2.9404301042286454,0.6068029024865231,1395.0
794,1.5,1.1,2.2,0.4,7.0,7.0,14.0,0.4332665650771857,2226.8887579896063,7344.654505438242,14409.033660012788,0.013782431897513405,2.9388452556372746,0.5893171663914076,1385.0
795,1.5,1.1,2.2,0.4,7.0,8.0,14.0,0.4319731605857035,2200.797900857756,7337.169995627866,14735.04713557329,0.013538749326818596,2.899406685821927,0.5912010953111883,1375.5
796,1.5,1.1,2.6,0.4,3.0,6.0,14.0,0.38503768139895905,3792.580019808339,7419.605125949849,14392.74739298805,0.013675181002483074,2.908291267510773,0.5832972450437552,1887.5
797,1.5,1.1,2.6,0.4,3.0,7.0,14.0,0.3856742838155886,3741.604919973688,7358.073495333837,14321.126025487001,0.012268265772049411,2.9355168612823834,0.5973885619056885,1868.0
798,1.5,1.1,2.6,0.4,3.0,8.0,14.0,0.38562909985178334,3748.1719606008664,7355.748348200974,14258.380138796441,0.01466757463126181,2.925994483747088,0.593456172169061,1865.0
799,1.5,1.1,2.6,0.4,4.0,6.0,14.0,0.4064311677297807,3032.093194816065,7504.142212611585,14088.108495645996,0.013011006289308177,2.9618620416307655,0.59669290656327,1643.0
800,1.5,1.1,2.6,0.4,4.0,7.0,14.0,0.4103977320785883,3023.530997447255,7377.887703097975,14305.124635534696,0.012258956280695411,2.90722654300766,0.5901675349362556,1631.0
801,1.5,1.1,2.6,0.4,4.0,8.0,14.0,0.4014161219396113,3032.112402476921,7418.465382046736,14532.81346548831,0.012590144905829933,2.9494068613431574,0.6105767205572774,1635.5
802,1.5,1.1,2.6,0.4,5.0,6.0,14.0,0.4169555784605788,2542.3051729052168,7481.828766550834,14498.989622220435,0.012718154643597466,2.9531030193959418,0.6049422516712335,1493.0
803,1.5,1.1,2.6,0.4,5.0,7.0,14.0,0.4210990302443178,2568.198091788797,7337.642822565292,14409.712132600182,0.014252920396455376,2.906358290493346,0.599929707983754,1477.0
804,1.5,1.1,2.6,0.4,5.0,8.0,14.0,0.42924811680157154,2549.4521370762927,7289.278313427281,14207.83687108539,0.00923706586770457,2.911430762178232,0.5927688460441363,1464.5
805,1.5,1.1,2.6,0.4,6.0,6.0,14.0,0.4266327116616648,2319.4941347666027,7493.247582977337,14369.306187921338,0.013031840888311757,2.902074510715756,0.6034976020354139,1428.0
806,1.5,1.1,2.6,0.4,6.0,7.0,14.0,0.4328047210709152,2340.298145409124,7351.312157766607,14214.576746925384,0.014934067085430896,2.9268047775193136,0.5810095774606536,1416.5
807,1.5,1.1,2.6,0.4,6.0,8.0,14.0,0.4322837108441824,2318.8092296867376,7289.055590465424,14476.141494010939,0.010433195081756306,2.92118965033963,0.5951839757255837,1400.5
808,1.5,1.1,2.6,0.4,7.0,6.0,14.0,0.4294746577364686,2205.5610572333776,7508.554064499311,14517.489054667436,0.011815152256328728,2.9489291130231496,0.5959197080371788,1401.5
809,1.5,1.1,2.6,0.4,7.0,7.0,14.0,0.43799384234757716,2188.655090760957,7396.309845101183,14109.39514987146,0.01095863465247415,2.926508858369069,0.5927048987497632,1370.5
810,1.5,1.1,2.6,0.4,7.0,8.0,14.0,0.43525779719912133,2214.0730745102,7365.414831620465,14209.125176909101,0.010271092758672603,2.9348551409120813,0.6010620923301648,1364.5
811,1.5,1.3,0.6,0.4,3.0,6.0,14.0,0.3582437333718607,3752.79607201231,7377.6245778941775,14176.671460994316,0.06275513592274728,2.782619374403504,0.5927104750356231,1894.5
812,1.5,1.3,0.6,0.4,3.0,7.0,14.0,0.36091879591138554,3734.400958151128,7319.861922093114,13999.081612082202,0.06019865888148891,2.790935444946757,0.6031311399144996,1874.0
813,1.5,1.3,0.6,0.4,3.0,8.0,14.0,0.3644206266984673,3742.401508855455,7231.725585093352,13973.583131603076,0.06041348315384522,2.7983235480819513,0.5924061104247271,1863.5
814,1.5,1.3,0.6,0.4,4.0,6.0,14.0,0.37942696237246815,3051.0275435444537,7395.273964509954,14198.373769613547,0.05973841550662211,2.76361839008659,0.6067361130697078,1639.5
815,1.5,1.3,0.6,0.4,4.0,7.0,14.0,0.3813846051623724,3033.337946089276,7352.507873552343,14045.602890834005,0.06178638961320511,2.7652406729214656,0.6042149318964307,1631.0
816,1.5,1.3,0.6,0.4,4.0,8.0,14.0,0.39158894187337673,3027.114701705189,7250.097529710099,13834.954217046234,0.05942004165489107,2.792445422862042,0.5788754143857914,1615.0
817,1.5,1.3,0.6,0.4,5.0,6.0,14.0,0.40378355580336156,2538.130525543165,7401.652618643263,13759.559601333844,0.0625015520469637,2.7589574165882262,0.5791497858695144,1489.0
818,1.5,1.3,0.6,0.4,5.0,7.0,14.0,0.3979831995318616,2554.919649155084,7335.619820035117,13925.026264601944,0.06277029661125016,2.7698785016599254,0.6001200666108746,1482.5
819,1.5,1.3,0.6,0.4,5.0,8.0,14.0,0.4028997014713594,2530.400256203377,7282.969543075996,13957.413791360152,0.0633227930379121,2.75524460890378,0.583700371001848,1479.0
820,1.5,1.3,0.6,0.4,6.0,6.0,14.0,0.40539627498532077,2347.734740522648,7451.065429792698,13833.468451155995,0.06178499059964092,2.78322234878778,0.5911039845590917,1442.5
821,1.5,1.3,0.6,0.4,6.0,7.0,14.0,0.40900132208584056,2358.1721768817733,7280.88430454827,14215.15026177791,0.05791050733042473,2.771897484645731,0.5834061947431184,1405.5
822,1.5,1.3,0.6,0.4,6.0,8.0,14.0,0.4117120672144396,2334.0816321793527,7337.178461861603,14032.603231769335,0.05729908895131513,2.776798596886591,0.5788738300582431,1407.0
823,1.5,1.3,0.6,0.4,7.0,6.0,14.0,0.4076070931180425,2211.155401848422,7466.128233813911,13774.457281734445,0.06355921187780263,2.777459301619322,0.5976916714134682,1401.0
824,1.5,1.3,0.6,0.4,7.0,7.0,14.0,0.4132145857517004,2239.6221456987105,7362.166277333863,13964.058367855117,0.055818163186829445,2.784803653515942,0.5905196612041549,1376.5
825,1.5,1.3,0.6,0.4,7.0,8.0,14.0,0.41282307919433686,2196.8612658463803,7231.374407748455,13856.388549155441,0.062116956077630237,2.798080604557973,0.5934932795285381,1372.0
826,1.5,1.3,1.0,0.4,3.0,6.0,14.0,0.3686960067709137,3725.3343278108005,7426.955695344726,14463.497538701913,0.03757171964966345,2.8229192001861403,0.6036318597688647,1885.5
827,1.5,1.3,1.0,0.4,3.0,7.0,14.0,0.37239721999073155,3729.9236359314236,7318.803624057968,14434.099678291843,0.036748417039043496,2.8450531883993033,0.5956428267703913,1866.5
828,1.5,1.3,1.0,0.4,3.0,8.0,14.0,0.37643122429532766,3751.5813106204823,7299.50864404554,14423.676070376221,0.031669174872081526,2.8574321432792593,0.5897013080048462,1869.5
829,1.5,1.3,1.0,0.4,4.0,6.0,14.0,0.3971293217525231,3019.6863180542005,7417.73122869377,14296.204184942406,0.03656451233543745,2.842025356842762,0.5828510484481962,1636.0
830,1.5,1.3,1.0,0.4,4.0,7.0,14.0,0.3978615745343586,3026.773695207715,7375.493421499459,14476.133145228967,0.031718596103943626,2.8426976511249045,0.5889645587786205,1629.0
831,1.5,1.3,1.0,0.4,4.0,8.0,14.0,0.40087709779986636,3041.135633356841,7301.135551061334,14313.458996527443,0.030682471854712796,2.8706364938799283,0.5859113842703128,1623.0
832,1.5,1.3,1.0,0.4,5.0,6.0,14.0,0.40907441114266846,2592.992188254958,7413.183885096545,14246.249060617705,0.03913489222767573,2.807268653198964,0.5894163458995335,1497.5
833,1.5,1.3,1.0,0.4,5.0,7.0,14.0,0.41071135097381406,2528.6988966773342,7384.019525062482,14312.474421232753,0.03416452161304375,2.8440063451829696,0.6013965267503858,1480.0
834,1.5,1.3,1.0,0.4,5.0,8.0,14.0,0.41680832560252407,2567.6442753938168,7291.856378026969,14162.988197370598,0.03309969298499681,2.8218486330989787,0.5880522654174056,1470.0
835,1.5,1.3,1.0,0.4,6.0,6.0,14.0,0.4095190241226095,2334.259087818079,7453.514332754268,14352.304258951423,0.03764251585546173,2.8541820794908808,0.6158341812978814,1431.0
836,1.5,1.3,1.0,0.4,6.0,7.0,14.0,0.41958849333105075,2320.012287927664,7379.79319280589,14192.514339576528,0.03784078239956522,2.8165510385527464,0.5884651153434876,1404.0
837,1.5,1.3,1.0,0.4,6.0,8.0,14.0,0.4236716341674509,2361.9413433288873,7243.082845956824,14181.383323421393,0.036214282234788356,2.814852268249983,0.5806604506610258,1404.5
838,1.5,1.3,1.0,0.4,7.0,6.0,14.0,0.41854381927067524,2223.643996268808,7444.793106451953,14357.048678606463,0.03962487564479294,2.779025898039919,0.5941567815122516,1399.0
839,1.5,1.3,1.0,0.4,7.0,7.0,14.0,0.42433626857130885,2237.4573388953736,7336.778979837137,14003.05450436168,0.038104103385402016,2.8399946798565585,0.5866844423514828,1380.0
840,1.5,1.3,1.0,0.4,7.0,8.0,14.0,0.4202518031086517,2218.785530898568,7275.184834656386,14027.752413332459,0.039918183275176176,2.8184971888793733,0.6106870577646595,1376.0
841,1.5,1.3,1.4,0.4,3.0,6.0,14.0,0.37734555346364,3737.9604582034294,7492.028437185339,14386.87702430351,0.023079309460777797,2.879936894388501,0.5962599599061414,1889.5
842,1.5,1.3,1.4,0.4,3.0,7.0,14.0,0.38232988177608895,3747.8606766565,7389.027369526625,14034.714987512276,0.023253475911391392,2.8911722688143975,0.5944064068799881,1873.0
843,1.5,1.3,1.4,0.4,3.0,8.0,14.0,0.37849542572279793,3738.6338144336005,7339.050814063474,14580.931502722106,0.023336141895435515,2.8973699334367495,0.5917926719344497,1869.5
844,1.5,1.3,1.4,0.4,4.0,6.0,14.0,0.4005147012580886,3046.238603903119,7468.162605166914,14244.597100153995,0.021658312447786134,2.8715246107636174,0.6040247748028954,1653.0
845,1.5,1.3,1.4,0.4,4.0,7.0,14.0,0.4008815030313939,3024.848702371829,7451.000435729332,14272.752990374636,0.024719087232995197,2.903700489229135,0.5913023003969629,1634.5
846,1.5,1.3,1.4,0.4,4.0,8.0,14.0,0.4039685184191198,3028.474366104751,7349.486731483983,14361.706987543064,0.021692651799223736,2.8909510445847526,0.5922806690838158,1627.5
847,1.5,1.3,1.4,0.4,5.0,6.0,14.0,0.4123601237257812,2536.7703999283276,7486.235366934541,14433.586586114503,0.02463131743725425,2.8801636440965135,0.6028197537686074,1500.0
848,1.5,1.3,1.4,0.4,5.0,7.0,14.0,0.4229639980334244,2544.759770678672,7359.845098386814,14128.506677763236,0.021778085104800993,2.8706489710603957,0.5867961889132076,1468.0
849,1.5,1.3,1.4,0.4,5.0,8.0,14.0,0.42022487306611395,2532.104604642029,7368.2300725033565,14203.675928872031,0.022615736802787,2.8293949758323134,0.6007844373985006,1472.0
850,1.5,1.3,1.4,0.4,6.0,6.0,14.0,0.4211574130493634,2307.329658098427,7460.2842841225765,14211.616541769654,0.029230560233121948,2.861214257922219,0.5959672201031645,1418.5
851,1.5,1.3,1.4,0.4,6.0,7.0,14.0,0.4247152851572213,2311.6569574147597,7392.99952180374,14449.682585659011,0.022002027589775933,2.8694459060760775,0.5949693712665327,1407.5
852,1.5,1.3,1.4,0.4,6.0,8.0,14.0,0.41979543294370686,2337.4219367513524,7340.498838554231,14511.338726163216,0.027588513459805057,2.8742088592974726,0.5979036936982335,1415.0
853,1.5,1.3,1.4,0.4,7.0,6.0,14.0,0.419279368916951,2226.19632215218,7545.867193316006,14378.495897952158,0.027784334066561483,2.872432894757286,0.6047931186622558,1401.0
854,1.5,1.3,1.4,0.4,7.0,7.0,14.0,0.4223791097274992,2188.1522709254787,7424.846196944769,14607.007147093196,0.02503019299941579,2.9019019241821296,0.6002642024903068,1382.0
855,1.5,1.3,1.4,0.4,7.0,8.0,14.0,0.4343273816961141,2208.3734411991704,7262.424296206014,14140.829272461096,0.025566304231958215,2.842041000760241,0.5830715340923946,1370.5
856,1.5,1.3,1.8,0.4,3.0,6.0,14.0,0.37884640924921104,3788.6756598419615,7443.252508969161,14542.351953181185,0.016574424848857544,2.9206309952203613,0.5934220859642951,1887.0
857,1.5,1.3,1.8,0.4,3.0,7.0,14.0,0.37983121719071505,3747.9844366054394,7384.673695710821,14465.451108579975,0.017430342617571627,2.912544053515356,0.6020792887018629,1876.5
858,1.5,1.3,1.8,0.4,3.0,8.0,14.0,0.38618026561124014,3756.707020178652,7341.601194802477,14176.910063817642,0.01686718707165963,2.9143894947316076,0.589232772036258,1873.0
859,1.5,1.3,1.8,0.4,4.0,6.0,14.0,0.4057339048943976,3040.107011079228,7516.1104285223155,14275.041220804193,0.01570484906635176,2.9014992988490143,0.5889724120725154,1647.0
860,1.5,1.3,1.8,0.4,4.0,7.0,14.0,0.4049925743217933,3025.3758232049004,7367.422134466777,14561.483961080368,0.01599779183913184,2.9091473609680354,0.5924614560570464,1625.0
861,1.5,1.3,1.8,0.4,4.0,8.0,14.0,0.4011960009109505,3024.3303846776316,7379.4322320115025,14615.442930758461,0.017712139743233813,2.909912943136465,0.6016407184385058,1633.5
862,1.5,1.3,1.8,0.4,5.0,6.0,14.0,0.4152376032669656,2555.8376217192663,7557.112310385482,14492.827492516037,0.019314258681696082,2.913103547335772,0.5893506882009633,1510.0
863,1.5,1.3,1.8,0.4,5.0,7.0,14.0,0.4222573458472793,2557.8834400185638,7399.00933789865,14425.074633696819,0.01606440978825916,2.896139773258409,0.5854120011902353,1487.0
864,1.5,1.3,1.8,0.4,5.0,8.0,14.0,0.42207838517277213,2583.7719031513143,7353.335979969303,14301.273903182515,0.018255090764570867,2.868041508101089,0.5892529494031986,1475.0
865,1.5,1.3,1.8,0.4,6.0,6.0,14.0,0.4245984265297726,2328.115247045388,7509.855067532033,14599.755936026544,0.015011323481463858,2.8968640465046063,0.5940499635561786,1429.5
866,1.5,1.3,1.8,0.4,6.0,7.0,14.0,0.4232011083602467,2325.8511346839123,7442.673628165339,14424.391727914259,0.01728018527881526,2.919678913601068,0.6048033359217844,1423.0
867,1.5,1.3,1.8,0.4,6.0,8.0,14.0,0.4328463227914014,2330.3537640675368,7311.137083142763,14195.121709415122,0.014925053057772673,2.9439730535642186,0.5843738108416341,1408.5
868,1.5,1.3,1.8,0.4,7.0,6.0,14.0,0.4310779153165367,2220.7427737951693,7473.244389327256,14003.075313623125,0.016615082289363793,2.8660535431535274,0.6097584260669677,1391.0
869,1.5,1.3,1.8,0.4,7.0,7.0,14.0,0.4296775874839347,2227.4169431620176,7404.511568525063,14482.593261767515,0.021374420507226613,2.8874534416833724,0.580729600784061,1388.0
870,1.5,1.3,1.8,0.4,7.0,8.0,14.0,0.43422865805548483,2226.3172383915444,7311.629495038204,14317.254662999621,0.016825502305060268,2.871267872897434,0.591956041824693,1371.5
871,1.5,1.3,2.2,0.4,3.0,6.0,14.0,0.3853411673736887,3746.5086349194416,7568.889256998462,14124.489146420452,0.012822415800114735,2.920742123837314,0.5890990555035613,1896.5
872,1.5,1.3,2.2,0.4,3.0,7.0,14.0,0.3867158003784385,3764.651148450843,7322.824528765192,14300.748315445435,0.012034550337519054,2.9182797668713754,0.5962131303902181,1876.0
873,1.5,1.3,2.2,0.4,3.0,8.0,14.0,0.385659977094224,3754.0501758154664,7353.669921569044,14390.568148659337,0.01371613707957836,2.9046032423788555,0.5924853122316318,1878.0
874,1.5,1.3,2.2,0.4,4.0,6.0,14.0,0.40506347088941097,3036.7952090132576,7542.518598299264,14246.075539307083,0.013215962441314556,2.91565031605992,0.5976489512856851,1652.0
875,1.5,1.3,2.2,0.4,4.0,7.0,14.0,0.4074210251455496,3068.3037363516,7443.998059081296,14205.82749584437,0.013678141342972629,2.938874342116754,0.5874314030747877,1637.5
876,1.5,1.3,2.2,0.4,4.0,8.0,14.0,0.41137951643986836,3022.025519470567,7327.77916071305,14464.261544585428,0.011389113900240586,2.9181330913849264,0.5838729261751057,1625.0
877,1.5,1.3,2.2,0.4,5.0,6.0,14.0,0.4208400481410702,2545.44243461665,7525.923632961956,14383.797731755221,0.010757467200065752,2.8781669548067814,0.6043038513352001,1497.5
878,1.5,1.3,2.2,0.4,5.0,7.0,14.0,0.42500527677052785,2558.5392017748864,7407.094590340994,14252.931145985254,0.0110788138402305,2.9187240809770936,0.5922327081155914,1483.0
879,1.5,1.3,2.2,0.4,5.0,8.0,14.0,0.42631678362373543,2550.8866089398234,7349.253664824228,14163.372653287774,0.012258524360241878,2.9207276990066964,0.5923872116664359,1475.5
880,1.5,1.3,2.2,0.4,6.0,6.0,14.0,0.43234540525096204,2336.262538908588,7468.4701501355075,14338.487553551633,0.011261162348118869,2.9270000389484245,0.5793037016684431,1432.5
881,1.5,1.3,2.2,0.4,6.0,7.0,14.0,0.4268612420605604,2323.561522080287,7399.517524526595,14590.99052876075,0.009972075780554151,2.9340120690300537,0.6049148073564108,1413.0
882,1.5,1.3,2.2,0.4,6.0,8.0,14.0,0.43030299121019744,2336.5821427904407,7314.466092601142,14735.77027653718,0.010716414586376528,2.9289997410017037,0.5855101600907665,1410.0
883,1.5,1.3,2.2,0.4,7.0,6.0,14.0,0.43290941642585173,2239.253666101566,7522.012626547903,14274.646647916365,0.011518893271594352,2.9140776251404565,0.5905055635904537,1400.0
884,1.5,1.3,2.2,0.4,7.0,7.0,14.0,0.4276482140273641,2220.8936904061497,7379.223058944988,14711.973582455576,0.01167097411131443,2.9184887892655826,0.6095261421706099,1382.0
885,1.5,1.3,2.2,0.4,7.0,8.0,14.0,0.43137662175476565,2220.179523048672,7337.410659716461,14750.117080419637,0.01385617873671282,2.9302675213720106,0.5849839226787321,1377.5
886,1.5,1.3,2.6,0.4,3.0,6.0,14.0,0.38234993659470673,3760.4257550316925,7541.96851523497,14248.095291649457,0.01461788361299178,2.924547577161052,0.5916433277248674,1897.0
887,1.5,1.3,2.6,0.4,3.0,7.0,14.0,0.38436329317161727,3753.651404061684,7369.116921981693,14486.814651304237,0.012135621564257305,2.933494454963694,0.5937976067018222,1877.5
888,1.5,1.3,2.6,0.4,3.0,8.0,14.0,0.3840884570980941,3726.711431195023,7336.093861925452,14508.292491329354,0.011719092478000655,2.9416932482945866,0.6012695289719441,1863.5
889,1.5,1.3,2.6,0.4,4.0,6.0,14.0,0.4045836172715272,3038.3703926807257,7513.324028459881,14400.319303203123,0.011266114953086681,2.9218584713025515,0.6004036605299483,1649.0
890,1.5,1.3,2.6,0.4,4.0,7.0,14.0,0.40881653074387425,3024.328217635073,7357.956027139703,14151.083197981932,0.00923506677381089,2.9303273878668796,0.6130340053036862,1618.0
891,1.5,1.3,2.6,0.4,4.0,8.0,14.0,0.41183060429438195,3029.851607263562,7311.6996429243845,14305.093452039124,0.012602525515142083,2.9150594351089065,0.5860021384375855,1624.5
892,1.5,1.3,2.6,0.4,5.0,6.0,14.0,0.42641994106150943,2569.9275070496305,7441.416014633323,13966.797048582672,0.012426748801588644,2.901572006597314,0.5922745752320555,1494.0
893,1.5,1.3,2.6,0.4,5.0,7.0,14.0,0.42241065520078225,2565.7568303585845,7384.402308370085,14332.11587446616,0.013267048807837582,2.94067712864536,0.5917496882829482,1474.0
894,1.5,1.3,2.6,0.4,5.0,8.0,14.0,0.4174224555937784,2537.586460658461,7406.5955906240415,14475.632104437762,0.014324370421931397,2.935326407972317,0.6085996960343427,1473.5
895,1.5,1.3,2.6,0.4,6.0,6.0,14.0,0.42565797481977635,2316.4988169756,7523.854225646403,14663.012970855096,0.013313975996902826,2.9435222144724023,0.5852624433055311,1438.0
896,1.5,1.3,2.6,0.4,6.0,7.0,14.0,0.4348969018649291,2330.0200115639536,7420.632922117532,14116.937272071775,0.0102915534649852,2.9442146899767065,0.5833203924097752,1405.5
897,1.5,1.3,2.6,0.4,6.0,8.0,14.0,0.43149380101847506,2340.703397432908,7197.469206777812,14466.756404031781,0.010782148608235564,2.9065341064785333,0.6052304238665813,1399.5
898,1.5,1.3,2.6,0.4,7.0,6.0,14.0,0.432524766563025,2223.0769111019035,7476.6532200044085,14295.802569071227,0.009691213183564943,2.9136450962054896,0.603740397889222,1395.5
899,1.5,1.3,2.6,0.4,7.0,7.0,14.0,0.4309689802257793,2193.692724486058,7413.0217692732085,14520.3580396965,0.011350103727892073,2.9183178603982913,0.6047563464366377,1379.5
900,1.5,1.3,2.6,0.4,7.0,8.0,14.0,0.43704927342952854,2226.706288762322,7317.664831406727,14151.942436515852,0.011454729411334855,2.9565992429926387,0.5905975655265346,1365.0
901,2.0,0.5,0.6,0.4,3.0,6.0,14.0,0.3452011688533376,3738.9793499242382,7435.793577467915,14036.28285834286,0.0820546279562202,2.7659855447362545,0.5994541592929741,1895.0
902,2.0,0.5,0.6,0.4,3.0,7.0,14.0,0.34943582266912826,3764.7569800323713,7256.755251702818,14129.571971883002,0.08229298335260737,2.752837958993574,0.5878767891227048,1881.0
903,2.0,0.5,0.6,0.4,3.0,8.0,14.0,0.35118644310678643,3753.2466407771076,7176.691045643868,14121.348684409844,0.0809140013081409,2.75528784207999,0.5927777765154685,1872.0
904,2.0,0.5,0.6,0.4,4.0,6.0,14.0,0.3647310315233623,3060.8166166623923,7423.899450144526,14232.309908364052,0.08259667807598525,2.7748603064556394,0.5969050745517106,1650.0
905,2.0,0.5,0.6,0.4,4.0,7.0,14.0,0.3760597830000318,3074.883932733923,7261.255070404546,14022.704291148508,0.07888413319146073,2.7680893856470563,0.5775721889822034,1623.0
906,2.0,0.5,0.6,0.4,4.0,8.0,14.0,0.37470158867653874,3036.922035482716,7202.243846758052,14045.280797930764,0.07920344616186221,2.7887108285072157,0.5900369157727202,1626.0
907,2.0,0.5,0.6,0.4,5.0,6.0,14.0,0.384723133928564,2550.3309978721877,7424.401653187988,13959.077240567069,0.08107039898947413,2.7543530941036147,0.5986244784988877,1500.0
908,2.0,0.5,0.6,0.4,5.0,7.0,14.0,0.3889422484657254,2553.589179988935,7301.249142852863,13983.479281861048,0.07824372348962513,2.7645932346074726,0.5952619704835234,1477.5
909,2.0,0.5,0.6,0.4,5.0,8.0,14.0,0.3961214277313199,2557.8165885258622,7215.42004793293,13938.157977160958,0.07278464957230267,2.7748891026990217,0.5859240290052838,1473.5
910,2.0,0.5,0.6,0.4,6.0,6.0,14.0,0.39584886880800646,2330.0905030724116,7389.380324289408,13731.546032287493,0.07910124675693367,2.7446234032828243,0.5999764003159688,1425.0
911,2.0,0.5,0.6,0.4,6.0,7.0,14.0,0.40176152622815725,2325.1652047296775,7303.418164936344,13996.39710760699,0.07546612507870323,2.7914335289935384,0.5724618153293953,1417.0
912,2.0,0.5,0.6,0.4,6.0,8.0,14.0,0.40591800308802917,2301.560809377739,7256.216737901398,13933.5359771182,0.07571588387536043,2.7434690154537025,0.5692803524654708,1397.5
913,2.0,0.5,0.6,0.4,7.0,6.0,14.0,0.39654076763607904,2201.291229131307,7408.46291713178,14231.020035519174,0.08117267040695247,2.7259129802591464,0.5869401582256524,1400.5
914,2.0,0.5,0.6,0.4,7.0,7.0,14.0,0.40725151179931046,2202.85100059458,7272.010488630358,14121.165528797415,0.06884413411045069,2.7876809475534254,0.5832191984626012,1375.0
915,2.0,0.5,0.6,0.4,7.0,8.0,14.0,0.40678599910728347,2229.7117946253998,7167.515935449181,14039.648218355716,0.07382886406226022,2.7397938162019724,0.5854135962805674,1373.0
916,2.0,0.5,1.0,0.4,3.0,6.0,14.0,0.35650818197746625,3732.6163846385316,7355.6426029820805,13864.16720834725,0.06914468425259793,2.776241155880639,0.6012117674979038,1873.0
917,2.0,0.5,1.0,0.4,3.0,7.0,14.0,0.3511229492310155,3750.5231386565847,7392.720317404511,14185.571828478976,0.06885045379210586,2.7913415382592586,0.6047215982670402,1879.5
918,2.0,0.5,1.0,0.4,3.0,8.0,14.0,0.359247519629237,3790.007518653636,7262.262035484673,13882.777663792003,0.06666334235317584,2.7837200236351163,0.5936967272369003,1864.5
919,2.0,0.5,1.0,0.4,4.0,6.0,14.0,0.38058537552056576,3017.8566803834265,7425.233670772694,13918.985159278269,0.06468281418221347,2.7906209277150706,0.5969876858714998,1641.5
920,2.0,0.5,1.0,0.4,4.0,7.0,14.0,0.38414759465906667,3022.1889299178342,7307.90427863558,14115.189558471066,0.06330274775234437,2.792501908130588,0.5845787417400903,1621.5
921,2.0,0.5,1.0,0.4,4.0,8.0,14.0,0.3835425163794082,3029.5984165513264,7325.48445326002,13925.070137383838,0.06362084792826422,2.772779486564091,0.5955483867355861,1623.0
922,2.0,0.5,1.0,0.4,5.0,6.0,14.0,0.39305299341041683,2555.373438432989,7515.417919832873,13971.62248387331,0.06650499141996304,2.7580083743102746,0.5952864520144864,1506.5
923,2.0,0.5,1.0,0.4,5.0,7.0,14.0,0.3963899029643841,2552.6616487574784,7305.479848668212,14311.701779122115,0.06425338455172314,2.7836865182683788,0.5858728789377383,1479.0
924,2.0,0.5,1.0,0.4,5.0,8.0,14.0,0.4010956676975561,2534.1025326262634,7257.303125160587,14085.055757344227,0.0636963819470347,2.7787040332683244,0.5835288467101472,1466.0
925,2.0,0.5,1.0,0.4,6.0,6.0,14.0,0.39926881588140156,2318.804709385574,7432.958091996091,14252.884147574383,0.06688655329788293,2.7509132627797763,0.5950455003859825,1429.0
926,2.0,0.5,1.0,0.4,6.0,7.0,14.0,0.4033259724887963,2319.182546587039,7332.325346066074,14036.694368027962,0.06685748462064252,2.7770417223076294,0.590993268987934,1415.5
927,2.0,0.5,1.0,0.4,6.0,8.0,14.0,0.4074431319392379,2323.7244424292994,7252.699960374457,14205.863381088548,0.059144200666692015,2.8012420076035354,0.5908875768102319,1405.0
928,2.0,0.5,1.0,0.4,7.0,6.0,14.0,0.40500205271883605,2244.546268449715,7429.526649322746,13975.664749241138,0.06682723793020692,2.7800762243903705,0.5881090925148682,1403.0
929,2.0,0.5,1.0,0.4,7.0,7.0,14.0,0.41597886792400574,2216.642456998127,7343.344773149771,13949.497054111038,0.05739542998170291,2.7662126565555782,0.5806866028867901,1372.0
930,2.0,0.5,1.0,0.4,7.0,8.0,14.0,0.4125421053040819,2215.069305466535,7229.423599756296,14111.74689208662,0.061317991520792106,2.7539846886055006,0.5891062159674887,1373.5
931,2.0,0.5,1.4,0.4,3.0,6.0,14.0,0.36926351545785013,3758.8773301676047,7412.539137114317,14024.479681509023,0.0433218899528241,2.8341257269966884,0.5977843817151858,1889.5
932,2.0,0.5,1.4,0.4,3.0,7.0,14.0,0.3731721896679759,3746.1380595509677,7323.102684515681,14296.276974642788,0.040439894100627274,2.8321433187387406,0.5856106882299441,1872.0
933,2.0,0.5,1.4,0.4,3.0,8.0,14.0,0.37026666562081684,3766.360861855596,7282.673968785343,14178.9534918774,0.04155443322109989,2.832903963760547,0.6019442851269621,1861.0
934,2.0,0.5,1.4,0.4,4.0,6.0,14.0,0.39030384627911247,3029.2910697747725,7495.726304674867,14460.427369230365,0.041392639041109465,2.8263131861102044,0.5862971017451298,1651.5
935,2.0,0.5,1.4,0.4,4.0,7.0,14.0,0.3968764543828031,3025.7253278313183,7473.880110871851,14165.546138781952,0.03778810932657087,2.8116024724051014,0.5847414813416599,1632.5
936,2.0,0.5,1.4,0.4,4.0,8.0,14.0,0.39586332621581305,3018.881855480681,7333.739862588752,14194.534453590852,0.03895024920570388,2.8308705619527235,0.5952587966349752,1631.0
937,2.0,0.5,1.4,0.4,5.0,6.0,14.0,0.40507524073921836,2542.99873294395,7532.742202800679,14067.3986027459,0.04464453072700496,2.808572480283434,0.5961305276769089,1497.5
938,2.0,0.5,1.4,0.4,5.0,7.0,14.0,0.4052921001407798,2536.634194143396,7418.9994202949065,14511.96561111688,0.042302357836338414,2.832034279345846,0.5893832244833125,1493.5
939,2.0,0.5,1.4,0.4,5.0,8.0,14.0,0.4070159299165499,2545.647928640257,7305.161227919209,14570.15547486493,0.04071945004148394,2.8140986055161274,0.5947564258281177,1482.0
940,2.0,0.5,1.4,0.4,6.0,6.0,14.0,0.4103316339640977,2335.7193535179495,7446.751131257425,14120.048443455455,0.04194910250354275,2.8178174289144375,0.6146579683045867,1426.0
941,2.0,0.5,1.4,0.4,6.0,7.0,14.0,0.4169461017432093,2345.3401927478903,7285.417324409424,14532.837738147908,0.03824961698948744,2.8277652786785925,0.5867889573242046,1416.0
942,2.0,0.5,1.4,0.4,6.0,8.0,14.0,0.41879073212987655,2318.227554777232,7295.313056232981,14416.689184215695,0.04133023135374712,2.812863385908998,0.5788842746789007,1412.5
943,2.0,0.5,1.4,0.4,7.0,6.0,14.0,0.42077099401552015,2213.93583153498,7424.604167839329,14325.175578124596,0.03992079694239359,2.814716257707649,0.5821806380630816,1398.5
944,2.0,0.5,1.4,0.4,7.0,7.0,14.0,0.4191928671689258,2238.480775100121,7385.014431489419,14175.843768013114,0.04143811679776336,2.808808443736564,0.5925857666469951,1385.5
945,2.0,0.5,1.4,0.4,7.0,8.0,14.0,0.4193901187171447,2219.899273600523,7267.509419418306,14106.847227940267,0.04355488165327551,2.8307099625129695,0.5982330641899165,1374.0
946,2.0,0.5,1.8,0.4,3.0,6.0,14.0,0.37364188244971136,3748.412094041575,7496.6001548540025,14525.751156340515,0.030133720168669123,2.8837728953320823,0.582396232787207,1895.5
947,2.0,0.5,1.8,0.4,3.0,7.0,14.0,0.37281413347066367,3845.6790536157996,7389.429679875366,14218.67991800423,0.028277769275923736,2.868550274513404,0.6037780012999947,1873.0
948,2.0,0.5,1.8,0.4,3.0,8.0,14.0,0.3766812163472831,3760.5584768925673,7379.288131263249,14089.620188037758,0.02898986619273032,2.903552114386064,0.5977602895038345,1875.5
949,2.0,0.5,1.8,0.4,4.0,6.0,14.0,0.4027346931553808,3018.3455881935524,7464.797683177991,14015.679972417518,0.029127217192005103,2.8501505752780005,0.5878036935711969,1643.5
950,2.0,0.5,1.8,0.4,4.0,7.0,14.0,0.4016703553792436,3049.883531988824,7319.708290908465,14386.188292424442,0.023804642719879067,2.847747023759425,0.6009888225846738,1628.5
951,2.0,0.5,1.8,0.4,4.0,8.0,14.0,0.4007724146782367,3025.46931675348,7288.363346151693,14550.76284208732,0.024549517131714403,2.8826144579034185,0.5966609749965844,1621.5
952,2.0,0.5,1.8,0.4,5.0,6.0,14.0,0.4150308883797574,2541.015967235262,7471.40046167654,14415.467064314253,0.028604818764317613,2.8390927237034496,0.5846826548005591,1496.5
953,2.0,0.5,1.8,0.4,5.0,7.0,14.0,0.41678305927080933,2525.5038842315,7371.722941849277,14451.606518868906,0.0285257203059869,2.853737021363264,0.5839342973287804,1478.5
954,2.0,0.5,1.8,0.4,5.0,8.0,14.0,0.4197061163968656,2559.1321019294764,7264.812094629546,14137.070578046063,0.028091084583153098,2.8436363760136345,0.5919663271364373,1473.5
955,2.0,0.5,1.8,0.4,6.0,6.0,14.0,0.4196177037251358,2354.905543410419,7484.483024510151,14424.122280735819,0.02896253151079587,2.8574204342908764,0.5854249566533495,1430.0
956,2.0,0.5,1.8,0.4,6.0,7.0,14.0,0.42075735888964233,2330.8849332326918,7377.852020168115,14402.13783459226,0.030529119685528086,2.8375847037854234,0.5919138316392564,1418.5
957,2.0,0.5,1.8,0.4,6.0,8.0,14.0,0.42087056275055407,2327.967868420312,7224.141816426216,14193.094257275985,0.03191385909258879,2.8348953547502402,0.6112642654297763,1398.5
958,2.0,0.5,1.8,0.4,7.0,6.0,14.0,0.41581360644861826,2233.0128169809095,7499.646766513852,14536.59130673905,0.03141155013116568,2.835302533278524,0.6107658180173219,1410.0
959,2.0,0.5,1.8,0.4,7.0,7.0,14.0,0.4281037612008121,2197.8632447042733,7321.382927700022,14475.194636764141,0.029370794743819945,2.8835866731778323,0.575446283609181,1375.5
960,2.0,0.5,1.8,0.4,7.0,8.0,14.0,0.42592459286980794,2235.210056350301,7293.390952059326,14438.336402898494,0.030076013361591453,2.82754927341666,0.5902403609916723,1375.5
961,2.0,0.5,2.2,0.4,3.0,6.0,14.0,0.3783241219570022,3791.9237816578407,7474.219281650813,14341.860181103748,0.021812368893269644,2.903020503678583,0.5878754508976455,1888.5
962,2.0,0.5,2.2,0.4,3.0,7.0,14.0,0.38011136499229115,3730.306340793996,7335.103783750815,14292.162621415455,0.021999228319190642,2.9038823981053343,0.6025808829075998,1866.5
963,2.0,0.5,2.2,0.4,3.0,8.0,14.0,0.3805976204243564,3733.023446474162,7382.594430790395,14378.246917215922,0.020983495631196492,2.890671993799871,0.5967018563583731,1863.5
964,2.0,0.5,2.2,0.4,4.0,6.0,14.0,0.39877633666773943,3026.7082051391417,7528.430168960171,14397.439823210261,0.02338876786568195,2.8972687880819694,0.5935519970878057,1653.0
965,2.0,0.5,2.2,0.4,4.0,7.0,14.0,0.4045797228226866,3037.8833267169725,7419.316594598886,14307.370610236896,0.019572579540820395,2.8831803642864435,0.592170902936621,1631.5
966,2.0,0.5,2.2,0.4,4.0,8.0,14.0,0.40604777719226504,3044.9178937661504,7301.839076037358,14656.216790039616,0.017326242888943855,2.895843309608372,0.5834678608985296,1622.5
967,2.0,0.5,2.2,0.4,5.0,6.0,14.0,0.4198061624061132,2538.492184524858,7496.450875182769,14130.28671062379,0.022611557992180828,2.8906417566287868,0.5851501232333709,1492.5
968,2.0,0.5,2.2,0.4,5.0,7.0,14.0,0.41918471244405936,2534.5080948569216,7414.765495437887,14351.98456441919,0.021495592000198134,2.9026846676146,0.5874132128611894,1477.5
969,2.0,0.5,2.2,0.4,5.0,8.0,14.0,0.41869506666476314,2544.6957494980816,7352.592120308346,14276.926403859048,0.02162670558399835,2.9092217316228197,0.5959309946216225,1471.0
970,2.0,0.5,2.2,0.4,6.0,6.0,14.0,0.41803352835203333,2322.3270623708377,7485.672881266239,14539.790905546037,0.025987226419503077,2.854258597009145,0.6023701779008181,1434.0
971,2.0,0.5,2.2,0.4,6.0,7.0,14.0,0.4253172106293714,2323.2646031088134,7343.879608560403,14414.430115293602,0.02045241284498911,2.8338743755387488,0.6063936002323154,1409.5
972,2.0,0.5,2.2,0.4,6.0,8.0,14.0,0.429843572065649,2333.7049959491733,7310.442236319521,14428.129847484797,0.021615558479236248,2.8557736928246866,0.5785681346436097,1399.5
973,2.0,0.5,2.2,0.4,7.0,6.0,14.0,0.4238630434294585,2224.968194892065,7394.056895272668,14195.918533098355,0.02300194931773879,2.9058506728001,0.6155926463143454,1387.5
974,2.0,0.5,2.2,0.4,7.0,7.0,14.0,0.4275466679870304,2236.232780287551,7434.390783590734,14056.390039348225,0.025326358943276783,2.852302002502112,0.5994034451497223,1379.5
975,2.0,0.5,2.2,0.4,7.0,8.0,14.0,0.4295059760179731,2215.307282050616,7311.930099828594,14186.332498974323,0.023034106549685754,2.9023503061014364,0.5981132372109229,1365.5
976,2.0,0.5,2.6,0.4,3.0,6.0,14.0,0.37994327933054417,3731.566274196115,7467.382362015182,14557.389927609098,0.014982738683075467,2.9095158972919757,0.6006061158516576,1886.5
977,2.0,0.5,2.6,0.4,3.0,7.0,14.0,0.38328121556694367,3735.646254693309,7428.412947254328,14296.67459829443,0.018530036543417915,2.898704122889489,0.5898942665037898,1878.0
978,2.0,0.5,2.6,0.4,3.0,8.0,14.0,0.3839558857246769,3778.8610540210266,7378.8497858314095,14230.565378148618,0.01538605589167387,2.9105782274237892,0.596013935079938,1865.0
979,2.0,0.5,2.6,0.4,4.0,6.0,14.0,0.4057483980475671,3022.124017637966,7540.887336279784,14016.442473551719,0.017454402494590127,2.908132549119406,0.5950380419010134,1637.5
980,2.0,0.5,2.6,0.4,4.0,7.0,14.0,0.40590225749947856,3040.9293024320777,7371.536341539657,14435.019569162545,0.01585315166217023,2.930325054533413,0.5887703038043417,1628.0
981,2.0,0.5,2.6,0.4,4.0,8.0,14.0,0.4065212564933984,3040.1125401169515,7267.80771300255,14479.905866558995,0.01478075358001801,2.929623658806432,0.5965622929523009,1623.5
982,2.0,0.5,2.6,0.4,5.0,6.0,14.0,0.41605972872367575,2544.109006150192,7541.752576175997,14494.898239133889,0.018037438723025843,2.8829504916206288,0.5968361091392531,1496.5
983,2.0,0.5,2.6,0.4,5.0,7.0,14.0,0.4182403237803234,2531.966900010386,7415.263112420278,14537.998029383285,0.019691248339163924,2.9077187103387985,0.5885867983399441,1478.0
984,2.0,0.5,2.6,0.4,5.0,8.0,14.0,0.42427869529576884,2556.7862814373707,7288.474070550816,14331.418919379768,0.017963887803987454,2.900938046802663,0.5833440202105725,1472.0
985,2.0,0.5,2.6,0.4,6.0,6.0,14.0,0.4273764371456977,2335.338846418406,7499.922977483428,14380.145387592014,0.016084055860874948,2.887578007276,0.5887364578886811,1429.5
986,2.0,0.5,2.6,0.4,6.0,7.0,14.0,0.4233679397027988,2344.6790109069525,7438.105128231737,14306.232436049479,0.015800125145609672,2.9207091489328283,0.611716143994202,1426.5
987,2.0,0.5,2.6,0.4,6.0,8.0,14.0,0.4327541841524907,2316.1076832700664,7282.336263926634,14683.390419163181,0.01672128099653722,2.858900763014228,0.5729544048593731,1407.5
988,2.0,0.5,2.6,0.4,7.0,6.0,14.0,0.4310948162859995,2195.5372039430317,7434.0144000561795,14228.887773094235,0.020152904090727924,2.8897909489164584,0.5916304694767875,1390.5
989,2.0,0.5,2.6,0.4,7.0,7.0,14.0,0.43821294573878933,2215.7026832590363,7379.501183130129,13953.104999331037,0.013497972133150342,2.8747050094184194,0.5956941508124483,1373.5
990,2.0,0.5,2.6,0.4,7.0,8.0,14.0,0.4344174753702217,2209.3361927759092,7349.090354999581,14441.252926868983,0.014986690558530566,2.855063994773251,0.5926468660954062,1375.0
991,2.0,0.7,0.6,0.4,3.0,6.0,14.0,0.3449721246511542,3763.14633401595,7363.1906047868215,14121.720316562829,0.08283944615778419,2.7793553717155053,0.594917342582825,1888.5
992,2.0,0.7,0.6,0.4,3.0,7.0,14.0,0.3519879162059254,3748.990168944978,7294.4587996980445,13827.430625917961,0.08280242633131785,2.765534633551063,0.5854295977685696,1876.5
993,2.0,0.7,0.6,0.4,3.0,8.0,14.0,0.3471164504356155,3728.33036301371,7162.302558682698,14321.629482909299,0.08368718505848088,2.7662974180762134,0.5974817022178949,1862.0
994,2.0,0.7,0.6,0.4,4.0,6.0,14.0,0.3689327097549078,3080.0368356621,7364.466479437674,13929.868160460395,0.08288714961236862,2.780901672224736,0.591558776311129,1643.5
995,2.0,0.7,0.6,0.4,4.0,7.0,14.0,0.3708002174526301,3052.840674080963,7311.951738673979,14319.8144173111,0.07911508439017936,2.7451084969069637,0.5902013046958093,1627.5
996,2.0,0.7,0.6,0.4,4.0,8.0,14.0,0.375876516297806,3030.798465173676,7138.293554591732,14168.254316010003,0.08072565607470922,2.769364050623679,0.5831118107096404,1619.5
997,2.0,0.7,0.6,0.4,5.0,6.0,14.0,0.38514040801857813,2541.5260716829325,7363.406729723094,14291.582143824071,0.08074887413528947,2.7186087518316704,0.5938603038826398,1497.5
998,2.0,0.7,0.6,0.4,5.0,7.0,14.0,0.3901106287502509,2516.2923217236867,7250.90299815982,14404.496720116927,0.079628086096054,2.7253205383632135,0.581126511942027,1475.0
999,2.0,0.7,0.6,0.4,5.0,8.0,14.0,0.38997138898253375,2529.6864000278647,7211.540840604201,14400.915687632129,0.07586897155620859,2.791862413211602,0.5859636771899646,1469.0
1000,2.0,0.7,0.6,0.4,6.0,6.0,14.0,0.39584091654987447,2327.5445321235266,7406.639256442724,13849.07385181489,0.07941873703582403,2.735811006561835,0.5935769653601024,1433.0
1001,2.0,0.7,0.6,0.4,6.0,7.0,14.0,0.3959395620165136,2327.022030022314,7187.477253480829,14320.16249266088,0.07730944469463683,2.7572793379365965,0.594177356085282,1405.0
1002,2.0,0.7,0.6,0.4,6.0,8.0,14.0,0.3963988962921215,2344.216904241826,7224.652557602308,14038.229561401991,0.07938148484233401,2.7737616774402225,0.5903549110300415,1418.5
1003,2.0,0.7,0.6,0.4,7.0,6.0,14.0,0.39888861213157467,2233.1015258897487,7438.079402543719,14077.07084283499,0.07580731892975141,2.744957330975309,0.5899295450257063,1400.5
1004,2.0,0.7,0.6,0.4,7.0,7.0,14.0,0.3993806786279204,2205.582887822293,7339.465166456188,14061.629905520158,0.07651863778549875,2.7666795779235382,0.5958343262774953,1379.0
1005,2.0,0.7,0.6,0.4,7.0,8.0,14.0,0.4022874992496144,2217.006176849801,7225.9788241140795,14013.96822263199,0.07569278138898392,2.7344895312725166,0.5997292134123301,1377.0
1006,2.0,0.7,1.0,0.4,3.0,6.0,14.0,0.35545883902358716,3749.8985119098334,7417.0876679382945,14157.707020710943,0.06693821823879409,2.7707903133940226,0.5922039519396073,1891.5
1007,2.0,0.7,1.0,0.4,3.0,7.0,14.0,0.36187486846495404,3759.2941998032593,7304.9056524627285,13701.77102052074,0.06246352233493749,2.8067792259759576,0.6005940937294754,1870.0
1008,2.0,0.7,1.0,0.4,3.0,8.0,14.0,0.36137066868859763,3745.1464065949185,7269.290953640437,13941.366487376878,0.06472411356628982,2.7914464245772512,0.5919969470846458,1869.0
1009,2.0,0.7,1.0,0.4,4.0,6.0,14.0,0.38623815596588723,3042.923847370031,7389.840777720467,13996.716501445633,0.06128519958281976,2.7743530810243264,0.5787550506561785,1644.0
1010,2.0,0.7,1.0,0.4,4.0,7.0,14.0,0.384776209244432,3029.5685255379994,7279.842074533571,14022.995867590947,0.06268889409160566,2.79463974904516,0.5889393611461297,1623.0
1011,2.0,0.7,1.0,0.4,4.0,8.0,14.0,0.38792554097319876,3023.2228579925377,7207.903407890266,14096.612846658321,0.060913721158566525,2.80731470080824,0.581580471169056,1616.0
1012,2.0,0.7,1.0,0.4,5.0,6.0,14.0,0.3968666568997285,2544.783567390838,7428.851211763735,13943.213115840494,0.062295751999327444,2.729478065992133,0.6051563927755623,1496.0
1013,2.0,0.7,1.0,0.4,5.0,7.0,14.0,0.4034498007102063,2540.0243476662513,7335.252692128641,13853.625045350103,0.0590034082814976,2.770149156694852,0.5915367969678234,1469.0
1014,2.0,0.7,1.0,0.4,5.0,8.0,14.0,0.4002188189079287,2552.325005802798,7222.338121427472,13960.792387000543,0.06078339857333226,2.772248227044953,0.6041866520872113,1470.5
1015,2.0,0.7,1.0,0.4,6.0,6.0,14.0,0.4016806183258845,2325.113501532494,7422.667017661564,14233.896611089249,0.06344521537511505,2.7485039465712546,0.595681340814149,1435.5
1016,2.0,0.7,1.0,0.4,6.0,7.0,14.0,0.40767910727696055,2335.5069796560647,7411.201828165212,14152.773534731397,0.057409827658742904,2.7595444753913076,0.5878924737416515,1418.0
1017,2.0,0.7,1.0,0.4,6.0,8.0,14.0,0.41210914042454777,2325.213758424942,7281.773870749822,13749.414464617246,0.062077400245214076,2.7641954061238536,0.5830676680764848,1407.0
1018,2.0,0.7,1.0,0.4,7.0,6.0,14.0,0.4066013047200459,2212.986910317384,7318.145964514018,14168.364088196777,0.06350032198277354,2.762689675311127,0.5991585844958575,1392.0
1019,2.0,0.7,1.0,0.4,7.0,7.0,14.0,0.40928007330709026,2185.520861052556,7301.524291544125,13858.433990353024,0.06368839815967696,2.791235895932575,0.6018288665742103,1373.0
1020,2.0,0.7,1.0,0.4,7.0,8.0,14.0,0.41348240546589166,2196.6525656776116,7243.672333774489,14037.574160842716,0.06266644598447393,2.789624967384637,0.5801900650965102,1369.5
1021,2.0,0.7,1.4,0.4,3.0,6.0,14.0,0.3655833703641566,3735.0769383227266,7433.324960422489,14479.735420171102,0.04164656273213031,2.8367771659833165,0.6007524320446751,1889.5
1022,2.0,0.7,1.4,0.4,3.0,7.0,14.0,0.3790166770275225,3719.354340556548,7322.76286035401,13992.26134234991,0.035275712377108095,2.857690830688678,0.5888125359460982,1858.5
1023,2.0,0.7,1.4,0.4,3.0,8.0,14.0,0.3718288659234426,3723.164551050984,7338.770463978897,14358.926456156758,0.036554571187423564,2.8275922679416605,0.6042686226334317,1868.0
1024,2.0,0.7,1.4,0.4,4.0,6.0,14.0,0.3947191881527172,3042.5062584699176,7413.833069309039,14272.301824953787,0.03882611755448546,2.8272806843635623,0.5873157354980822,1646.0
1025,2.0,0.7,1.4,0.4,4.0,7.0,14.0,0.3931994403756986,3044.497172487941,7338.075340959018,14263.598493543266,0.03804454474097331,2.8273420807432057,0.6039458604309034,1629.0
1026,2.0,0.7,1.4,0.4,4.0,8.0,14.0,0.39376679975537154,3033.8676189842513,7261.399705826903,14429.661413302762,0.03983831308294186,2.8301205337140134,0.5956909021434211,1624.5
1027,2.0,0.7,1.4,0.4,5.0,6.0,14.0,0.40458064772214614,2553.3594956551397,7466.6715755872565,14424.171123294807,0.042350485549235845,2.804424891951414,0.5939577921919921,1499.5
1028,2.0,0.7,1.4,0.4,5.0,7.0,14.0,0.407434357827136,2526.6620670770994,7322.0661790451995,14423.696155795318,0.04145268365284757,2.811845423846292,0.5989788387492837,1475.5
1029,2.0,0.7,1.4,0.4,5.0,8.0,14.0,0.4090565364713847,2555.9943638257046,7288.940593583028,14314.830422306946,0.03926321882910738,2.8341033835701968,0.5986590334966722,1476.5
1030,2.0,0.7,1.4,0.4,6.0,6.0,14.0,0.4190233585796965,2344.084467806141,7420.103867205441,14046.628490443312,0.0400545362202356,2.820075821740737,0.5832387182550454,1424.5
1031,2.0,0.7,1.4,0.4,6.0,7.0,14.0,0.4145478351294771,2340.712818097227,7353.632274305227,14126.722053103607,0.0425559091748862,2.8499239847294353,0.595101219539568,1418.0
1032,2.0,0.7,1.4,0.4,6.0,8.0,14.0,0.41516453221288163,2306.2945442733953,7337.3425700464695,14175.2411880631,0.04231451904585808,2.800857062340442,0.6042830137386519,1405.0
1033,2.0,0.7,1.4,0.4,7.0,6.0,14.0,0.41735431139088136,2206.15165904789,7396.475864076498,14112.25586385985,0.04274857439141315,2.8316399640081764,0.6008091688551762,1390.0
1034,2.0,0.7,1.4,0.4,7.0,7.0,14.0,0.4214641550189219,2210.0939293818715,7369.552853084349,14198.523369290702,0.03951541131058017,2.8283164816976827,0.5896412740316491,1378.5
1035,2.0,0.7,1.4,0.4,7.0,8.0,14.0,0.419076516728396,2205.815022182729,7236.907274363704,14661.751444525748,0.04101005421179879,2.8127307442878187,0.5891832371048917,1371.5
1036,2.0,0.7,1.8,0.4,3.0,6.0,14.0,0.3784543624733608,3743.2059236497835,7439.460699985197,14107.586137410724,0.02871462079352427,2.8518372411674555,0.593942936510651,1883.0
1037,2.0,0.7,1.8,0.4,3.0,7.0,14.0,0.3753250920142546,3750.173061650793,7345.209308018571,14454.570363265631,0.0315062319956647,2.867682092202181,0.5887643173039916,1874.0
1038,2.0,0.7,1.8,0.4,3.0,8.0,14.0,0.3843493183982433,3765.2712531524853,7301.154513234416,14015.942219298715,0.024931058295184827,2.8558091950702638,0.590463048542506,1872.0
1039,2.0,0.7,1.8,0.4,4.0,6.0,14.0,0.40022090785575354,3075.913843969796,7463.349142229724,14373.568282015203,0.027178548535901265,2.8412380326064355,0.5819762314396998,1643.5
1040,2.0,0.7,1.8,0.4,4.0,7.0,14.0,0.40538053155031006,3035.43963651609,7376.516814876059,14217.886072221629,0.027154690403519727,2.867358668038472,0.5747088294500983,1631.0
1041,2.0,0.7,1.8,0.4,4.0,8.0,14.0,0.4060538165398689,3019.9037498530424,7295.3517133811765,14076.217006439347,0.027310935669144623,2.863128885656968,0.5878078260271137,1614.5
1042,2.0,0.7,1.8,0.4,5.0,6.0,14.0,0.41058514279938246,2554.135735150429,7499.925516334808,14100.877267180233,0.03213942948547054,2.8653622319803334,0.6012470153885692,1501.0
1043,2.0,0.7,1.8,0.4,5.0,7.0,14.0,0.41101927834123414,2547.5250936275797,7435.978628822171,14275.98374311033,0.03020540931159828,2.8371003032562934,0.6078311434451646,1485.0
1044,2.0,0.7,1.8,0.4,5.0,8.0,14.0,0.41423736381870674,2525.8288030629446,7304.229694803584,14439.488769336229,0.02850159150551393,2.8536331782171485,0.6027662848178563,1466.5
1045,2.0,0.7,1.8,0.4,6.0,6.0,14.0,0.4176555370756161,2327.8983606896136,7422.604751220921,14307.319999347716,0.030318777413200163,2.8497372700654244,0.6066743893618041,1424.5
1046,2.0,0.7,1.8,0.4,6.0,7.0,14.0,0.41690264443029507,2318.4328731625756,7424.615162140735,14513.318147890051,0.028300058439777214,2.855073618770534,0.6075418583667553,1419.5
1047,2.0,0.7,1.8,0.4,6.0,8.0,14.0,0.41929172229476636,2328.0833368848416,7280.378740292159,14477.802847106206,0.029163460813155316,2.835017956857839,0.6092121413596504,1411.5
1048,2.0,0.7,1.8,0.4,7.0,6.0,14.0,0.4220932604498269,2237.369840478602,7494.2190436328365,14098.446178434508,0.028757952650799008,2.8733232405670166,0.6041268557411166,1404.0
1049,2.0,0.7,1.8,0.4,7.0,7.0,14.0,0.4269384534807777,2199.5746785618676,7294.411984466198,14354.792419993086,0.03145134238807104,2.872363284036894,0.583790423718628,1377.5
1050,2.0,0.7,1.8,0.4,7.0,8.0,14.0,0.4263800533262361,2232.276257539457,7313.87161273574,14161.37804011162,0.032699610360954576,2.870642598468367,0.585158120214254,1379.0
1051,2.0,0.7,2.2,0.4,3.0,6.0,14.0,0.38010188198526657,3730.0706139433933,7458.726306173212,14221.972331629046,0.023102322782606342,2.874349282903071,0.5956655007280338,1885.5
1052,2.0,0.7,2.2,0.4,3.0,7.0,14.0,0.3829405885676389,3747.5249954339897,7385.096515271434,14080.349518619547,0.022463620383135426,2.8846174082840026,0.5931915314028454,1874.0
1053,2.0,0.7,2.2,0.4,3.0,8.0,14.0,0.3870001357226276,3739.633310310084,7326.263739089241,14023.023935154171,0.019700248063032052,2.9004705122974754,0.5894022197141023,1866.5
1054,2.0,0.7,2.2,0.4,4.0,6.0,14.0,0.40076301530791,3033.8835498018393,7505.255129113835,14356.688308766534,0.021189681546377417,2.881924897933207,0.5961396511199053,1645.0
1055,2.0,0.7,2.2,0.4,4.0,7.0,14.0,0.40370854366377856,3022.0724755456167,7390.368289456794,14290.113181892768,0.020230671231543866,2.885225913026159,0.5997262887678838,1623.0
1056,2.0,0.7,2.2,0.4,4.0,8.0,14.0,0.40139916241034285,3039.557180757943,7426.852844513198,14606.921581064853,0.021476244191980232,2.877160084321792,0.5871868436578493,1638.5
1057,2.0,0.7,2.2,0.4,5.0,6.0,14.0,0.4161357101383036,2553.1396105653935,7522.379645985479,14292.059741846126,0.024404980164140007,2.8793714326721274,0.5865108290605598,1495.0
1058,2.0,0.7,2.2,0.4,5.0,7.0,14.0,0.41621103835098056,2552.583310685486,7474.084146870944,14225.353096546329,0.02241714955356227,2.8850765505163216,0.599211334055895,1482.0
1059,2.0,0.7,2.2,0.4,5.0,8.0,14.0,0.41995584077002807,2554.7620486289416,7320.36997643498,14419.64104092278,0.023191172353842528,2.9068723646536134,0.5798373753732258,1475.0
1060,2.0,0.7,2.2,0.4,6.0,6.0,14.0,0.42898076210332764,2304.9948065696935,7479.713983521144,14239.817262852739,0.02249892572963949,2.8540908044167046,0.57827226454195,1423.5
1061,2.0,0.7,2.2,0.4,6.0,7.0,14.0,0.4249635448959992,2325.3664928819203,7377.210724248724,14274.709320109487,0.01910346518470088,2.9016895582216895,0.6060150090491543,1408.5
1062,2.0,0.7,2.2,0.4,6.0,8.0,14.0,0.4283589854012062,2329.809832958982,7279.818445470542,14134.190499406854,0.02207823343461565,2.8823295544741763,0.5975624000366422,1399.5
1063,2.0,0.7,2.2,0.4,7.0,6.0,14.0,0.42734949567558705,2198.1563442421684,7499.003901941027,13930.48334173442,0.023044158983804117,2.9038054632909427,0.6062242941986786,1386.0
1064,2.0,0.7,2.2,0.4,7.0,7.0,14.0,0.42387929715973754,2223.845502573656,7405.379318662335,14156.555931437691,0.01991736767661729,2.865304485019517,0.6321929852827067,1372.0
1065,2.0,0.7,2.2,0.4,7.0,8.0,14.0,0.42921888643630607,2198.122347037337,7314.110318650341,14557.431373816336,0.025445349945454374,2.872145241924824,0.5810269762676336,1374.5
1066,2.0,0.7,2.6,0.4,3.0,6.0,14.0,0.3833068481433119,3735.464850819467,7509.910335427196,14298.811357216915,0.013649840780457067,2.9142630985864506,0.5958477618385607,1887.0
1067,2.0,0.7,2.6,0.4,3.0,7.0,14.0,0.38528058794328895,3753.142376386782,7335.333236726476,14494.756682067753,0.013925136943740053,2.9193008371999376,0.5884018882507556,1868.0
1068,2.0,0.7,2.6,0.4,3.0,8.0,14.0,0.3857812455002898,3739.295907544672,7300.77804313907,14534.554120735884,0.014016949662856267,2.9331051649772495,0.5870216696035395,1869.0
1069,2.0,0.7,2.6,0.4,4.0,6.0,14.0,0.4039013868214611,3047.8892944810386,7480.281264202013,14541.80900820962,0.01452282916474348,2.9165016681171623,0.5888641189863619,1654.5
1070,2.0,0.7,2.6,0.4,4.0,7.0,14.0,0.40666061342342563,3040.749890094155,7427.692017978037,14426.320334709297,0.011571761259061713,2.9271060677798237,0.5947353410730315,1632.5
1071,2.0,0.7,2.6,0.4,4.0,8.0,14.0,0.4102932538506423,3032.016699015252,7329.48536127024,14355.680339473403,0.01199990907437716,2.944343411625108,0.5868380495087153,1626.0
1072,2.0,0.7,2.6,0.4,5.0,6.0,14.0,0.418612248141236,2558.7027831461655,7523.803919192998,14605.652133464288,0.012968024243797439,2.9169836875434907,0.5901249110808913,1504.0
1073,2.0,0.7,2.6,0.4,5.0,7.0,14.0,0.41993328117815226,2551.98118796139,7351.882703235674,14435.636989539891,0.012919183203911418,2.9074683051663337,0.6095967630943104,1475.0
1074,2.0,0.7,2.6,0.4,5.0,8.0,14.0,0.4237927308302978,2555.4987046725596,7368.128395738663,14214.893648411835,0.013183733546715216,2.9427476298154005,0.593597854606694,1477.0
1075,2.0,0.7,2.6,0.4,6.0,6.0,14.0,0.4303226505430815,2332.855963844591,7493.072433124015,14542.415476360313,0.012639718165671533,2.892440935650142,0.5782692826855065,1431.0
1076,2.0,0.7,2.6,0.4,6.0,7.0,14.0,0.4303021503616564,2320.7130301977813,7486.931553010921,14365.42818327952,0.011304484988695514,2.9204839099767996,0.5893418559800395,1414.0
1077,2.0,0.7,2.6,0.4,6.0,8.0,14.0,0.427094004393418,2343.1388745059094,7271.477677108607,14557.528605528478,0.013120899718837863,2.9517931323190947,0.6011820861043375,1410.5
1078,2.0,0.7,2.6,0.4,7.0,6.0,14.0,0.4242442827737752,2219.0833840226487,7486.116334164999,14461.073787598754,0.014045281143726739,2.9020642944141404,0.6231922645909338,1390.5
1079,2.0,0.7,2.6,0.4,7.0,7.0,14.0,0.42993605784807354,2207.3152570032985,7462.330941925184,14327.357417833276,0.012379339944073768,2.9512549307504954,0.6043586355061501,1378.5
1080,2.0,0.7,2.6,0.4,7.0,8.0,14.0,0.4315201587888615,2216.1844557193417,7335.837515874975,14766.64592790142,0.013540057819492298,2.9346576781400913,0.5846444025197794,1377.0
1081,2.0,0.9,0.6,0.4,3.0,6.0,14.0,0.35122298785932365,3742.914465033368,7363.312886372025,14014.584110248405,0.0785051780815425,2.763023933953727,0.5892006209335414,1884.0
1082,2.0,0.9,0.6,0.4,3.0,7.0,14.0,0.34529935675498474,3745.216290983057,7284.177944825273,14175.788282126996,0.08431747849765675,2.767753678982363,0.597459703964939,1877.5
1083,2.0,0.9,0.6,0.4,3.0,8.0,14.0,0.3567660278543416,3746.477540605958,7269.805621817015,13768.98302122502,0.07700310190705026,2.76866809970765,0.585925995750792,1862.0
1084,2.0,0.9,0.6,0.4,4.0,6.0,14.0,0.37288315236363495,3038.2871586897863,7437.700801051038,14055.039424094963,0.07720922859801807,2.7686090742852976,0.5864237926055607,1655.5
1085,2.0,0.9,0.6,0.4,4.0,7.0,14.0,0.37506036103815776,3043.0391865852353,7250.613194865406,14326.584160711463,0.07941892861657834,2.763642188763357,0.5727458523514657,1634.0
1086,2.0,0.9,0.6,0.4,4.0,8.0,14.0,0.3760751800806858,3030.2981925058366,7200.713702918603,14225.127788330834,0.07941654940713708,2.757991371244936,0.5798226908997429,1626.0
1087,2.0,0.9,0.6,0.4,5.0,6.0,14.0,0.3867939484926733,2541.429465064233,7357.537194920351,14120.74559450417,0.07973735264730789,2.7390345087351866,0.594817898681447,1494.5
1088,2.0,0.9,0.6,0.4,5.0,7.0,14.0,0.3922934171573323,2594.8750070043607,7188.814290602182,14112.62902007844,0.07663764740675022,2.737008262561271,0.585941265924907,1472.0
1089,2.0,0.9,0.6,0.4,5.0,8.0,14.0,0.3902101863079988,2543.0984854306,7207.878916400079,13870.781728014023,0.08117384811025019,2.7551956422336716,0.5963284742996522,1472.5
1090,2.0,0.9,0.6,0.4,6.0,6.0,14.0,0.39673508083535497,2348.547471578374,7392.996953178843,13958.569403296675,0.07775592280585301,2.759693727270892,0.5840838274140747,1432.0
1091,2.0,0.9,0.6,0.4,6.0,7.0,14.0,0.39313134638170916,2336.2644754823195,7239.94525989977,14099.705270921211,0.08018830218278651,2.781808414978076,0.5992558419008622,1415.5
1092,2.0,0.9,0.6,0.4,6.0,8.0,14.0,0.4030425813247395,2338.6593546546346,7241.982836066476,14079.148969067168,0.07002945508100147,2.7747189510469292,0.5856277517656814,1406.5
1093,2.0,0.9,0.6,0.4,7.0,6.0,14.0,0.39367312663260795,2223.8037314017433,7434.510140110597,14013.20164556095,0.08495575310251319,2.7221482392723733,0.5936736454725084,1410.5
1094,2.0,0.9,0.6,0.4,7.0,7.0,14.0,0.4031024870947186,2199.869172098663,7281.6247324109645,13726.74857702984,0.07470733488938675,2.74091438195563,0.609209498097801,1371.5
1095,2.0,0.9,0.6,0.4,7.0,8.0,14.0,0.39854145662402063,2246.094254097512,7223.212321370847,14229.648125531608,0.07862278558018061,2.743933121959617,0.5926907359155739,1381.5
1096,2.0,0.9,1.0,0.4,3.0,6.0,14.0,0.36098255717057576,3748.401491252156,7444.472379049266,13968.088005000463,0.05823477133243155,2.7943088401909577,0.5968963620292369,1893.0
1097,2.0,0.9,1.0,0.4,3.0,7.0,14.0,0.36318893334545105,3737.153900655555,7402.746177513538,13833.848872044313,0.05723305655704869,2.807821496127869,0.5993047451361061,1876.0
1098,2.0,0.9,1.0,0.4,3.0,8.0,14.0,0.3565938336587506,3785.6417160802566,7268.230270635658,14227.40719893722,0.05946021542648576,2.807721809535453,0.6099662183025121,1871.5
1099,2.0,0.9,1.0,0.4,4.0,6.0,14.0,0.38390832331284885,3039.7311933840633,7379.858283412036,14052.076509697748,0.06020030126613199,2.776120953393359,0.5919214348126987,1644.5
1100,2.0,0.9,1.0,0.4,4.0,7.0,14.0,0.3856077476194439,3031.854250097928,7341.505039586855,14174.730975175014,0.05888724193941024,2.793647793366789,0.5842883286590417,1624.0
1101,2.0,0.9,1.0,0.4,4.0,8.0,14.0,0.3886946742288712,3036.0645525747013,7267.2068620411865,13903.41984751034,0.061156274219926324,2.7919944940983816,0.5811827108177683,1625.0
1102,2.0,0.9,1.0,0.4,5.0,6.0,14.0,0.3976197173691364,2545.404448107481,7326.402450738242,14005.219171952744,0.05895102452303254,2.801316323151048,0.6080771289202256,1487.5
1103,2.0,0.9,1.0,0.4,5.0,7.0,14.0,0.4031015119886712,2543.8992503666186,7365.371179803228,14033.94408814635,0.055453978409511634,2.767331954597801,0.5932215239719936,1482.0
1104,2.0,0.9,1.0,0.4,5.0,8.0,14.0,0.40291031175269093,2551.3601218118965,7226.870360200364,14136.750510161834,0.05799654785725279,2.7943346360957224,0.5884926023622763,1478.5
1105,2.0,0.9,1.0,0.4,6.0,6.0,14.0,0.4041736948850738,2321.624108750334,7477.330543625872,14140.844806462861,0.057607618965464,2.799221599162025,0.5951961320639821,1429.0
1106,2.0,0.9,1.0,0.4,6.0,7.0,14.0,0.4106388861241716,2317.8702524709174,7340.532209431303,14130.554659891015,0.05526918671248568,2.789347074795667,0.5862675575996781,1411.5
1107,2.0,0.9,1.0,0.4,6.0,8.0,14.0,0.4064490436497806,2330.4217829559207,7199.250003352043,14168.441515891282,0.05590113645995125,2.787167423120632,0.6135488779038942,1400.5
1108,2.0,0.9,1.0,0.4,7.0,6.0,14.0,0.41179030561804547,2223.115528932165,7356.622472904886,13862.537619078841,0.061408656618071,2.767303470394422,0.5897284474380384,1394.5
1109,2.0,0.9,1.0,0.4,7.0,7.0,14.0,0.4137313073941567,2220.1964160119755,7392.485188940168,13978.440399545525,0.05427905445254653,2.7995338153077522,0.5904206061994421,1386.0
1110,2.0,0.9,1.0,0.4,7.0,8.0,14.0,0.41394860711210985,2214.4851447456113,7180.249440029655,13735.252909542352,0.06273196580555458,2.7720523307333202,0.5974257733529096,1367.0
1111,2.0,0.9,1.4,0.4,3.0,6.0,14.0,0.37062130287328005,3743.919967430816,7454.421635540724,14136.995086952324,0.03811949534487529,2.838296479749153,0.6005588268167483,1888.0
1112,2.0,0.9,1.4,0.4,3.0,7.0,14.0,0.3741770075975435,3731.2457987511643,7324.706604497964,14290.657267663673,0.039025378562044945,2.8306732939680046,0.5878937899866967,1869.0
1113,2.0,0.9,1.4,0.4,3.0,8.0,14.0,0.3757722468263233,3741.06557372485,7214.788693012317,14124.77007414884,0.03977655135280657,2.843569072891947,0.5920853416277678,1866.0
1114,2.0,0.9,1.4,0.4,4.0,6.0,14.0,0.39461856080438534,3038.3323392594925,7500.136420762898,14315.517634194955,0.03683438022557574,2.8207728427287213,0.5860269292670213,1650.0
1115,2.0,0.9,1.4,0.4,4.0,7.0,14.0,0.3950992269910148,3036.916111709009,7305.621247361309,14228.28306041862,0.04002616571418248,2.8237575289581613,0.5946887985055955,1631.0
1116,2.0,0.9,1.4,0.4,4.0,8.0,14.0,0.39044474323243294,3021.846040213836,7308.51744014435,14506.837278662722,0.038110223382930575,2.865777440911454,0.6060673460566798,1632.5
1117,2.0,0.9,1.4,0.4,5.0,6.0,14.0,0.4127202931500839,2552.539432195057,7446.395575131426,14259.838488543232,0.03641696133432236,2.8167683223755917,0.5817708191964733,1491.0
1118,2.0,0.9,1.4,0.4,5.0,7.0,14.0,0.41525366978926154,2558.5965773627295,7322.787659132426,14088.449853866547,0.03591640862907004,2.8145086580600918,0.5896736209353307,1479.5
1119,2.0,0.9,1.4,0.4,5.0,8.0,14.0,0.4085726801137813,2560.155729076764,7307.400397731737,14398.93136753805,0.035629185025847415,2.8452059617550507,0.6047976759616583,1471.0
1120,2.0,0.9,1.4,0.4,6.0,6.0,14.0,0.40978758567301954,2357.145375578753,7427.98697700989,14223.714589628044,0.03986740696544889,2.8346973974758143,0.6150748031492793,1424.5
1121,2.0,0.9,1.4,0.4,6.0,7.0,14.0,0.41698873429866534,2342.9704310107536,7339.8809980734095,14291.550560124526,0.03449070664008987,2.8436591338345263,0.6032134586180897,1413.5
1122,2.0,0.9,1.4,0.4,6.0,8.0,14.0,0.4167016465083535,2311.700992731644,7323.852803350845,14322.936479132437,0.038352324623184934,2.8373366626446854,0.5978051718434827,1404.5
1123,2.0,0.9,1.4,0.4,7.0,6.0,14.0,0.41966849753176877,2208.08748432225,7464.252078285179,14398.790609333008,0.0394968932673834,2.8265523465501814,0.5810325170320272,1399.5
1124,2.0,0.9,1.4,0.4,7.0,7.0,14.0,0.4206365369642675,2249.5117794975095,7300.104301809282,14225.53184388734,0.03677003904057318,2.8447596611739083,0.5990023596680958,1380.0
1125,2.0,0.9,1.4,0.4,7.0,8.0,14.0,0.42191992073903856,2204.8294837623043,7293.463141070482,14156.52494005135,0.04098353262276781,2.8436976364997406,0.5900928624751658,1373.5
1126,2.0,0.9,1.8,0.4,3.0,6.0,14.0,0.3717190473742671,3733.0243499461876,7412.398563889883,14634.765927335746,0.03244317420622516,2.886782577675116,0.5884827909558609,1894.0
1127,2.0,0.9,1.8,0.4,3.0,7.0,14.0,0.3775302158321286,3733.4041218710263,7420.1784467117595,14350.80410867725,0.027804480231119956,2.8803237168936624,0.5889697373853051,1873.5
1128,2.0,0.9,1.8,0.4,3.0,8.0,14.0,0.3749841336768424,3746.2035163509763,7314.230219749674,14532.729626466122,0.025658134384883582,2.9009703117835786,0.6040341601477717,1861.5
1129,2.0,0.9,1.8,0.4,4.0,6.0,14.0,0.400207354703577,3044.3666902990417,7424.166329125623,14072.402293235966,0.029321624721309975,2.8996016741901576,0.5892630480491778,1646.5
1130,2.0,0.9,1.8,0.4,4.0,7.0,14.0,0.4018212986118224,3031.5028099919873,7370.107817679855,14262.645999949933,0.02833887392408433,2.8325493781682614,0.5920340930501861,1627.5
1131,2.0,0.9,1.8,0.4,4.0,8.0,14.0,0.4005761510342493,3020.4193256934495,7240.656191449329,14484.801282255892,0.02625989441405263,2.8658270452636563,0.6026350071688111,1624.5
1132,2.0,0.9,1.8,0.4,5.0,6.0,14.0,0.41015348390667244,2527.4774442075122,7479.892756595836,14749.167577952623,0.027880180335239955,2.8471958597827483,0.5948405747791672,1500.0
1133,2.0,0.9,1.8,0.4,5.0,7.0,14.0,0.415489566383984,2556.114570513781,7309.302969998447,14500.665543631056,0.029605053685559345,2.8291276505971377,0.5888241217712911,1478.0
1134,2.0,0.9,1.8,0.4,5.0,8.0,14.0,0.4133540732596104,2530.890428106421,7283.788140866418,14530.847955483678,0.02916332211764016,2.8632453358657837,0.6002691284877849,1478.5
1135,2.0,0.9,1.8,0.4,6.0,6.0,14.0,0.4233628752893665,2329.8118585572493,7439.53022083428,14333.642896997662,0.029629700727544967,2.835674540838517,0.5804611319980697,1426.0
1136,2.0,0.9,1.8,0.4,6.0,7.0,14.0,0.42679950940543554,2342.575239167287,7352.949057774324,14163.620702638345,0.028696463951375574,2.8918035775731905,0.5727038119123776,1414.0
1137,2.0,0.9,1.8,0.4,6.0,8.0,14.0,0.41697679717936564,2335.635109879257,7311.670425089838,14605.76761510576,0.03193408744311155,2.840928078648422,0.6006702287930656,1414.5
1138,2.0,0.9,1.8,0.4,7.0,6.0,14.0,0.42771298294388327,2212.0393637535244,7490.530107069799,14262.614456329557,0.028059120307830858,2.849844079181918,0.579168424817898,1398.5
1139,2.0,0.9,1.8,0.4,7.0,7.0,14.0,0.42220126317833095,2232.345162895931,7367.207345427087,14578.267972464851,0.027826242631962383,2.8613005696005285,0.5977759606261902,1391.0
1140,2.0,0.9,1.8,0.4,7.0,8.0,14.0,0.4266139407097587,2239.0077630618794,7265.237150639285,14375.04741633351,0.03269757261653783,2.8558678121770162,0.5794046228343119,1383.5
1141,2.0,0.9,2.2,0.4,3.0,6.0,14.0,0.37822326801114575,3731.693551441394,7559.284904284261,14422.334375373095,0.019507036712569772,2.8852601079134916,0.5960167581300573,1898.0
1142,2.0,0.9,2.2,0.4,3.0,7.0,14.0,0.3878501511079621,3739.388119248115,7360.383083294548,13996.996390582035,0.020956622571954377,2.891463191019482,0.5808175126210303,1863.5
1143,2.0,0.9,2.2,0.4,3.0,8.0,14.0,0.38296712021281154,3736.8652291774897,7372.100416715678,14190.681834287849,0.02040982957438974,2.91148470797555,0.5933702455334036,1861.5
1144,2.0,0.9,2.2,0.4,4.0,6.0,14.0,0.40201333641498344,3038.439630317468,7480.39326731816,14297.426150376261,0.021229388442800166,2.88571392572245,0.5937807985110986,1649.0
1145,2.0,0.9,2.2,0.4,4.0,7.0,14.0,0.40233032764251436,3027.044135108154,7408.374079059241,14391.277475952353,0.01987941920501942,2.909212471627839,0.5969274544538111,1629.0
1146,2.0,0.9,2.2,0.4,4.0,8.0,14.0,0.40672293384520314,3027.2882484696242,7361.3738997414575,14149.756996418906,0.01986713526782485,2.9050926578461223,0.5919774141482825,1618.0
1147,2.0,0.9,2.2,0.4,5.0,6.0,14.0,0.4181463828653224,2547.846031094651,7437.203729935409,14363.036960761954,0.022722784447910496,2.834962018345637,0.5936169472911691,1495.0
1148,2.0,0.9,2.2,0.4,5.0,7.0,14.0,0.41879958152014934,2550.6027902948454,7384.755106498812,14232.426865382515,0.02622109419833773,2.8594068596290954,0.5861872250576772,1483.0
1149,2.0,0.9,2.2,0.4,5.0,8.0,14.0,0.4226100680856955,2538.938944228933,7288.393902885579,14271.345251162198,0.02273446017360331,2.885950233850641,0.5837567752300992,1471.5
1150,2.0,0.9,2.2,0.4,6.0,6.0,14.0,0.4256601905577881,2319.9188207348707,7522.916345181196,14208.187665041762,0.02202339093079881,2.8557081080949,0.5908972362871627,1429.5
1151,2.0,0.9,2.2,0.4,6.0,7.0,14.0,0.41966600891886313,2319.7800095923494,7500.817786160467,14405.31710310209,0.02433198038220869,2.896733302356033,0.5991296694167376,1418.5
1152,2.0,0.9,2.2,0.4,6.0,8.0,14.0,0.415506743817871,2377.5031483576804,7342.230193134961,14496.706078624771,0.022510425438068887,2.896064331963619,0.6261017755795211,1413.5
1153,2.0,0.9,2.2,0.4,7.0,6.0,14.0,0.4262534883030557,2216.118654646304,7504.371391628398,14384.374076417778,0.02526737502890126,2.8730985588123312,0.5842095725663146,1398.5
1154,2.0,0.9,2.2,0.4,7.0,7.0,14.0,0.4317085251772928,2217.9453086246317,7407.976334675096,14343.500303919916,0.021442011032161555,2.8740954229814335,0.580340350991228,1372.5
1155,2.0,0.9,2.2,0.4,7.0,8.0,14.0,0.4325320953967957,2215.6689078904456,7330.382156625432,14288.1599132473,0.02289500346611209,2.867055847697803,0.5825884133687027,1370.0
1156,2.0,0.9,2.6,0.4,3.0,6.0,14.0,0.3785615642710192,3736.333577351944,7534.947195564,14634.634662921322,0.016155040727952645,2.914685859783745,0.5923880132445849,1896.5
1157,2.0,0.9,2.6,0.4,3.0,7.0,14.0,0.38528862801093383,3746.943771281096,7337.302531373123,14271.544500769176,0.014030986352892462,2.9090128597760154,0.6007589816201611,1866.5
1158,2.0,0.9,2.6,0.4,3.0,8.0,14.0,0.3856421546494011,3749.7403268629623,7361.366062749583,14284.198456254451,0.014323000354497187,2.9190144055865286,0.5935422342695482,1873.0
1159,2.0,0.9,2.6,0.4,4.0,6.0,14.0,0.4073763212258423,3012.2093206067,7436.473798751154,14381.762912395581,0.01250054254203017,2.8887667721164325,0.5994291133804308,1635.5
1160,2.0,0.9,2.6,0.4,4.0,7.0,14.0,0.4125134956244117,3024.411915686866,7409.294043503649,13839.967801233604,0.014154119875265443,2.9263425695960015,0.590181575357751,1617.5
1161,2.0,0.9,2.6,0.4,4.0,8.0,14.0,0.40743667353898716,3054.949243158258,7345.562761087529,14572.97474615831,0.012936492028651745,2.927172986977487,0.5848892499166326,1623.0
1162,2.0,0.9,2.6,0.4,5.0,6.0,14.0,0.419890638305129,2553.6070170712696,7525.588827020574,14665.019067913498,0.012610205058869922,2.9202858291911937,0.5824787008373027,1508.0
1163,2.0,0.9,2.6,0.4,5.0,7.0,14.0,0.42634327604418937,2535.071223798496,7405.201747617353,14117.454714648698,0.015464494922599482,2.9188752600302297,0.5818404855903752,1477.0
1164,2.0,0.9,2.6,0.4,5.0,8.0,14.0,0.42700178010459533,2556.0009076819224,7239.332404257874,14290.314651749288,0.013646582608808466,2.897454491559995,0.5910072540753418,1470.0
1165,2.0,0.9,2.6,0.4,6.0,6.0,14.0,0.43145521058353403,2333.6912796986126,7491.062732076698,14437.845213849763,0.012503674402216128,2.8872552311210216,0.5789826576781986,1434.0
1166,2.0,0.9,2.6,0.4,6.0,7.0,14.0,0.4307360821500132,2307.3786639080026,7383.578006138232,14332.142614085991,0.013970367832826618,2.9210908215673577,0.5914075528442131,1401.5
1167,2.0,0.9,2.6,0.4,6.0,8.0,14.0,0.4332320562674945,2333.1771566882803,7375.047700150795,14259.62622826311,0.014240835318341475,2.9048117136064953,0.5811636410849642,1408.5
1168,2.0,0.9,2.6,0.4,7.0,6.0,14.0,0.4322810388699166,2224.48582513426,7422.706786893723,14830.96825939212,0.01319551651549503,2.8760262460554307,0.5784689460538601,1397.0
1169,2.0,0.9,2.6,0.4,7.0,7.0,14.0,0.435444936871981,2205.7172876367276,7387.222388257584,14040.025707007182,0.014358088214826377,2.8899252617649553,0.6007844140876242,1367.5
1170,2.0,0.9,2.6,0.4,7.0,8.0,14.0,0.4350910567011095,2225.7600300157756,7301.793525874576,14660.243548891158,0.01138184731934732,2.917130378409241,0.5835021996193146,1367.0
1171,2.0,1.1,0.6,0.4,3.0,6.0,14.0,0.3461909533180965,3798.7583114514264,7478.770231926294,14094.390545953163,0.07649889727091805,2.7813681204512317,0.5947061552829487,1904.5
1172,2.0,1.1,0.6,0.4,3.0,7.0,14.0,0.34659939824049807,3793.6621266020275,7331.147092132747,14214.979785360796,0.075628304034543,2.7545178260123393,0.6075837789429079,1881.5
1173,2.0,1.1,0.6,0.4,3.0,8.0,14.0,0.3498702975281458,3738.3796883369705,7300.241354733174,14466.452089465321,0.07777012821862314,2.7554622178506323,0.584152416713142,1876.5
1174,2.0,1.1,0.6,0.4,4.0,6.0,14.0,0.37400423090352114,3013.4540583003036,7450.0790369727,14008.183153085622,0.0784533082733708,2.75672986836161,0.5836116959334618,1646.0
1175,2.0,1.1,0.6,0.4,4.0,7.0,14.0,0.36995908106755326,3035.6321114971734,7306.170862612877,14185.038380070004,0.07707352176298334,2.789765566182968,0.6038459547090319,1634.0
1176,2.0,1.1,0.6,0.4,4.0,8.0,14.0,0.38111275999436806,3028.6329242686597,7259.866368706285,13575.021523073701,0.07332564438017856,2.7883647975029144,0.5963807250251031,1618.5
1177,2.0,1.1,0.6,0.4,5.0,6.0,14.0,0.38896149318598255,2545.200584838267,7471.886098024875,14024.71214716093,0.07522473959171413,2.7825667021106355,0.5864208096460943,1496.5
1178,2.0,1.1,0.6,0.4,5.0,7.0,14.0,0.3918994225320942,2543.621612379553,7263.748076762955,14072.408510815985,0.0749744484549372,2.7598826842737707,0.5928552125498721,1474.5
1179,2.0,1.1,0.6,0.4,5.0,8.0,14.0,0.3904585794901128,2550.6197090353826,7242.695669909931,14169.521637347014,0.07616206723901807,2.7389733064299495,0.5952029121134498,1475.0
1180,2.0,1.1,0.6,0.4,6.0,6.0,14.0,0.397772515220203,2315.075390641123,7327.599831928181,13754.173886781278,0.07980015267832716,2.7393910888256894,0.5959470632574685,1422.0
1181,2.0,1.1,0.6,0.4,6.0,7.0,14.0,0.40197727746359174,2323.2119496873206,7309.36134810164,13875.988296890846,0.07003205047698946,2.7685179012209353,0.5975217542118063,1411.5
1182,2.0,1.1,0.6,0.4,6.0,8.0,14.0,0.39921471855472906,2324.6599118724234,7284.787356439597,13886.442488974904,0.0732642724113744,2.789069165616289,0.5989768643748441,1409.5
1183,2.0,1.1,0.6,0.4,7.0,6.0,14.0,0.40201774537216384,2207.8180672417298,7366.49680671593,14146.035707119801,0.07498131477716449,2.7195275447596905,0.5881196085068752,1390.5
1184,2.0,1.1,0.6,0.4,7.0,7.0,14.0,0.4091635759577607,2222.4423838189987,7305.424214740584,13803.242563419957,0.0677555608868545,2.767097728570807,0.5894989664876102,1373.5
1185,2.0,1.1,0.6,0.4,7.0,8.0,14.0,0.40435760208765464,2232.362339105378,7245.23318492728,13825.236977056076,0.070433898067277,2.748219056505196,0.6095118460289046,1372.5
1186,2.0,1.1,1.0,0.4,3.0,6.0,14.0,0.3618189089512294,3749.1381921000334,7460.806766990902,14051.865993181229,0.05665983032422195,2.8020078226534713,0.5913161907866262,1890.5
1187,2.0,1.1,1.0,0.4,3.0,7.0,14.0,0.3659393556141233,3758.54893030021,7340.424546861116,14093.29575908424,0.053269314288471745,2.7996397009752645,0.5900565181779105,1878.5
1188,2.0,1.1,1.0,0.4,3.0,8.0,14.0,0.3662504666269994,3730.471689362026,7332.7775539938675,14135.896652369162,0.05410118912311952,2.784931285302497,0.5909154469680968,1869.0
1189,2.0,1.1,1.0,0.4,4.0,6.0,14.0,0.39210454827237995,3027.8918824298853,7393.460505719088,13905.562827771564,0.052566525641826664,2.799281015655072,0.581171797561144,1640.5
1190,2.0,1.1,1.0,0.4,4.0,7.0,14.0,0.3843065352564963,3046.0788881698363,7351.402014062943,14082.208714257293,0.056927728206130214,2.8320201109961953,0.5926499747902053,1635.5
1191,2.0,1.1,1.0,0.4,4.0,8.0,14.0,0.3873948630488438,3024.524559160115,7212.6846391847375,14212.914896994182,0.05648189607413085,2.7999298557355585,0.5932700241484234,1624.5
1192,2.0,1.1,1.0,0.4,5.0,6.0,14.0,0.39512650256090537,2546.9239984015203,7492.626246703612,14133.858101170845,0.05457729009766017,2.792834937681235,0.6141937253751524,1496.5
1193,2.0,1.1,1.0,0.4,5.0,7.0,14.0,0.3989276181959158,2547.556190320757,7260.840279265907,14406.478914977884,0.05709343196658627,2.7789359224903736,0.59756084708806,1476.0
1194,2.0,1.1,1.0,0.4,5.0,8.0,14.0,0.4053304338818851,2546.7523197591954,7213.251712515514,14211.30994137756,0.05542300269347415,2.8050233110132106,0.5819817917424095,1473.5
1195,2.0,1.1,1.0,0.4,6.0,6.0,14.0,0.40223317865269154,2372.652214736522,7385.985659849877,13900.371417770453,0.0551101218025007,2.78376818364074,0.6264438160556266,1429.5
1196,2.0,1.1,1.0,0.4,6.0,7.0,14.0,0.40917470935309863,2336.407562221118,7347.29898875895,14056.764848050501,0.05471562653744836,2.7743826731669605,0.5972776560694755,1413.5
1197,2.0,1.1,1.0,0.4,6.0,8.0,14.0,0.4117618994645526,2328.198623661885,7380.019335816631,14338.203576392007,0.052031610010500176,2.7758266684740422,0.578328145697026,1418.5
1198,2.0,1.1,1.0,0.4,7.0,6.0,14.0,0.41493885405021363,2216.7879024380163,7378.527305845687,13900.18926525029,0.057503608911084234,2.756854349655308,0.5858404741590488,1396.5
1199,2.0,1.1,1.0,0.4,7.0,7.0,14.0,0.4175878777623192,2191.4243697326265,7410.520079047958,14141.231294961011,0.05038526626390186,2.774944535412871,0.5829610459259441,1378.5
1200,2.0,1.1,1.0,0.4,7.0,8.0,14.0,0.41446362029453154,2215.080190446948,7289.717864290187,14128.775784110268,0.05147980938048658,2.7473646452480818,0.6061483545205957,1375.5
1201,2.0,1.1,1.4,0.4,3.0,6.0,14.0,0.36981209454614666,3739.184071246368,7485.836231352916,14232.48978673412,0.0368058277033628,2.836855603571227,0.6022811782064095,1894.0
1202,2.0,1.1,1.4,0.4,3.0,7.0,14.0,0.37121005862829337,3735.409968255037,7321.442247982237,14636.140157955948,0.03335844745909627,2.843419087499994,0.6018520896906538,1868.0
1203,2.0,1.1,1.4,0.4,3.0,8.0,14.0,0.37443301645782645,3739.1723528402536,7267.852045244717,14405.156923163588,0.03615586189078965,2.8366847032198796,0.5934576865784478,1864.0
1204,2.0,1.1,1.4,0.4,4.0,6.0,14.0,0.39185619053468174,3040.55581953853,7426.0680833537135,14440.48332268133,0.036351056655338346,2.8394221933664285,0.5985362433057918,1648.5
1205,2.0,1.1,1.4,0.4,4.0,7.0,14.0,0.3996526627767278,3032.250176155926,7367.875800572341,14088.999857043087,0.035971417105897664,2.8349108330698214,0.5859392309058897,1635.0
1206,2.0,1.1,1.4,0.4,4.0,8.0,14.0,0.3946506100036263,3049.3308770894664,7316.866630375466,14357.676289849558,0.03855285954092945,2.8382620565574657,0.5905220548273107,1636.5
1207,2.0,1.1,1.4,0.4,5.0,6.0,14.0,0.40808372376253876,2541.3539946485744,7438.139470109207,14128.795234859546,0.0390625,2.8554556039332226,0.5986228593016285,1488.0
1208,2.0,1.1,1.4,0.4,5.0,7.0,14.0,0.40880271542919977,2559.903896456267,7334.799680898731,14258.03715950438,0.04057586386853815,2.805268115521086,0.5978023770620162,1484.0
1209,2.0,1.1,1.4,0.4,5.0,8.0,14.0,0.4141978178986401,2536.6882584270697,7317.068356759883,14138.03264445845,0.0386612373064987,2.829276356258341,0.5853305777776783,1477.0
1210,2.0,1.1,1.4,0.4,6.0,6.0,14.0,0.4149766645844252,2322.7528353724824,7405.431860205968,14160.361061030839,0.038840204669764164,2.8097979207694164,0.6071889084389059,1429.0
1211,2.0,1.1,1.4,0.4,6.0,7.0,14.0,0.42129804870272625,2313.7803478045635,7326.030977147765,14171.478859465748,0.037295503279355637,2.8074248727482214,0.5900173194838962,1404.5
1212,2.0,1.1,1.4,0.4,6.0,8.0,14.0,0.41803293287933463,2296.6816509025466,7307.739464517052,14283.185175226548,0.034544434295191856,2.829419997882365,0.6103012152668208,1405.5
1213,2.0,1.1,1.4,0.4,7.0,6.0,14.0,0.4213372418441595,2213.9085489157314,7508.9016321467025,14228.258468584769,0.04013619967818441,2.827605887652031,0.5740037993723315,1403.0
1214,2.0,1.1,1.4,0.4,7.0,7.0,14.0,0.42219416618673594,2203.2316975398085,7342.438362946364,14323.936671516552,0.038660889989208407,2.7874289083916435,0.5922569535787956,1375.5
1215,2.0,1.1,1.4,0.4,7.0,8.0,14.0,0.4255001993900323,2223.023094537568,7275.542484790503,14032.685561574832,0.03984587510337937,2.845750145119201,0.5809292907779385,1373.0
1216,2.0,1.1,1.8,0.4,3.0,6.0,14.0,0.3765276631997559,3749.216016473809,7505.75292751245,14063.598671321291,0.02589660329217345,2.8667822806225134,0.6053439155266875,1889.0
1217,2.0,1.1,1.8,0.4,3.0,7.0,14.0,0.37661866068126826,3732.6305614845396,7385.153599391131,14409.190778286444,0.0251880725901268,2.8881068433235377,0.6010883069684915,1866.5
1218,2.0,1.1,1.8,0.4,3.0,8.0,14.0,0.3795444054401122,3733.5140253544596,7321.657560564019,14430.757905031085,0.028103642224469927,2.8817408515028964,0.5831201523907978,1870.0
1219,2.0,1.1,1.8,0.4,4.0,6.0,14.0,0.3971249187127602,3033.7695082031905,7483.9002333102235,14277.685359695959,0.02881857970202921,2.8711898442101282,0.5963568324069827,1648.5
1220,2.0,1.1,1.8,0.4,4.0,7.0,14.0,0.4003178907291994,3043.420297262073,7297.988146334635,14343.376921200435,0.025692421496015576,2.900603540158863,0.598809744788465,1619.0
1221,2.0,1.1,1.8,0.4,4.0,8.0,14.0,0.4008471951420299,3040.8786377392435,7299.108247065819,14487.426449581457,0.02771568965090341,2.8895821082489883,0.5848743966594875,1633.5
1222,2.0,1.1,1.8,0.4,5.0,6.0,14.0,0.4081719285678196,2550.2787414710674,7494.079813528802,14338.031029100508,0.030580611937994044,2.8788302252460483,0.6058362895348811,1497.5
1223,2.0,1.1,1.8,0.4,5.0,7.0,14.0,0.4177097924021506,2534.689786293574,7337.550938748944,14172.97861834065,0.03156400174748798,2.8397547019624114,0.586523813219034,1477.0
1224,2.0,1.1,1.8,0.4,5.0,8.0,14.0,0.42202439839922473,2543.341562761921,7311.775094278818,14194.645573077038,0.02528613495569075,2.863120298867706,0.5825305720040259,1470.5
1225,2.0,1.1,1.8,0.4,6.0,6.0,14.0,0.4202935761919288,2336.0822253788715,7382.664446087687,14384.62238434704,0.030486505228376835,2.8657124344623695,0.5898700959731535,1427.5
1226,2.0,1.1,1.8,0.4,6.0,7.0,14.0,0.41986961224527675,2326.3009074182455,7392.227130843803,14372.307559813627,0.03128198967320163,2.8276869758935677,0.5959977111449106,1414.0
1227,2.0,1.1,1.8,0.4,6.0,8.0,14.0,0.4261116502758296,2335.3506786881962,7363.56084743688,14077.36043103159,0.02528483236297932,2.8383167166333862,0.5987702733534829,1412.5
1228,2.0,1.1,1.8,0.4,7.0,6.0,14.0,0.42330699555858525,2189.143638835374,7436.711006771089,14377.674391164812,0.030707255037789885,2.8464662696590795,0.5951509706850536,1391.5
1229,2.0,1.1,1.8,0.4,7.0,7.0,14.0,0.4284600250293527,2222.75988807099,7343.494910253462,14242.813301929613,0.02735499653897098,2.89085924891629,0.5843599308592857,1380.5
1230,2.0,1.1,1.8,0.4,7.0,8.0,14.0,0.4236129280416822,2230.3866896074414,7318.515640278003,14154.446593413846,0.029540813655165192,2.8480435439530245,0.6119755084777851,1382.5
1231,2.0,1.1,2.2,0.4,3.0,6.0,14.0,0.37702479894009766,3729.3721664260506,7522.706977594284,14417.804108441438,0.022066356024244123,2.8872159552879837,0.5971151391375198,1890.0
1232,2.0,1.1,2.2,0.4,3.0,7.0,14.0,0.3816269251912949,3758.7828171844994,7421.846421893322,14492.38721382394,0.018892052309028615,2.87802398527812,0.5875120896170951,1878.5
1233,2.0,1.1,2.2,0.4,3.0,8.0,14.0,0.3769858174176328,3733.8183109228885,7417.988098399528,14375.29826711517,0.02191351644641721,2.8795792267906135,0.6095198018610952,1864.0
1234,2.0,1.1,2.2,0.4,4.0,6.0,14.0,0.3984197270806844,3027.120052618091,7512.948901422818,14235.16766251757,0.023006946099817616,2.919724128450416,0.6022279309760755,1646.0
1235,2.0,1.1,2.2,0.4,4.0,7.0,14.0,0.40488023138303003,3031.466559728658,7438.730311516114,14291.762081538913,0.01922146657940415,2.8678026291309564,0.5940262665050173,1625.0
1236,2.0,1.1,2.2,0.4,4.0,8.0,14.0,0.39992665633861596,3027.620615152164,7379.196684487062,14405.55595320321,0.021503279378406397,2.925644200145296,0.6027559363567543,1623.0
1237,2.0,1.1,2.2,0.4,5.0,6.0,14.0,0.41604323111545655,2566.616424312991,7485.887146528679,14300.825430107503,0.023645595631645817,2.8640890095428393,0.5923650008935051,1499.5
1238,2.0,1.1,2.2,0.4,5.0,7.0,14.0,0.4189457126975112,2557.492355629779,7381.389421183372,14351.184728059256,0.020520475228895916,2.843884427502971,0.5996158987477118,1476.5
1239,2.0,1.1,2.2,0.4,5.0,8.0,14.0,0.42052117079896606,2564.718829239074,7287.330750056022,14445.08566456973,0.019636360233130014,2.887290234967435,0.5915331529064539,1463.0
1240,2.0,1.1,2.2,0.4,6.0,6.0,14.0,0.4223427293667168,2339.8098999519825,7444.882042274406,14422.120750982194,0.020244828048112645,2.869245165027743,0.6044451020433712,1425.5
1241,2.0,1.1,2.2,0.4,6.0,7.0,14.0,0.427879035417914,2327.0482023972327,7464.6496996772075,13951.440771579622,0.02193186839673804,2.8961772325642965,0.5909436806201055,1412.0
1242,2.0,1.1,2.2,0.4,6.0,8.0,14.0,0.4281354822501399,2318.7816799842044,7289.099969667103,14428.323014073652,0.017887432100694517,2.899655214720556,0.5965687574985195,1395.5
1243,2.0,1.1,2.2,0.4,7.0,6.0,14.0,0.4270191881710505,2189.3075681543974,7536.644867636462,14352.266409618174,0.024557603408380334,2.882483799622009,0.5841538857530426,1398.5
1244,2.0,1.1,2.2,0.4,7.0,7.0,14.0,0.42552317553079644,2230.7237623424267,7418.880718868848,14477.139566768463,0.02379343054261218,2.8755969882258388,0.5931039692556624,1387.0
1245,2.0,1.1,2.2,0.4,7.0,8.0,14.0,0.42787033985485534,2232.0968281265577,7357.096743934254,14484.222033941536,0.023336154075188444,2.8972667415142905,0.5851565472522539,1384.5
1246,2.0,1.1,2.6,0.4,3.0,6.0,14.0,0.38219510508801674,3738.4790112592873,7506.815893248662,14430.61236671898,0.01286177380903235,2.8986574037008306,0.5995530212624633,1888.0
1247,2.0,1.1,2.6,0.4,3.0,7.0,14.0,0.38637573808491,3742.6663622521505,7324.996249495841,14370.404069084881,0.015882750161928257,2.9071180689651177,0.5869732168664586,1868.0
1248,2.0,1.1,2.6,0.4,3.0,8.0,14.0,0.3831413233109758,3747.4398936518464,7371.940054726614,14645.902594850746,0.01556924409547027,2.9002054584585175,0.5866311907453934,1871.5
1249,2.0,1.1,2.6,0.4,4.0,6.0,14.0,0.40703230947364505,3027.509277151118,7518.536831097436,14026.934946404566,0.01393563792237337,2.924307036643215,0.5985047513950221,1647.5
1250,2.0,1.1,2.6,0.4,4.0,7.0,14.0,0.4084281613923939,3045.4458911239017,7378.540503909984,14372.296426356821,0.014060805504655773,2.9013580200925917,0.5881669564609618,1628.0
1251,2.0,1.1,2.6,0.4,4.0,8.0,14.0,0.4051348585773551,3039.154799801847,7283.488771856484,14577.018345827953,0.014448040617024312,2.9200135785751984,0.5998352466886658,1625.0
1252,2.0,1.1,2.6,0.4,5.0,6.0,14.0,0.42574833303050097,2552.959055640321,7471.611434156581,14358.007553154654,0.01226177036097472,2.892986916932762,0.5787199984674739,1496.5
1253,2.0,1.1,2.6,0.4,5.0,7.0,14.0,0.42526379565719696,2537.6847627315,7351.057852148495,14253.894615200723,0.01398407782443311,2.924929162467806,0.5888920760198798,1469.5
1254,2.0,1.1,2.6,0.4,5.0,8.0,14.0,0.42559072995663344,2533.774159223706,7273.089123223889,14353.274265851767,0.012928012106150591,2.8943463454944234,0.5979153195489759,1466.0
1255,2.0,1.1,2.6,0.4,6.0,6.0,14.0,0.43258658100503616,2323.208811569732,7481.419463656554,14089.182811468472,0.013298642711055006,2.918468999683557,0.5853961524923905,1430.5
1256,2.0,1.1,2.6,0.4,6.0,7.0,14.0,0.4274556605342734,2348.7329625015677,7420.2969102396655,14499.085210123276,0.012666396619646716,2.917315162054014,0.5945034813808889,1420.0
1257,2.0,1.1,2.6,0.4,6.0,8.0,14.0,0.42677878225833554,2323.374065590474,7387.364051180677,14529.332570149094,0.012796216316314522,2.9312326674256237,0.6006805771192848,1418.5
1258,2.0,1.1,2.6,0.4,7.0,6.0,14.0,0.42328671564975484,2225.315464233278,7513.943079418814,14639.8555166591,0.01210789413950603,2.909719463136287,0.621067192010315,1396.5
1259,2.0,1.1,2.6,0.4,7.0,7.0,14.0,0.43485823931270434,2225.625281830904,7434.641365098807,14285.087679087821,0.010497857407969768,2.918339343268728,0.5931418179362528,1378.0
1260,2.0,1.1,2.6,0.4,7.0,8.0,14.0,0.4342740028926957,2204.257182365464,7321.363901962202,14361.82324325107,0.01417129656146782,2.917690148225984,0.5939672855762581,1374.0
1261,2.0,1.3,0.6,0.4,3.0,6.0,14.0,0.3483253443006789,3755.8272183492663,7422.696662099166,14317.233209148166,0.07656635740714518,2.7687814174879524,0.5870210753063535,1891.5
1262,2.0,1.3,0.6,0.4,3.0,7.0,14.0,0.35346277106481394,3790.613664858258,7255.827501186798,14039.781113942878,0.07222561617500371,2.7785978379232583,0.5974880521156228,1866.0
1263,2.0,1.3,0.6,0.4,3.0,8.0,14.0,0.3522863287158753,3737.18571355481,7288.228770809341,14203.495912306418,0.0730930907586024,2.8059810602731527,0.5939274255783666,1872.0
1264,2.0,1.3,0.6,0.4,4.0,6.0,14.0,0.37358411610083214,3031.031957692796,7335.061252939417,14271.26049152148,0.07136275096278041,2.741308386269881,0.6057115243988165,1640.5
1265,2.0,1.3,0.6,0.4,4.0,7.0,14.0,0.37182994958254517,3040.927343037614,7305.480821533771,14187.277306825454,0.07382559418083397,2.772436082144262,0.6068914901701168,1632.0
1266,2.0,1.3,0.6,0.4,4.0,8.0,14.0,0.3778760173862487,3022.4962102196887,7249.390325935356,14109.400556757271,0.06914739155552974,2.7823420298371384,0.6028581455819272,1619.0
1267,2.0,1.3,0.6,0.4,5.0,6.0,14.0,0.390314876080429,2534.602583807747,7373.896242982618,14148.06298252615,0.07545559160034684,2.7354706094599264,0.5904190209731321,1493.5
1268,2.0,1.3,0.6,0.4,5.0,7.0,14.0,0.38957478889127906,2561.4079219155237,7308.081833471686,14088.777397049067,0.07112679625338057,2.8008533778582274,0.6030771799739958,1474.5
1269,2.0,1.3,0.6,0.4,5.0,8.0,14.0,0.3973689067722344,2558.598654960489,7126.5093977935485,14197.624340177932,0.06837991589034197,2.746663906812355,0.5936383875806481,1473.5
1270,2.0,1.3,0.6,0.4,6.0,6.0,14.0,0.39776504419345726,2328.0368568169447,7366.830136736924,13760.364078410134,0.07793528505392913,2.739765352317679,0.5961621453054311,1425.0
1271,2.0,1.3,0.6,0.4,6.0,7.0,14.0,0.4010732948107641,2340.5784836823645,7267.671100032772,13870.895841789928,0.07238960187052039,2.742670707341656,0.5993332439069244,1411.0
1272,2.0,1.3,0.6,0.4,6.0,8.0,14.0,0.4048489567265195,2327.042188063859,7212.636944339247,13920.059254135445,0.06899953895804518,2.772483318796449,0.5924208905755235,1398.0
1273,2.0,1.3,0.6,0.4,7.0,6.0,14.0,0.40056093442992374,2222.336587807202,7345.337586922445,13732.347386896203,0.0762099994536955,2.7969925484407616,0.5992711113598769,1387.0
1274,2.0,1.3,0.6,0.4,7.0,7.0,14.0,0.4002725176356381,2215.2441952802865,7321.6165741771765,13773.401540493287,0.07632647868875803,2.763710541532298,0.6062844749480982,1383.0
1275,2.0,1.3,0.6,0.4,7.0,8.0,14.0,0.4041921871918541,2221.2252126000785,7293.736855287174,13881.641917643186,0.07306184420431229,2.7636280634175385,0.5944104113767843,1373.0
1276,2.0,1.3,1.0,0.4,3.0,6.0,14.0,0.3635229575005747,3747.7091127838385,7368.250217066543,14158.976708010745,0.05373506606177816,2.7990664707064115,0.596318651265241,1883.0
1277,2.0,1.3,1.0,0.4,3.0,7.0,14.0,0.36248132826465485,3760.193965931061,7323.279048308419,14088.012196554933,0.05691296187450132,2.793809440181472,0.5973526468666119,1878.5
1278,2.0,1.3,1.0,0.4,3.0,8.0,14.0,0.3688008930147719,3747.7651735731697,7231.433803383982,13846.69914297936,0.0547790750998549,2.8021685969415415,0.5940489827975906,1861.0
1279,2.0,1.3,1.0,0.4,4.0,6.0,14.0,0.382455155492742,3033.822815084489,7414.813385094136,14400.422249419436,0.048465062788670216,2.8390353955924152,0.6088535958645038,1642.5
1280,2.0,1.3,1.0,0.4,4.0,7.0,14.0,0.3896644293403195,3023.6790633913643,7301.68793171751,14250.33959670485,0.049845816196536795,2.8294302274028333,0.5898522786308448,1625.5
1281,2.0,1.3,1.0,0.4,4.0,8.0,14.0,0.39344163229980494,3031.9804224652603,7242.2810996433545,14172.213792120012,0.0495615651217311,2.8159260758957894,0.5822645527803213,1620.5
1282,2.0,1.3,1.0,0.4,5.0,6.0,14.0,0.39668692390975807,2547.1578459732978,7430.218958360171,14325.244118983046,0.053302245652349034,2.785517444136363,0.6083348172808629,1495.5
1283,2.0,1.3,1.0,0.4,5.0,7.0,14.0,0.4086540117857211,2525.785794661264,7391.542414037499,14102.547127321597,0.04937488766407887,2.777161420129881,0.5817978022453114,1481.5
1284,2.0,1.3,1.0,0.4,5.0,8.0,14.0,0.40587792926031213,2538.515046840427,7308.452534632762,14290.298239232892,0.052227656810000786,2.773639969706088,0.5831262255065492,1475.0
1285,2.0,1.3,1.0,0.4,6.0,6.0,14.0,0.4066947535967082,2356.5143671346013,7442.229436048874,14095.480581911226,0.053870407325375416,2.808102742822651,0.593773824081034,1433.0
1286,2.0,1.3,1.0,0.4,6.0,7.0,14.0,0.41633696769608425,2331.157651760064,7246.395406872016,14170.919114545019,0.04821560164227813,2.7870106460244415,0.5862845806768118,1403.0
1287,2.0,1.3,1.0,0.4,6.0,8.0,14.0,0.4105284389816692,2324.268106424045,7320.10665773298,14206.822671338336,0.053396940171417405,2.786573460490595,0.5904459313296405,1417.0
1288,2.0,1.3,1.0,0.4,7.0,6.0,14.0,0.41068468654813645,2224.618717091027,7433.110440246812,14063.070157610073,0.054739102393480885,2.800161888323081,0.5952212806892905,1398.5
1289,2.0,1.3,1.0,0.4,7.0,7.0,14.0,0.4111806377426861,2234.3512193770175,7313.520499113227,14248.77354383792,0.05465231508813359,2.7734859385729207,0.5973514614563851,1378.0
1290,2.0,1.3,1.0,0.4,7.0,8.0,14.0,0.41841710805089294,2232.934117816371,7303.95896340674,13927.840167761524,0.050939018123447116,2.816517220813739,0.5845181917464466,1374.5
1291,2.0,1.3,1.4,0.4,3.0,6.0,14.0,0.37213134760059935,3749.6835328179336,7458.171796665446,14182.009409042763,0.03712791955450503,2.8282108055196487,0.59460282443003,1897.0
1292,2.0,1.3,1.4,0.4,3.0,7.0,14.0,0.37407464049650274,3736.588021311549,7328.531397194703,14287.987637574719,0.035833159496845374,2.859208952148726,0.5935030053446249,1866.5
1293,2.0,1.3,1.4,0.4,3.0,8.0,14.0,0.37407421863338697,3744.251298708712,7348.167110326196,14510.36435010536,0.0344883565899592,2.849565058001393,0.5858191944421385,1881.0
1294,2.0,1.3,1.4,0.4,4.0,6.0,14.0,0.39179574775812154,3035.7973743598864,7468.6177700908065,14398.560813447682,0.03676194380863012,2.8583773350789112,0.5937125378185774,1655.5
1295,2.0,1.3,1.4,0.4,4.0,7.0,14.0,0.4046615362214107,3020.8898580754494,7348.7637559222,14174.213672681748,0.03071511827689385,2.8443880064499423,0.5767664642069956,1622.0
1296,2.0,1.3,1.4,0.4,4.0,8.0,14.0,0.3988656590049693,3031.6982358790947,7273.055877979741,14293.764621914665,0.034328008592714475,2.847954528457671,0.591988131565662,1621.5
1297,2.0,1.3,1.4,0.4,5.0,6.0,14.0,0.40732851847048007,2536.311603360357,7426.624890792432,14298.081513876032,0.03878488077347457,2.827438748679478,0.600956854819233,1488.5
1298,2.0,1.3,1.4,0.4,5.0,7.0,14.0,0.4128477856017585,2545.8277457223066,7330.6288690766505,14469.794024786737,0.036976794621557146,2.80338883240192,0.5827019427128417,1484.0
1299,2.0,1.3,1.4,0.4,5.0,8.0,14.0,0.415084273305413,2534.225673329145,7326.293725060566,14202.239056476043,0.035778565308429794,2.8254304776273487,0.5873797534597341,1474.0
1300,2.0,1.3,1.4,0.4,6.0,6.0,14.0,0.4162967177440898,2349.527224905433,7479.454837558047,14117.567996623251,0.038157458097143604,2.822012146945485,0.5926851066203513,1436.0
1301,2.0,1.3,1.4,0.4,6.0,7.0,14.0,0.411616936912424,2315.546150365215,7359.709232340915,14719.458986842514,0.03936929769993939,2.8472636700854084,0.5951117981377706,1417.0
1302,2.0,1.3,1.4,0.4,6.0,8.0,14.0,0.42328925797469313,2331.1830115269713,7268.219369361099,13920.976490530295,0.03958692220366454,2.8238759215401705,0.5850771637820693,1395.0
1303,2.0,1.3,1.4,0.4,7.0,6.0,14.0,0.4177113183715459,2229.880590280737,7493.418984779698,14069.796921150304,0.03776364910492451,2.8315540979024174,0.6048587389896636,1401.0
1304,2.0,1.3,1.4,0.4,7.0,7.0,14.0,0.42513305760734627,2221.1880070490015,7332.193021281239,14004.44228009,0.037600470124355474,2.850555856480354,0.5857608237668196,1378.5
1305,2.0,1.3,1.4,0.4,7.0,8.0,14.0,0.41946911693842753,2218.3081864115156,7221.888391258435,14186.912582799217,0.03837690320710645,2.8413926318517087,0.6134248933376532,1371.0
1306,2.0,1.3,1.8,0.4,3.0,6.0,14.0,0.38036841857782894,3739.2885637407626,7494.142192698177,14165.429528613768,0.02282232331919423,2.88409240007321,0.5920116198232803,1889.0
1307,2.0,1.3,1.8,0.4,3.0,7.0,14.0,0.38006276361683056,3729.9979171624254,7377.774329668815,14232.480746664023,0.02266054290139974,2.897968936345814,0.6006049190054259,1864.5
1308,2.0,1.3,1.8,0.4,3.0,8.0,14.0,0.3795559876579366,3747.443963587739,7345.027071643826,14391.13924676422,0.022976817566577296,2.8946415066457236,0.5953119313037439,1866.5
1309,2.0,1.3,1.8,0.4,4.0,6.0,14.0,0.40157784826314025,3036.3876916111103,7507.779831259628,14178.707367994153,0.029402792193854,2.8420803905795715,0.5794117433875328,1650.5
1310,2.0,1.3,1.8,0.4,4.0,7.0,14.0,0.40486223320070974,3044.289234758571,7394.675141549853,14161.828162956044,0.023150513760831784,2.8902538015222428,0.5864274507934397,1630.0
1311,2.0,1.3,1.8,0.4,4.0,8.0,14.0,0.4061163994783136,3039.851033744776,7250.822026526231,14056.532093885766,0.02428968384843712,2.87755420659727,0.5969883060515608,1612.5
1312,2.0,1.3,1.8,0.4,5.0,6.0,14.0,0.41064280225108707,2552.6046313712095,7450.997744000038,14317.860029406582,0.029894968419558583,2.8407765232719733,0.606034061339022,1502.0
1313,2.0,1.3,1.8,0.4,5.0,7.0,14.0,0.41754111116600806,2572.484897460029,7359.827166678475,14243.540998041179,0.02534331760572299,2.862435961535497,0.5929938783034999,1469.0
1314,2.0,1.3,1.8,0.4,5.0,8.0,14.0,0.4200149569615273,2537.8065085039398,7257.776071889982,14200.148407196592,0.023712419336789886,2.872433725004904,0.6012577275267685,1465.5
1315,2.0,1.3,1.8,0.4,6.0,6.0,14.0,0.4185646321189233,2325.1309114528312,7496.449820251204,14274.50184440189,0.025414710022938262,2.8743719529802325,0.6098826141991818,1426.0
1316,2.0,1.3,1.8,0.4,6.0,7.0,14.0,0.4245762109039568,2334.7100502869453,7354.973781430479,14315.329757468298,0.02619608580236428,2.8758328382757075,0.5875263622280682,1411.5
1317,2.0,1.3,1.8,0.4,6.0,8.0,14.0,0.4253848751051848,2323.8314431066565,7361.592942066156,14289.30054833299,0.02904102693178958,2.8498133084906137,0.5805366261706295,1410.0
1318,2.0,1.3,1.8,0.4,7.0,6.0,14.0,0.4245626536763869,2216.886437634721,7382.744303928534,14391.266425835774,0.028376139188069596,2.838085604395226,0.5977504431536321,1390.0
1319,2.0,1.3,1.8,0.4,7.0,7.0,14.0,0.42246829402916103,2218.2418499242913,7389.887429593565,14386.38553991524,0.028171848035678872,2.8600102052143885,0.6047151690280267,1377.5
1320,2.0,1.3,1.8,0.4,7.0,8.0,14.0,0.4322683614488348,2218.378859305436,7338.624713399395,14164.180196369296,0.02538676418846158,2.8685063488905893,0.580366106185644,1370.5
1321,2.0,1.3,2.2,0.4,3.0,6.0,14.0,0.379702036893941,3749.350186131567,7495.4878527689325,14287.92201230396,0.020168794390002697,2.897657866884332,0.5943609187918113,1888.0
1322,2.0,1.3,2.2,0.4,3.0,7.0,14.0,0.3856608525088603,3757.9579742798537,7324.958724190297,14185.012226994759,0.020048247116592442,2.88766151835312,0.5862740743170458,1873.0
1323,2.0,1.3,2.2,0.4,3.0,8.0,14.0,0.3813714571776263,3724.7113590889553,7349.669204919408,14485.507525197883,0.023050002929993832,2.896061558138339,0.5847384622449487,1867.5
1324,2.0,1.3,2.2,0.4,4.0,6.0,14.0,0.4011788681253479,3039.384874562973,7554.998133812243,14296.926722707245,0.021111068317992,2.8855705287850517,0.5914346363910051,1652.0
1325,2.0,1.3,2.2,0.4,4.0,7.0,14.0,0.40326967469794833,3039.7514116661005,7427.036098928627,14404.809713693186,0.021175917145182608,2.8910508286010437,0.586650578732745,1638.0
1326,2.0,1.3,2.2,0.4,4.0,8.0,14.0,0.406227284116272,3021.0805358386724,7267.646729856035,14343.332206393985,0.02213347432652903,2.886367411001367,0.5899381786940777,1615.0
1327,2.0,1.3,2.2,0.4,5.0,6.0,14.0,0.41481883530506075,2552.959333617154,7505.287722614221,14465.335103189078,0.02177153687360191,2.8656600785192112,0.5966099707096758,1492.0
1328,2.0,1.3,2.2,0.4,5.0,7.0,14.0,0.4193846411564916,2544.6028290717622,7337.310136918415,14313.921382543702,0.023318457857931543,2.8651336305196207,0.5931372140172209,1475.0
1329,2.0,1.3,2.2,0.4,5.0,8.0,14.0,0.41215008573650863,2586.947004577826,7369.841884604262,14128.736516497882,0.023272416675421247,2.867610061688797,0.6270879333007278,1480.5
1330,2.0,1.3,2.2,0.4,6.0,6.0,14.0,0.4225937237022331,2336.5308538148056,7493.760105697022,14376.78941867303,0.022281604193355956,2.889337553481267,0.5921357771396095,1430.5
1331,2.0,1.3,2.2,0.4,6.0,7.0,14.0,0.4241610016851786,2331.4207293840213,7393.6825232528045,14457.059839081689,0.022911560059691118,2.87418783890897,0.5906509220823302,1415.5
1332,2.0,1.3,2.2,0.4,6.0,8.0,14.0,0.43005071599066524,2343.624404821817,7359.572972724387,14237.035075049625,0.019438195476640018,2.87655480683708,0.5847009241789438,1412.0
1333,2.0,1.3,2.2,0.4,7.0,6.0,14.0,0.4254710413862422,2230.490405203708,7485.641823637577,14269.839583760451,0.023787010856926034,2.899534463015793,0.5938113135011994,1401.0
1334,2.0,1.3,2.2,0.4,7.0,7.0,14.0,0.4264225641130604,2223.885190066152,7436.706938131664,14314.444302361138,0.02426143184101438,2.889131897756135,0.5924596736397552,1379.0
1335,2.0,1.3,2.2,0.4,7.0,8.0,14.0,0.42967715415745095,2231.211789196702,7314.324546230644,14325.429994045448,0.022288418108349257,2.8944272970379483,0.591650359113292,1383.5
1336,2.0,1.3,2.6,0.4,3.0,6.0,14.0,0.37520704777974206,3796.0551038897693,7457.918894066475,14566.720212432923,0.013835235773484032,2.9315643964248026,0.6145302129671619,1890.0
1337,2.0,1.3,2.6,0.4,3.0,7.0,14.0,0.3828806051594622,3763.6773661926263,7355.897013685391,14441.891001856095,0.013767981813053314,2.898731872632464,0.602432843831062,1874.0
1338,2.0,1.3,2.6,0.4,3.0,8.0,14.0,0.38173988454694735,3749.2813488066454,7351.228705335028,14449.447952182896,0.015384615384615384,2.960999155289694,0.596072072555024,1872.0
1339,2.0,1.3,2.6,0.4,4.0,6.0,14.0,0.4068370101553336,3020.3871884082723,7449.777288067637,14343.884242858101,0.014831925280310292,2.8986595939363644,0.5925097195981316,1641.5
1340,2.0,1.3,2.6,0.4,4.0,7.0,14.0,0.407752709676128,3025.958077855016,7349.750470060739,14689.65657619407,0.012840266202810086,2.924293643364347,0.5826044084079992,1626.5
1341,2.0,1.3,2.6,0.4,4.0,8.0,14.0,0.41415804232957504,3025.1148557151328,7242.947138824184,14199.328571849408,0.012320969659775229,2.90412786670605,0.5890965531308652,1616.0
1342,2.0,1.3,2.6,0.4,5.0,6.0,14.0,0.4173018887305873,2545.970409078598,7486.699798412468,14447.89875328619,0.013303908473716729,2.9309351315138867,0.6059904436240544,1497.5
1343,2.0,1.3,2.6,0.4,5.0,7.0,14.0,0.42304991409978493,2543.38434093683,7416.4254617916795,14178.92585067368,0.016900044740676155,2.928017223530708,0.5866036357612856,1477.0
1344,2.0,1.3,2.6,0.4,5.0,8.0,14.0,0.4221618923147023,2547.458882651553,7336.84620189361,14424.323441296343,0.011547912798886542,2.888574833632822,0.6085381545864766,1471.0
1345,2.0,1.3,2.6,0.4,6.0,6.0,14.0,0.4269200916950622,2323.4520646966407,7470.937877143989,14405.507194525428,0.014641728572335613,2.896391692565518,0.5974604532464793,1431.5
1346,2.0,1.3,2.6,0.4,6.0,7.0,14.0,0.43230974209426226,2328.4439207071864,7449.799745607992,14227.271492443673,0.013124090521350796,2.898881366145967,0.5856039252157433,1412.5
1347,2.0,1.3,2.6,0.4,6.0,8.0,14.0,0.42585939726053756,2341.385932556753,7338.951539498892,14439.11146997242,0.014566281832801287,2.9197983297834806,0.606893153093267,1415.0
1348,2.0,1.3,2.6,0.4,7.0,6.0,14.0,0.4323949963048288,2208.7132863211987,7452.272477118052,14339.3732976131,0.013244623160824278,2.8798605633416683,0.6001036292654981,1398.5
1349,2.0,1.3,2.6,0.4,7.0,7.0,14.0,0.43063280843125035,2198.4527044552315,7345.776549726746,14466.234216513545,0.01385644963472511,2.9328878513452663,0.6040741056203329,1370.5
1350,2.0,1.3,2.6,0.4,7.0,8.0,14.0,0.43590838450321656,2229.401006790509,7298.633877060788,14692.267007306738,0.012590443309949682,2.9184852343243906,0.573742258148248,1381.5
1351,2.5,0.5,0.6,0.4,3.0,6.0,14.0,0.34360973054604566,3740.9572441937626,7395.464768818841,13916.25910720135,0.08995442538925001,2.763632038786859,0.5910843359548248,1895.0
1352,2.5,0.5,0.6,0.4,3.0,7.0,14.0,0.34737639953081767,3752.2747889750526,7263.726526108074,14089.850018555364,0.08430031905598528,2.7436199197986166,0.5957891125443276,1872.0
1353,2.5,0.5,0.6,0.4,3.0,8.0,14.0,0.350272313011144,3742.742718014842,7257.412163976871,13886.19534966317,0.0869881758886711,2.7614444446135122,0.5823250542083532,1869.5
1354,2.5,0.5,0.6,0.4,4.0,6.0,14.0,0.3615345102561513,3040.7368942680732,7377.779986780977,14108.044457022883,0.08864719425805725,2.7558967564454857,0.6085739987180586,1655.5
1355,2.5,0.5,0.6,0.4,4.0,7.0,14.0,0.37279564609320354,3035.385191445766,7325.0591703377795,14087.72561159402,0.07855143168395964,2.761517837900763,0.5924742552567548,1634.5
1356,2.5,0.5,0.6,0.4,4.0,8.0,14.0,0.3718003494869942,3025.736633363247,7213.804784814942,14286.29746217332,0.08254009646776715,2.783332004299864,0.5833727493372739,1629.0
1357,2.5,0.5,0.6,0.4,5.0,6.0,14.0,0.385535272190387,2579.6190027521266,7333.615543251622,14033.479832957099,0.0785249665805953,2.747429823404441,0.6040083842699617,1487.5
1358,2.5,0.5,0.6,0.4,5.0,7.0,14.0,0.39200961375001814,2543.1537755019417,7304.355323064774,14048.817307731391,0.07818945760122231,2.737174773510093,0.5828535108330634,1484.0
1359,2.5,0.5,0.6,0.4,5.0,8.0,14.0,0.3894944245106438,2522.0579136717042,7109.750604823184,14032.910972456204,0.07948098273608424,2.7375879473986284,0.6119655255420067,1463.0
1360,2.5,0.5,0.6,0.4,6.0,6.0,14.0,0.39380609299278496,2328.4109392328082,7430.807675598566,14213.435558829147,0.08164185618935789,2.75033745463306,0.5747294146476938,1439.5
1361,2.5,0.5,0.6,0.4,6.0,7.0,14.0,0.40061750830037496,2309.5791525176214,7257.534738507709,13784.14020885072,0.0794275360108973,2.7430107488539504,0.5886138248094481,1403.5
1362,2.5,0.5,0.6,0.4,6.0,8.0,14.0,0.40051102976014774,2331.155125919965,7224.967599404403,13747.119077062194,0.07819649731434283,2.78338093416444,0.5886773533160807,1402.0
1363,2.5,0.5,0.6,0.4,7.0,6.0,14.0,0.3908249243129272,2215.0454499364896,7379.644974831961,14444.935987638262,0.07989410439736841,2.728778914781913,0.6084770512193267,1401.5
1364,2.5,0.5,0.6,0.4,7.0,7.0,14.0,0.40020311455992746,2211.3265375413384,7314.596108086851,14191.158359954672,0.07812631040440128,2.7318845506289957,0.5869609598998725,1382.0
1365,2.5,0.5,0.6,0.4,7.0,8.0,14.0,0.3956090639688758,2190.8909693454316,7181.409320383251,14166.859843679435,0.08203682573057429,2.7678832402354634,0.607422982979769,1369.0
1366,2.5,0.5,1.0,0.4,3.0,6.0,14.0,0.35249576846011327,3736.00880327698,7386.665401796666,13897.647650318082,0.07711400251067148,2.7645990595020153,0.5917874950629273,1889.0
1367,2.5,0.5,1.0,0.4,3.0,7.0,14.0,0.3518475006086829,3734.3152620497453,7350.066679519509,14248.565165589935,0.07276994633683079,2.764662319744673,0.5957862065264605,1871.0
1368,2.5,0.5,1.0,0.4,3.0,8.0,14.0,0.3509060075536132,3752.9865345541384,7178.316422398586,14240.894390441332,0.0794431640906049,2.773183827230911,0.5905430800586282,1873.0
1369,2.5,0.5,1.0,0.4,4.0,6.0,14.0,0.3768059873300918,3018.1976695707276,7392.223077284809,13942.441093557829,0.07414403277488688,2.774965483412282,0.5888683379711888,1640.5
1370,2.5,0.5,1.0,0.4,4.0,7.0,14.0,0.3757085711271433,3040.0386845900694,7375.8227566799815,13889.831887984146,0.07210941809156095,2.819477064935951,0.5949246819845084,1635.0
1371,2.5,0.5,1.0,0.4,4.0,8.0,14.0,0.3747922455476585,3085.5703961180147,7241.841462576314,14049.631418247296,0.07630717842919435,2.789378797135214,0.5877067235245752,1628.0
1372,2.5,0.5,1.0,0.4,5.0,6.0,14.0,0.3907699841599755,2552.952986442663,7419.743696033498,14049.39991381996,0.07063628884191081,2.7654265510286216,0.5971746174774051,1494.0
1373,2.5,0.5,1.0,0.4,5.0,7.0,14.0,0.39021344449051104,2532.3719258768306,7291.179075385222,14034.251143646095,0.07247449499157547,2.761281358521255,0.6098033433319971,1471.0
1374,2.5,0.5,1.0,0.4,5.0,8.0,14.0,0.39208561414916515,2532.800577539123,7234.226412302581,14208.272813070696,0.0723820117590974,2.7338940369685427,0.6018338515931465,1470.0
1375,2.5,0.5,1.0,0.4,6.0,6.0,14.0,0.3992859772461041,2320.5797286793377,7432.9446027197755,14032.294519769923,0.06951903146787262,2.760690810138443,0.5952563631851178,1428.0
1376,2.5,0.5,1.0,0.4,6.0,7.0,14.0,0.3992307336690531,2316.546422809877,7310.630222851301,13762.788984497816,0.07435157861143596,2.7704660477190073,0.6028247226162187,1408.0
1377,2.5,0.5,1.0,0.4,6.0,8.0,14.0,0.4001741749561826,2325.6126308681414,7135.264085542585,14422.309244696926,0.07282473846608987,2.768907070902008,0.5865881731970786,1406.0
1378,2.5,0.5,1.0,0.4,7.0,6.0,14.0,0.3962412432916245,2226.5468637494414,7439.842042686909,13980.791318581509,0.07729258646063282,2.7570922205579658,0.6015140086860571,1399.5
1379,2.5,0.5,1.0,0.4,7.0,7.0,14.0,0.4034499049316776,2202.7084510054365,7374.342973597497,13918.396306512179,0.07396903861600836,2.763473957760535,0.5889927354903036,1375.5
1380,2.5,0.5,1.0,0.4,7.0,8.0,14.0,0.40457033632212847,2223.636239996644,7168.162680694912,14129.057968184752,0.07078946036245823,2.7605672519573927,0.5994592945536545,1378.0
1381,2.5,0.5,1.4,0.4,3.0,6.0,14.0,0.35720277337257417,3739.8392544063317,7448.554473640896,14332.068049429932,0.05554168307622695,2.7859610229169163,0.6086508395815426,1893.5
1382,2.5,0.5,1.4,0.4,3.0,7.0,14.0,0.3629774919032906,3739.482498359366,7387.445670188865,14237.505298528155,0.0541285820719231,2.81016583588866,0.5919320388400175,1878.0
1383,2.5,0.5,1.4,0.4,3.0,8.0,14.0,0.3654259195724492,3730.534145295947,7221.148873683618,14516.69041841802,0.05295216741405082,2.802435822477854,0.5880429095435865,1859.5
1384,2.5,0.5,1.4,0.4,4.0,6.0,14.0,0.3858273353129879,3037.507644977348,7417.534751196901,14061.31405369351,0.05322661644695543,2.8226024192636405,0.594937661860143,1646.5
1385,2.5,0.5,1.4,0.4,4.0,7.0,14.0,0.3877934424773833,3031.3614339194182,7290.680154969069,14070.577973619573,0.05119191454416087,2.8041252637119203,0.6064187321173913,1621.5
1386,2.5,0.5,1.4,0.4,4.0,8.0,14.0,0.386524178786251,3054.3107317309323,7278.96372692207,14325.926547913517,0.0526852636257612,2.8319677758785518,0.5893159908575926,1623.5
1387,2.5,0.5,1.4,0.4,5.0,6.0,14.0,0.4006960184065053,2532.4915845742526,7422.4326690159305,14266.420964336323,0.05701964884998145,2.7715063760487824,0.5848710929872782,1496.5
1388,2.5,0.5,1.4,0.4,5.0,7.0,14.0,0.4019445301799139,2548.9884080380416,7325.006983894,14272.661893265842,0.053735414983362435,2.816668236583804,0.5888123740519531,1480.0
1389,2.5,0.5,1.4,0.4,5.0,8.0,14.0,0.4039813993981647,2545.961640322417,7277.453749489093,14278.404814721102,0.04991285124012964,2.796760209380887,0.5985251793094284,1469.0
1390,2.5,0.5,1.4,0.4,6.0,6.0,14.0,0.4093731976958097,2323.3531121084106,7444.754157454632,14147.031703679331,0.051807531658936076,2.760595620619803,0.59666034391546,1431.0
1391,2.5,0.5,1.4,0.4,6.0,7.0,14.0,0.41009683914305084,2339.7231550239107,7271.6681881077775,14415.312002676204,0.04715918466733478,2.835012655319384,0.5977200847612922,1410.5
1392,2.5,0.5,1.4,0.4,6.0,8.0,14.0,0.4114057128030335,2311.518259962997,7365.735314228438,14331.610373528889,0.05167637651359379,2.811602108744166,0.5801615616058412,1413.5
1393,2.5,0.5,1.4,0.4,7.0,6.0,14.0,0.4090135644653827,2223.297424217075,7392.910982438803,14479.15988689538,0.055000460683244434,2.787535449860796,0.5884021295119048,1398.0
1394,2.5,0.5,1.4,0.4,7.0,7.0,14.0,0.4143453517001934,2214.2943324603702,7324.414358792004,14124.496985961745,0.053279025191675794,2.8076197240688012,0.5895865272104827,1379.0
1395,2.5,0.5,1.4,0.4,7.0,8.0,14.0,0.4175423746086815,2209.969574467874,7245.746205598015,14053.928264441136,0.04837013167840236,2.8080695998357363,0.6008514079258436,1374.0
1396,2.5,0.5,1.8,0.4,3.0,6.0,14.0,0.3679365681294553,3755.693560064141,7437.705354173619,14214.656458180278,0.042326969283122316,2.8292307572060054,0.5973308330607137,1895.0
1397,2.5,0.5,1.8,0.4,3.0,7.0,14.0,0.3776996746438675,3742.4385508327186,7345.773012359927,13969.330989096274,0.035681061279180804,2.8342869242408026,0.5927297656118187,1871.5
1398,2.5,0.5,1.8,0.4,3.0,8.0,14.0,0.37041235559050173,3744.428733783288,7205.975522386028,14637.62970734324,0.040382918006247055,2.8341695547013157,0.5933564097510803,1872.0
1399,2.5,0.5,1.8,0.4,4.0,6.0,14.0,0.38739535151934046,3044.704619090995,7469.4321826491705,14422.925240743356,0.04100622684707092,2.829967968021241,0.6027477717673089,1653.5
1400,2.5,0.5,1.8,0.4,4.0,7.0,14.0,0.39603762654694363,3036.357072077017,7314.077244046182,14456.206819511026,0.03498984053522295,2.8484783863579315,0.5913760853863195,1626.0
1401,2.5,0.5,1.8,0.4,4.0,8.0,14.0,0.3879761507971615,3060.97448245272,7348.206623281132,14317.075330409061,0.037948069509536955,2.8296535854964056,0.6230918995993644,1627.0
1402,2.5,0.5,1.8,0.4,5.0,6.0,14.0,0.4083486111067325,2550.2940738383895,7450.322366540067,14197.264259705473,0.038862462674725554,2.8345235998388363,0.5953273639894882,1490.0
1403,2.5,0.5,1.8,0.4,5.0,7.0,14.0,0.4083060984293285,2556.916406506469,7298.3977924579285,14160.6437219123,0.039761286482896535,2.846832642441432,0.6051248826241451,1475.5
1404,2.5,0.5,1.8,0.4,5.0,8.0,14.0,0.4131488308258516,2535.6959209654988,7280.284610271689,14093.60038169594,0.03907580131764009,2.7987882664558854,0.5989049354452731,1471.0
1405,2.5,0.5,1.8,0.4,6.0,6.0,14.0,0.4144686368548168,2350.2347282631154,7340.219093772028,14276.52017395285,0.03851261227714502,2.805805194738204,0.6074282955361494,1425.5
1406,2.5,0.5,1.8,0.4,6.0,7.0,14.0,0.4146052488308678,2344.6003256367717,7322.856510120588,14420.72738653334,0.037728937728937734,2.870226362615491,0.5956848874915488,1417.5
1407,2.5,0.5,1.8,0.4,6.0,8.0,14.0,0.4230824011262331,2314.226351021107,7282.341128408804,14182.18803101129,0.03928688356865152,2.820013863779971,0.5765938434910558,1399.0
1408,2.5,0.5,1.8,0.4,7.0,6.0,14.0,0.4153703599339129,2198.551196792147,7405.36554534612,14586.334592091562,0.04292724314452817,2.8126547939359554,0.590520021476067,1391.0
1409,2.5,0.5,1.8,0.4,7.0,7.0,14.0,0.4220467836482049,2205.234061154368,7387.20677848025,14358.421804278038,0.038004736890686494,2.8278701510217887,0.5833822712476835,1381.5
1410,2.5,0.5,1.8,0.4,7.0,8.0,14.0,0.41712004173695333,2204.7018648555854,7275.342826864455,14523.463575479553,0.04469399763066444,2.831479555501114,0.5873664911391216,1380.0
1411,2.5,0.5,2.2,0.4,3.0,6.0,14.0,0.3792186717209463,3724.6756465704116,7454.04174995175,14211.345335089438,0.02993247910235266,2.822133223772117,0.5872386804423673,1884.5
1412,2.5,0.5,2.2,0.4,3.0,7.0,14.0,0.3769215838628392,3750.0429428650564,7350.764838612862,14276.545612412207,0.03187769843085099,2.8538388192025117,0.58979352523071,1883.5
1413,2.5,0.5,2.2,0.4,3.0,8.0,14.0,0.3767343954835673,3730.2660986972314,7355.64953785073,14150.740113845557,0.030746886079767707,2.8482057215560284,0.6035866045034926,1865.5
1414,2.5,0.5,2.2,0.4,4.0,6.0,14.0,0.3927645207764044,3029.1357961398626,7500.037887467865,14499.73636941691,0.030952328886945112,2.8746573412559924,0.598778899196564,1657.0
1415,2.5,0.5,2.2,0.4,4.0,7.0,14.0,0.39354313806599245,3024.197773593061,7434.231057905136,14441.531253344185,0.030971353957053298,2.855249889863591,0.6070870711790166,1639.0
1416,2.5,0.5,2.2,0.4,4.0,8.0,14.0,0.39929012419227755,3025.3306955174266,7315.991656519936,14339.726236583148,0.030772580667623457,2.8764871473141223,0.5922337046247798,1631.0
1417,2.5,0.5,2.2,0.4,5.0,6.0,14.0,0.4102666101393892,2552.3157657478628,7451.6076766892675,14239.80037976964,0.03293747626111696,2.8259297714506753,0.6038875043243156,1495.0
1418,2.5,0.5,2.2,0.4,5.0,7.0,14.0,0.4185239117824417,2544.1040285989734,7339.786926506982,14003.929087115648,0.030471821756225426,2.8774392821411316,0.5870630045953648,1471.5
1419,2.5,0.5,2.2,0.4,5.0,8.0,14.0,0.41031784120036635,2537.8458804782917,7284.554689403339,14318.355888245093,0.03845721015561196,2.841304925328271,0.597118554455701,1476.5
1420,2.5,0.5,2.2,0.4,6.0,6.0,14.0,0.4255863410102178,2338.2694927909747,7472.376946126022,14128.249624952667,0.027449372211512515,2.848473246884636,0.5804063940044637,1431.0
1421,2.5,0.5,2.2,0.4,6.0,7.0,14.0,0.420141587334451,2328.137587164919,7372.941294327637,14165.341286105879,0.03215361085886345,2.837478084581897,0.6016809643615624,1418.0
1422,2.5,0.5,2.2,0.4,6.0,8.0,14.0,0.42322189417015493,2312.246978136605,7256.906203389759,14141.65124992417,0.033979165679759046,2.834621531346941,0.5952894331893919,1402.0
1423,2.5,0.5,2.2,0.4,7.0,6.0,14.0,0.42041416627439504,2213.9378264066227,7461.868674160607,13995.276246442125,0.03399945003303906,2.8568739955442792,0.6090311601112793,1397.0
1424,2.5,0.5,2.2,0.4,7.0,7.0,14.0,0.4239992091579836,2223.9396346316425,7368.439733020797,14105.300627771616,0.030885791885571667,2.8633462661728375,0.6024795201733317,1382.0
1425,2.5,0.5,2.2,0.4,7.0,8.0,14.0,0.4247800197117924,2239.6507468461664,7280.795723632851,14196.860712060696,0.03495665935708188,2.8348196282323013,0.5908904677249314,1381.0
1426,2.5,0.5,2.6,0.4,3.0,6.0,14.0,0.3825765057756394,3725.366476895384,7485.198302600951,13983.073474059289,0.020757467049432276,2.8726607255694105,0.6011313586096001,1883.0
1427,2.5,0.5,2.6,0.4,3.0,7.0,14.0,0.3824856708990168,3756.314467786585,7356.5872435014335,14361.767870667207,0.02257023472883187,2.883355062010223,0.5831785336037505,1867.0
1428,2.5,0.5,2.6,0.4,3.0,8.0,14.0,0.3782242948152638,3753.9995837532997,7285.223232217462,14398.476047667964,0.024289879487219238,2.8711627822625294,0.6048374703325716,1868.5
1429,2.5,0.5,2.6,0.4,4.0,6.0,14.0,0.39982367891200005,3028.9141513230643,7410.7030084812195,14134.09756328584,0.02371430673461237,2.862542246006832,0.6149682049326836,1633.0
1430,2.5,0.5,2.6,0.4,4.0,7.0,14.0,0.3998673369776102,3025.6065978829442,7328.363539593034,14871.296837029025,0.02254108385358456,2.8686342683933175,0.590769257246222,1631.5
1431,2.5,0.5,2.6,0.4,4.0,8.0,14.0,0.4036679305220046,3023.0070606797153,7275.2020708437285,14160.996033015126,0.02366259257436705,2.895270312991709,0.6036761981500717,1614.0
1432,2.5,0.5,2.6,0.4,5.0,6.0,14.0,0.40969137292555785,2551.237376002035,7439.734594652846,14439.64146515671,0.027299062099283955,2.874880894568692,0.6095124251897224,1500.0
1433,2.5,0.5,2.6,0.4,5.0,7.0,14.0,0.4185568610936327,2551.950221114645,7327.927215552882,14275.303444642468,0.025970114415445555,2.8630695712799685,0.5904624348116818,1476.0
1434,2.5,0.5,2.6,0.4,5.0,8.0,14.0,0.42328265068380094,2567.5950861610872,7308.304944947788,13871.033508266122,0.026335853905286553,2.8833981608537917,0.5821113745486819,1473.0
1435,2.5,0.5,2.6,0.4,6.0,6.0,14.0,0.42178302989359123,2322.0603240867913,7464.674296128433,14271.259169204688,0.029323290200244653,2.8283191783850703,0.5919463885111481,1428.5
1436,2.5,0.5,2.6,0.4,6.0,7.0,14.0,0.42639042737892935,2315.1454122594378,7392.613167639895,14286.12442483988,0.025327521868228876,2.8765206311699467,0.5824810698951609,1413.0
1437,2.5,0.5,2.6,0.4,6.0,8.0,14.0,0.4219659173306423,2306.5432825542184,7355.983254089275,14241.074636188605,0.02645971914264597,2.851217410215252,0.6103848497417489,1394.0
1438,2.5,0.5,2.6,0.4,7.0,6.0,14.0,0.42822198808898815,2219.170082423314,7517.651836086911,13925.929968055632,0.02620823620823621,2.8719953808291114,0.591840378244356,1390.0
1439,2.5,0.5,2.6,0.4,7.0,7.0,14.0,0.4214682463417619,2226.8772550111726,7399.328367919443,14368.606109211927,0.025735217349542497,2.8423564454779915,0.6185286090022668,1385.0
1440,2.5,0.5,2.6,0.4,7.0,8.0,14.0,0.4271233882409952,2208.1449993806077,7356.819628315523,14324.296378126575,0.02639727684922946,2.875436148166503,0.5932308944054039,1372.0
1441,2.5,0.7,0.6,0.4,3.0,6.0,14.0,0.3470561413496471,3750.778338731202,7393.034836341539,14016.570000006124,0.08333165633636534,2.750780130471966,0.5915834640001594,1893.0
1442,2.5,0.7,0.6,0.4,3.0,7.0,14.0,0.34723639235833664,3746.1278378994953,7286.852169456837,14226.267508843699,0.08351638990222927,2.7454538608807604,0.5911603110089585,1875.5
1443,2.5,0.7,0.6,0.4,3.0,8.0,14.0,0.3489184656309064,3755.57382096785,7191.717810845626,14224.467334129582,0.08683399609469648,2.7512752418957613,0.5787536863967093,1874.5
1444,2.5,0.7,0.6,0.4,4.0,6.0,14.0,0.3728154792320228,3026.729358561536,7428.781139240822,14119.243723138074,0.07872273894588373,2.761578976672295,0.5824257438364688,1645.5
1445,2.5,0.7,0.6,0.4,4.0,7.0,14.0,0.36867835028394774,3034.463207256261,7331.4333025193155,14027.88366226244,0.08232305504554127,2.753065191342695,0.6037642709518223,1634.0
1446,2.5,0.7,0.6,0.4,4.0,8.0,14.0,0.36872287931609043,3047.7809911680806,7313.546202307514,14206.284142137043,0.0800824056715195,2.741022604213317,0.6036253954137483,1637.0
1447,2.5,0.7,0.6,0.4,5.0,6.0,14.0,0.3835487221343721,2535.7994231535013,7427.2030396175005,14243.347823642109,0.08414307806331153,2.7439643385177117,0.5844801839255305,1499.0
1448,2.5,0.7,0.6,0.4,5.0,7.0,14.0,0.38987093223523855,2522.9768219508715,7289.394943225716,14258.319273983849,0.07641594405672006,2.778006481306517,0.5874777977094492,1471.5
1449,2.5,0.7,0.6,0.4,5.0,8.0,14.0,0.3859039456215201,2567.187398663145,7194.046518019891,14175.315943055906,0.08368715642821209,2.78036511153425,0.5886226667693969,1477.5
1450,2.5,0.7,0.6,0.4,6.0,6.0,14.0,0.39159188128840655,2310.58330668524,7418.357817728776,13903.2717671124,0.08438242350118776,2.7265436940909664,0.5983804846556133,1429.0
1451,2.5,0.7,0.6,0.4,6.0,7.0,14.0,0.39622793086785707,2312.3680218376016,7304.396676695292,14006.430925202376,0.08105447080203944,2.7524049036561546,0.5880883764227964,1404.0
1452,2.5,0.7,0.6,0.4,6.0,8.0,14.0,0.4007009029673938,2338.9823345204986,7309.754857495707,13667.220076864913,0.07326294370885361,2.7932113968023464,0.5971908239911016,1407.5
1453,2.5,0.7,0.6,0.4,7.0,6.0,14.0,0.4013726389107561,2231.588037471565,7454.513219300947,13788.881784521463,0.07687438770511879,2.7516177042452084,0.5859696199172798,1400.5
1454,2.5,0.7,0.6,0.4,7.0,7.0,14.0,0.40086460196083884,2228.7425550753233,7337.80957345235,14048.168916917602,0.07520954760214049,2.7262733780411192,0.5959577204142469,1380.0
1455,2.5,0.7,0.6,0.4,7.0,8.0,14.0,0.4017383502567793,2233.788834991307,7226.50457564889,14128.156840587837,0.07853478944320344,2.766173101343372,0.5807909315998014,1382.5
1456,2.5,0.7,1.0,0.4,3.0,6.0,14.0,0.3525248385654281,3728.5685244120314,7371.725022008499,13979.462128475448,0.07538057631640235,2.772357522510391,0.5946875721506742,1883.0
1457,2.5,0.7,1.0,0.4,3.0,7.0,14.0,0.35092280696414885,3734.7989400890474,7279.621915581662,14132.536930464077,0.07786740111858459,2.7621132763375673,0.5959259308065292,1873.0
1458,2.5,0.7,1.0,0.4,3.0,8.0,14.0,0.35390499756845123,3734.9099414551524,7234.489724431014,14187.365711593146,0.07556159497463022,2.7818855717743696,0.5875801993985339,1866.0
1459,2.5,0.7,1.0,0.4,4.0,6.0,14.0,0.37230944293653384,3036.0815368932717,7453.82174583768,14185.068211936725,0.0763838209844482,2.7435372491448593,0.5881815409188909,1655.5
1460,2.5,0.7,1.0,0.4,4.0,7.0,14.0,0.3783589951497122,3046.04269945366,7263.631327937588,14150.23323934819,0.07022237157106759,2.7689755468368036,0.5922678219359521,1624.0
1461,2.5,0.7,1.0,0.4,4.0,8.0,14.0,0.37975001385404344,3069.225616127745,7214.604972607756,14074.157795360317,0.06902513384889947,2.777265457288184,0.5926764309123412,1624.5
1462,2.5,0.7,1.0,0.4,5.0,6.0,14.0,0.39058981509911295,2556.1750005964714,7380.658129734829,14088.770173167784,0.07318911854116902,2.755687617848751,0.5923968628143317,1498.0
1463,2.5,0.7,1.0,0.4,5.0,7.0,14.0,0.3911144290964972,2547.2142282914765,7311.595417410683,14128.491048259539,0.07415717387930965,2.75214965748039,0.5929086209699006,1485.5
1464,2.5,0.7,1.0,0.4,5.0,8.0,14.0,0.39281745753200487,2552.0753352030574,7213.859602817442,13876.890235477797,0.07578624006136508,2.7600538855253047,0.5981858114876412,1474.0
1465,2.5,0.7,1.0,0.4,6.0,6.0,14.0,0.3979015368166014,2302.5226159287668,7353.718792210207,14063.992286435565,0.07055324482259634,2.7711352221238092,0.6053763722408996,1423.0
1466,2.5,0.7,1.0,0.4,6.0,7.0,14.0,0.4016719079387068,2351.861361662461,7188.921759040195,14306.616013841634,0.0686546182935264,2.7917693514843,0.5861901431340548,1416.5
1467,2.5,0.7,1.0,0.4,6.0,8.0,14.0,0.3968268353685944,2321.2876070181637,7290.380675032166,14324.864306401407,0.07213603788651121,2.7629102820979967,0.5971662658428087,1411.5
1468,2.5,0.7,1.0,0.4,7.0,6.0,14.0,0.403679369230604,2188.3846133994803,7389.450136434857,13943.321293548524,0.0723628774538577,2.7356971461149273,0.5966454277336579,1385.0
1469,2.5,0.7,1.0,0.4,7.0,7.0,14.0,0.40261940819843817,2255.4221215862744,7257.584662506621,13946.107245959152,0.07355099644476337,2.7635492993584636,0.5954237835395285,1379.5
1470,2.5,0.7,1.0,0.4,7.0,8.0,14.0,0.40139665822607734,2207.298795175993,7293.359713445656,14192.868494600038,0.07296722848437068,2.772015580719475,0.5944231718587356,1371.0
1471,2.5,0.7,1.4,0.4,3.0,6.0,14.0,0.35919616111289526,3774.685175281258,7392.809571607815,14065.198525917865,0.05645824994715753,2.796023165184523,0.606966022119426,1887.0
1472,2.5,0.7,1.4,0.4,3.0,7.0,14.0,0.37275878261267553,3728.8021308651723,7265.42775738386,14125.944815389521,0.05028253428871099,2.7959086035279777,0.5770340165465206,1860.0
1473,2.5,0.7,1.4,0.4,3.0,8.0,14.0,0.3694755543487953,3765.2405835960412,7223.09092750379,14164.25308484105,0.05112738538565536,2.806422992376598,0.585048321019969,1864.5
1474,2.5,0.7,1.4,0.4,4.0,6.0,14.0,0.3807370394131025,3031.195867776451,7410.532828854245,14227.506207680706,0.05818831813387927,2.808477455976957,0.5992657956171308,1646.5
1475,2.5,0.7,1.4,0.4,4.0,7.0,14.0,0.3845828449958142,3074.955065087862,7374.275970777094,14320.766628232486,0.05318639672508181,2.799095064646078,0.5903813632446927,1631.5
1476,2.5,0.7,1.4,0.4,4.0,8.0,14.0,0.3887992458765412,3040.2383356087266,7242.351029617477,14150.65128384615,0.05196436716131486,2.8186930939659955,0.5962257656079699,1627.0
1477,2.5,0.7,1.4,0.4,5.0,6.0,14.0,0.39744300236430985,2552.978986066088,7416.829685630257,14083.476817374758,0.05410637727759914,2.793652188962714,0.612659092796493,1497.5
1478,2.5,0.7,1.4,0.4,5.0,7.0,14.0,0.40659073986594363,2538.093904020926,7269.310853591714,14074.317764279105,0.05079373910463261,2.8439076352566435,0.5879616496420058,1469.5
1479,2.5,0.7,1.4,0.4,5.0,8.0,14.0,0.40578275092365246,2542.8851579123666,7209.440331429431,14057.335975124588,0.05200250441351562,2.7800763397611146,0.6024884631526208,1465.0
1480,2.5,0.7,1.4,0.4,6.0,6.0,14.0,0.40599588341712073,2313.3471666142887,7395.049859513127,14171.440033411347,0.05677687440863084,2.779887293680221,0.5989934662906538,1423.0
1481,2.5,0.7,1.4,0.4,6.0,7.0,14.0,0.4079624388953575,2330.091938932549,7363.595475264465,14112.729001559519,0.05508158283645208,2.8107169887164654,0.5936059954289907,1412.5
1482,2.5,0.7,1.4,0.4,6.0,8.0,14.0,0.41624981846701226,2325.260633956698,7278.197465878807,13924.969781138945,0.04974624758963297,2.8012936439925307,0.5894017541469543,1400.5
1483,2.5,0.7,1.4,0.4,7.0,6.0,14.0,0.41194542605307505,2208.4677813434696,7438.870897286199,14121.901907568596,0.05635124587578128,2.784780084540456,0.585365555991622,1401.5
1484,2.5,0.7,1.4,0.4,7.0,7.0,14.0,0.41084975685272357,2219.6958937983836,7252.356571890299,14442.69210092941,0.052063376140523934,2.8014540558485743,0.6017521880247861,1378.5
1485,2.5,0.7,1.4,0.4,7.0,8.0,14.0,0.4119803869247123,2230.8721945809925,7271.890565892625,14141.162152392222,0.052175080108041005,2.8111743120678483,0.605345403769101,1382.0
1486,2.5,0.7,1.8,0.4,3.0,6.0,14.0,0.3679552312127063,3756.9348602911386,7439.497590334949,14444.377833211034,0.04058505038351631,2.8315536712981793,0.5913264522680249,1896.0
1487,2.5,0.7,1.8,0.4,3.0,7.0,14.0,0.3698634660820896,3743.9155474647014,7295.816394955409,14472.939454493717,0.03731597182811158,2.8440559900963747,0.6042346955400962,1869.5
1488,2.5,0.7,1.8,0.4,3.0,8.0,14.0,0.371643434166914,3733.7068779837955,7300.684838194842,14208.578885477255,0.039587968055918,2.858125663616039,0.5999591855417159,1864.0
1489,2.5,0.7,1.8,0.4,4.0,6.0,14.0,0.3959831971833581,3025.170373770062,7417.7608923512435,14395.83765983474,0.0367697884083817,2.828305911082756,0.5841364308926442,1642.5
1490,2.5,0.7,1.8,0.4,4.0,7.0,14.0,0.3940422705395079,3027.9151850858743,7361.252479813322,14404.924503885337,0.038682287694145404,2.8650584302086974,0.5862635638642917,1637.5
1491,2.5,0.7,1.8,0.4,4.0,8.0,14.0,0.39937779500791626,3034.576286977929,7291.4349004933565,14128.354403461613,0.03810055946695401,2.8603889633611033,0.5813972646932762,1622.5
1492,2.5,0.7,1.8,0.4,5.0,6.0,14.0,0.40398414491722506,2549.6980483001607,7491.157365387304,14318.66005240849,0.04224128007367331,2.7979123828642534,0.6014422051336461,1503.5
1493,2.5,0.7,1.8,0.4,5.0,7.0,14.0,0.4091363092120865,2541.0652673633313,7399.390235964373,14317.05011988426,0.036009724849933006,2.8130828633389067,0.6040214827128645,1485.0
1494,2.5,0.7,1.8,0.4,5.0,8.0,14.0,0.4122070061267409,2555.3532015280593,7274.5992504520855,14302.452894893175,0.041168483230313455,2.8237554571394443,0.5808722454206137,1479.5
1495,2.5,0.7,1.8,0.4,6.0,6.0,14.0,0.4177396833292586,2342.8505626558813,7383.875239774744,13890.262672070363,0.03280454925191767,2.845891175222987,0.6196773738405741,1415.5
1496,2.5,0.7,1.8,0.4,6.0,7.0,14.0,0.41400473244505603,2322.4289261990493,7329.278180449944,14269.77207187752,0.0400097226026255,2.8232247818104557,0.6078629567942709,1407.5
1497,2.5,0.7,1.8,0.4,6.0,8.0,14.0,0.41930645412026424,2318.020996995203,7367.209399027564,14051.02727906402,0.04100404964010173,2.8076496351127815,0.5890454237239342,1412.0
1498,2.5,0.7,1.8,0.4,7.0,6.0,14.0,0.4205800165187921,2205.469257249945,7517.580951909228,14296.760864369899,0.040667170634303626,2.8034966548192304,0.5766622680946667,1398.5
1499,2.5,0.7,1.8,0.4,7.0,7.0,14.0,0.41974450229478083,2214.520063060227,7375.5118656629875,14266.537250263435,0.041656270791749835,2.8403194085469057,0.5849317140533805,1388.0
1500,2.5,0.7,1.8,0.4,7.0,8.0,14.0,0.42444221008722577,2220.4097523103487,7310.153717444739,14092.27325429855,0.036374917308186594,2.842516148319834,0.5920904899399518,1379.0
1501,2.5,0.7,2.2,0.4,3.0,6.0,14.0,0.3735686319360285,3732.1026185336586,7477.24848945603,14269.668730422956,0.0303884027714905,2.8569139987528285,0.6020027294989138,1890.0
1502,2.5,0.7,2.2,0.4,3.0,7.0,14.0,0.37338691829512355,3755.8140441022338,7463.464559048616,14479.384665999434,0.029146630977163468,2.855638447553331,0.5948080162671793,1886.0
1503,2.5,0.7,2.2,0.4,3.0,8.0,14.0,0.38003726427080226,3745.760750056828,7239.4629911946495,14289.150910488206,0.027661592454434936,2.86937882071382,0.5960564739574794,1862.5
1504,2.5,0.7,2.2,0.4,4.0,6.0,14.0,0.39805988413913634,3040.4789802914956,7447.829809424484,14267.585091816738,0.028037947467321706,2.849214472071389,0.6001751765091916,1649.0
1505,2.5,0.7,2.2,0.4,4.0,7.0,14.0,0.4037657039173708,3037.1895598584397,7343.246387593419,14178.471112267747,0.027515056083271136,2.8705535807530307,0.585398469397393,1626.0
1506,2.5,0.7,2.2,0.4,4.0,8.0,14.0,0.40028275362794313,3021.815300955113,7294.948028838242,14336.679483356642,0.02765730807273834,2.8968458581201117,0.5970741152787719,1622.5
1507,2.5,0.7,2.2,0.4,5.0,6.0,14.0,0.4128463874494857,2519.292291028718,7541.757283327203,14151.09475468018,0.029908434866531497,2.8510939103014055,0.5987483881384899,1497.5
1508,2.5,0.7,2.2,0.4,5.0,7.0,14.0,0.4168055637289016,2558.146742083591,7303.063063066367,13903.485871724148,0.031714318393972596,2.8621249991940116,0.5993942688174738,1473.5
1509,2.5,0.7,2.2,0.4,5.0,8.0,14.0,0.41492008224873683,2559.6717462494335,7321.3248395757455,14201.919021793037,0.034735702893597634,2.8518054444029133,0.5843530003609528,1482.5
1510,2.5,0.7,2.2,0.4,6.0,6.0,14.0,0.42301089825721666,2316.4162891397996,7424.134473441982,14153.74864240643,0.03305017385039469,2.8185464541018517,0.5855080728954154,1430.0
1511,2.5,0.7,2.2,0.4,6.0,7.0,14.0,0.4226919128409299,2336.1016197244744,7332.561353331313,14347.858963059669,0.028665532528919506,2.826442815095292,0.5959758624713982,1411.5
1512,2.5,0.7,2.2,0.4,6.0,8.0,14.0,0.424188381543079,2305.9760817091546,7300.369907440949,14108.79894593394,0.032396043883336244,2.8558061587003793,0.5913190090317524,1398.0
1513,2.5,0.7,2.2,0.4,7.0,6.0,14.0,0.42561558015712553,2233.7415026637063,7489.100175019222,13821.585542202163,0.03414713192775081,2.8057376796339932,0.5936608475916948,1400.5
1514,2.5,0.7,2.2,0.4,7.0,7.0,14.0,0.42841950553039204,2220.4672221772043,7334.563319369348,14268.68551978189,0.027390942955749308,2.8459188323908795,0.5907819212561316,1378.5
1515,2.5,0.7,2.2,0.4,7.0,8.0,14.0,0.42931780772930206,2229.8065228180512,7284.12275834373,14099.933725970204,0.0311532694264446,2.81387433131458,0.5900235724158275,1367.5
1516,2.5,0.7,2.6,0.4,3.0,6.0,14.0,0.3802742671861555,3738.1193866550034,7462.136720315584,14186.451798103642,0.024362979296827146,2.8792865813517623,0.5902521200749785,1879.0
1517,2.5,0.7,2.6,0.4,3.0,7.0,14.0,0.38122033337059213,3742.385354021656,7371.977123093835,14379.845996455635,0.023006854742543256,2.871906747696029,0.5893742262795487,1875.0
1518,2.5,0.7,2.6,0.4,3.0,8.0,14.0,0.3846550737315169,3751.034287651723,7322.302538090489,14178.740741294005,0.023302509869629087,2.8795133573716574,0.5834285135799386,1868.5
1519,2.5,0.7,2.6,0.4,4.0,6.0,14.0,0.40330516133543864,3035.1876485107405,7434.457831273701,14095.265404868758,0.02498553375767644,2.8758456517226616,0.5910575892102552,1637.5
1520,2.5,0.7,2.6,0.4,4.0,7.0,14.0,0.4053331036427225,3028.6093897720525,7307.789548950195,14268.4158533862,0.024198011520860395,2.8519327371875907,0.5913637591286249,1626.0
1521,2.5,0.7,2.6,0.4,4.0,8.0,14.0,0.40430164939894103,3030.51664467931,7355.041974614976,14281.381337411794,0.02202550942706013,2.8734191992250144,0.5950990080496098,1628.0
1522,2.5,0.7,2.6,0.4,5.0,6.0,14.0,0.4133377676727567,2542.0669730957425,7476.786288276703,14283.136284274638,0.024145135520954458,2.872635600658156,0.6078787292970889,1491.0
1523,2.5,0.7,2.6,0.4,5.0,7.0,14.0,0.4199992903323437,2531.2866075737825,7359.5495308304435,14160.923654047705,0.021000252739802043,2.8856066547692754,0.6019134903902945,1465.5
1524,2.5,0.7,2.6,0.4,5.0,8.0,14.0,0.41493440503632284,2556.861845036993,7404.335063964916,14416.103130805526,0.0228867893426338,2.867453652583476,0.6029315132629878,1481.0
1525,2.5,0.7,2.6,0.4,6.0,6.0,14.0,0.4258668702910795,2315.238932649267,7505.725334029443,14089.177898298498,0.024195121951219513,2.8615435051852143,0.5899569538394628,1425.5
1526,2.5,0.7,2.6,0.4,6.0,7.0,14.0,0.4234800726221944,2319.4893621135952,7410.407977880541,14373.453467484167,0.02339475942848488,2.8783205770947085,0.596031423941467,1408.0
1527,2.5,0.7,2.6,0.4,6.0,8.0,14.0,0.4322679928779832,2311.383177703887,7238.1566089909065,14289.017185444674,0.022804600532093662,2.869204438652659,0.577548500565259,1397.0
1528,2.5,0.7,2.6,0.4,7.0,6.0,14.0,0.4210389629798024,2210.2298608140245,7549.002170819545,14267.696352803923,0.027152582814716764,2.8765906905224092,0.6051201638182707,1403.0
1529,2.5,0.7,2.6,0.4,7.0,7.0,14.0,0.4268080959907991,2241.686059995215,7357.7271084527465,13919.830086176513,0.023578362278870668,2.855645825513232,0.6204822541351426,1373.0
1530,2.5,0.7,2.6,0.4,7.0,8.0,14.0,0.41783962529501634,2260.1967424097943,7350.641370480158,14556.286929233444,0.026343297267559143,2.836573728152934,0.6252925746919955,1382.5
1531,2.5,0.9,0.6,0.4,3.0,6.0,14.0,0.34866771393835005,3734.4167931453603,7405.2464955198775,13856.85345445129,0.08451143766855852,2.7441718531855064,0.5899169140980984,1896.0
1532,2.5,0.9,0.6,0.4,3.0,7.0,14.0,0.34508068521388785,3792.416047440073,7325.806598343228,14323.221451503487,0.08042900218561835,2.756149466217548,0.5948473484435116,1882.0
1533,2.5,0.9,0.6,0.4,3.0,8.0,14.0,0.35087605991337684,3740.932789862327,7324.136399340998,13871.469517328023,0.08439678617832896,2.752837037507847,0.5839842796412256,1873.0
1534,2.5,0.9,0.6,0.4,4.0,6.0,14.0,0.37691207261737064,3030.5997167545747,7323.322802787208,14100.730710624777,0.07817060272578788,2.7741274974293466,0.5723973555986933,1640.5
1535,2.5,0.9,0.6,0.4,4.0,7.0,14.0,0.37425263006597526,3034.049375219718,7324.04602804131,13888.528393660315,0.07970957820407734,2.7729877110360635,0.5898017864752362,1632.0
1536,2.5,0.9,0.6,0.4,4.0,8.0,14.0,0.3753767077609296,3042.8555143299022,7226.320690818791,14063.73537104742,0.07603342863893513,2.7716135916435896,0.5954786287853511,1625.0
1537,2.5,0.9,0.6,0.4,5.0,6.0,14.0,0.38994107119153626,2545.5622561543614,7366.508825384437,13892.16810802764,0.08130159637815093,2.7516035137403003,0.5822458494570026,1491.0
1538,2.5,0.9,0.6,0.4,5.0,7.0,14.0,0.3873567450071453,2538.609002818934,7337.3256334535,14090.92853059846,0.08005824385912123,2.748568357301342,0.593353114507821,1477.5
1539,2.5,0.9,0.6,0.4,5.0,8.0,14.0,0.3881261035154402,2542.708212563889,7216.91029550832,14291.239807848804,0.08237423928345766,2.769638470116878,0.5798974161009276,1472.5
1540,2.5,0.9,0.6,0.4,6.0,6.0,14.0,0.39219095527033576,2314.483642824999,7441.993516607192,14319.004980307413,0.0782896024895496,2.7367152189390493,0.5912952848914637,1428.0
1541,2.5,0.9,0.6,0.4,6.0,7.0,14.0,0.40105970288281134,2325.3672988703493,7287.775421737529,14050.667633246157,0.07207593960991004,2.7516292771402044,0.5911715367777917,1408.5
1542,2.5,0.9,0.6,0.4,6.0,8.0,14.0,0.3949829975458885,2320.0334853077557,7227.762162118838,14085.030362561749,0.08518912836015202,2.736562412781677,0.585052473873553,1413.0
1543,2.5,0.9,0.6,0.4,7.0,6.0,14.0,0.3911821741385037,2205.5275642618963,7431.856976076688,14047.616192307862,0.08678013336087279,2.7758719884799943,0.5934923747609808,1395.5
1544,2.5,0.9,0.6,0.4,7.0,7.0,14.0,0.4003340752178621,2241.4583609050005,7303.688459238071,13919.807795526795,0.07870656878051743,2.7159466775339802,0.595943168311359,1382.5
1545,2.5,0.9,0.6,0.4,7.0,8.0,14.0,0.40309493215983383,2221.4326186185544,7287.799892574369,14014.774325138704,0.07670176847600378,2.7704415065154304,0.5812874978267967,1376.5
1546,2.5,0.9,1.0,0.4,3.0,6.0,14.0,0.3553403022928075,3738.5556345392947,7329.006253097938,14034.268413560896,0.07469447090672043,2.7633717845884087,0.5843631767001585,1886.5
1547,2.5,0.9,1.0,0.4,3.0,7.0,14.0,0.3518304304364071,3750.7551493552974,7297.887985470055,14208.619323643032,0.07212295457146127,2.786852607153093,0.5988048939853838,1871.0
1548,2.5,0.9,1.0,0.4,3.0,8.0,14.0,0.3532330183050611,3748.9104405526696,7236.371017234967,14311.580971389689,0.07516763842143942,2.7741207829347063,0.5850496834814527,1871.5
1549,2.5,0.9,1.0,0.4,4.0,6.0,14.0,0.3820450360408931,3018.8570656318166,7415.074663227353,13817.052172029005,0.07004033244434898,2.785316975633127,0.5791438321801538,1638.5
