"GEO_ID","NAME","B01001_001E","B01001_001M","B01001_002E","B01001_002M","B01001_003E","B01001_003M","B01001_004E","B01001_004M","B01001_005E","B01001_005M","B01001_006E","B01001_006M","B01001_007E","B01001_007M","B01001_008E","B01001_008M","B01001_009E","B01001_009M","B01001_010E","B01001_010M","B01001_011E","B01001_011M","B01001_012E","B01001_012M","B01001_013E","B01001_013M","B01001_014E","B01001_014M","B01001_015E","B01001_015M","B01001_016E","B01001_016M","B01001_017E","B01001_017M","B01001_018E","B01001_018M","B01001_019E","B01001_019M","B01001_020E","B01001_020M","B01001_021E","B01001_021M","B01001_022E","B01001_022M","B01001_023E","B01001_023M","B01001_024E","B01001_024M","B01001_025E","B01001_025M","B01001_026E","B01001_026M","B01001_027E","B01001_027M","B01001_028E","B01001_028M","B01001_029E","B01001_029M","B01001_030E","B01001_030M","B01001_031E","B01001_031M","B01001_032E","B01001_032M","B01001_033E","B01001_033M","B01001_034E","B01001_034M","B01001_035E","B01001_035M","B01001_036E","B01001_036M","B01001_037E","B01001_037M","B01001_038E","B01001_038M","B01001_039E","B01001_039M","B01001_040E","B01001_040M","B01001_041E","B01001_041M","B01001_042E","B01001_042M","B01001_043E","B01001_043M","B01001_044E","B01001_044M","B01001_045E","B01001_045M","B01001_046E","B01001_046M","B01001_047E","B01001_047M","B01001_048E","B01001_048M","B01001_049E","B01001_049M",
"Geography","Geographic Area Name","Estimate!!Total:","Margin of Error!!Total:","Estimate!!Total:!!Male:","Margin of Error!!Total:!!Male:","Estimate!!Total:!!Male:!!Under 5 years","Margin of Error!!Total:!!Male:!!Under 5 years","Estimate!!Total:!!Male:!!5 to 9 years","Margin of Error!!Total:!!Male:!!5 to 9 years","Estimate!!Total:!!Male:!!10 to 14 years","Margin of Error!!Total:!!Male:!!10 to 14 years","Estimate!!Total:!!Male:!!15 to 17 years","Margin of Error!!Total:!!Male:!!15 to 17 years","Estimate!!Total:!!Male:!!18 and 19 years","Margin of Error!!Total:!!Male:!!18 and 19 years","Estimate!!Total:!!Male:!!20 years","Margin of Error!!Total:!!Male:!!20 years","Estimate!!Total:!!Male:!!21 years","Margin of Error!!Total:!!Male:!!21 years","Estimate!!Total:!!Male:!!22 to 24 years","Margin of Error!!Total:!!Male:!!22 to 24 years","Estimate!!Total:!!Male:!!25 to 29 years","Margin of Error!!Total:!!Male:!!25 to 29 years","Estimate!!Total:!!Male:!!30 to 34 years","Margin of Error!!Total:!!Male:!!30 to 34 years","Estimate!!Total:!!Male:!!35 to 39 years","Margin of Error!!Total:!!Male:!!35 to 39 years","Estimate!!Total:!!Male:!!40 to 44 years","Margin of Error!!Total:!!Male:!!40 to 44 years","Estimate!!Total:!!Male:!!45 to 49 years","Margin of Error!!Total:!!Male:!!45 to 49 years","Estimate!!Total:!!Male:!!50 to 54 years","Margin of Error!!Total:!!Male:!!50 to 54 years","Estimate!!Total:!!Male:!!55 to 59 years","Margin of Error!!Total:!!Male:!!55 to 59 years","Estimate!!Total:!!Male:!!60 and 61 years","Margin of Error!!Total:!!Male:!!60 and 61 years","Estimate!!Total:!!Male:!!62 to 64 years","Margin of Error!!Total:!!Male:!!62 to 64 years","Estimate!!Total:!!Male:!!65 and 66 years","Margin of Error!!Total:!!Male:!!65 and 66 years","Estimate!!Total:!!Male:!!67 to 69 years","Margin of Error!!Total:!!Male:!!67 to 69 years","Estimate!!Total:!!Male:!!70 to 74 years","Margin of Error!!Total:!!Male:!!70 to 74 years","Estimate!!Total:!!Male:!!75 to 79 years","Margin of Error!!Total:!!Male:!!75 to 79 years","Estimate!!Total:!!Male:!!80 to 84 years","Margin of Error!!Total:!!Male:!!80 to 84 years","Estimate!!Total:!!Male:!!85 years and over","Margin of Error!!Total:!!Male:!!85 years and over","Estimate!!Total:!!Female:","Margin of Error!!Total:!!Female:","Estimate!!Total:!!Female:!!Under 5 years","Margin of Error!!Total:!!Female:!!Under 5 years","Estimate!!Total:!!Female:!!5 to 9 years","Margin of Error!!Total:!!Female:!!5 to 9 years","Estimate!!Total:!!Female:!!10 to 14 years","Margin of Error!!Total:!!Female:!!10 to 14 years","Estimate!!Total:!!Female:!!15 to 17 years","Margin of Error!!Total:!!Female:!!15 to 17 years","Estimate!!Total:!!Female:!!18 and 19 years","Margin of Error!!Total:!!Female:!!18 and 19 years","Estimate!!Total:!!Female:!!20 years","Margin of Error!!Total:!!Female:!!20 years","Estimate!!Total:!!Female:!!21 years","Margin of Error!!Total:!!Female:!!21 years","Estimate!!Total:!!Female:!!22 to 24 years","Margin of Error!!Total:!!Female:!!22 to 24 years","Estimate!!Total:!!Female:!!25 to 29 years","Margin of Error!!Total:!!Female:!!25 to 29 years","Estimate!!Total:!!Female:!!30 to 34 years","Margin of Error!!Total:!!Female:!!30 to 34 years","Estimate!!Total:!!Female:!!35 to 39 years","Margin of Error!!Total:!!Female:!!35 to 39 years","Estimate!!Total:!!Female:!!40 to 44 years","Margin of Error!!Total:!!Female:!!40 to 44 years","Estimate!!Total:!!Female:!!45 to 49 years","Margin of Error!!Total:!!Female:!!45 to 49 years","Estimate!!Total:!!Female:!!50 to 54 years","Margin of Error!!Total:!!Female:!!50 to 54 years","Estimate!!Total:!!Female:!!55 to 59 years","Margin of Error!!Total:!!Female:!!55 to 59 years","Estimate!!Total:!!Female:!!60 and 61 years","Margin of Error!!Total:!!Female:!!60 and 61 years","Estimate!!Total:!!Female:!!62 to 64 years","Margin of Error!!Total:!!Female:!!62 to 64 years","Estimate!!Total:!!Female:!!65 and 66 years","Margin of Error!!Total:!!Female:!!65 and 66 years","Estimate!!Total:!!Female:!!67 to 69 years","Margin of Error!!Total:!!Female:!!67 to 69 years","Estimate!!Total:!!Female:!!70 to 74 years","Margin of Error!!Total:!!Female:!!70 to 74 years","Estimate!!Total:!!Female:!!75 to 79 years","Margin of Error!!Total:!!Female:!!75 to 79 years","Estimate!!Total:!!Female:!!80 to 84 years","Margin of Error!!Total:!!Female:!!80 to 84 years","Estimate!!Total:!!Female:!!85 years and over","Margin of Error!!Total:!!Female:!!85 years and over",
"1400000US12031000101","Census Tract 1.01; Duval County; Florida","2858","854","1039","471","57","59","80","81","85","80","0","15","0","15","0","15","0","15","0","15","56","52","22","37","81","94","42","49","0","15","275","328","88","80","17","19","0","15","13","22","171","241","19","29","0","15","16","24","17","29","1819","576","10","15","109","84","290","170","20","33","0","15","0","15","0","15","0","15","93","83","131","127","232","203","10","15","67","66","220","216","101","85","91","79","39","30","161","248","51","82","35","32","8","22","124","135","27","31",
"1400000US12031000102","Census Tract 1.02; Duval County; Florida","2448","635","1185","452","126","175","0","15","104","125","51","92","23","42","25","42","0","15","80","81","26","46","85","105","0","15","185","188","49","50","40","46","73","58","14","22","55","63","104","96","73","64","46","44","0","15","26","33","0","15","1263","308","0","15","16","30","137","125","27","48","0","15","0","15","0","15","27","51","48","74","127","159","101","146","38","53","113","97","52","50","95","76","47","84","27","47","14","23","279","190","115","89","0","15","0","15","0","15",
"1400000US12031000200","Census Tract 2; Duval County; Florida","2490","423","1124","242","177","99","96","73","94","86","53","48","46","49","34","48","0","15","26","34","76","70","50","40","34","43","61","99","113","56","56","42","31","26","5","8","39","43","0","15","10","16","16","19","55","48","18","28","34","53","1366","267","156","108","73","81","143","88","32","36","47","45","0","15","0","15","86","70","148","95","105","64","29","40","71","57","51","41","87","61","64","51","4","6","49","33","37","30","65","49","22","20","54","37","38","26","5","10",
"1400000US12031000300","Census Tract 3; Duval County; Florida","1860","317","799","171","61","48","34","39","64","50","37","25","14","18","0","15","0","15","21","26","19","23","80","70","49","49","78","51","50","42","40","39","95","51","65","50","34","37","15","15","2","11","37","26","0","15","0","15","4","9","1061","227","166","117","48","48","107","64","24","22","13","20","26","33","23","28","0","15","114","51","118","72","30","35","34","35","19","20","118","64","47","36","47","40","26","24","17","26","33","31","24","22","8","12","0","15","19","2",
"1400000US12031000600","Census Tract 6; Duval County; Florida","5483","865","2896","546","159","159","228","151","200","167","2","4","117","100","127","127","0","21","183","183","123","110","310","184","70","69","92","96","272","219","438","295","304","216","15","33","32","55","44","50","109","119","46","60","25","62","0","21","0","21","2587","538","225","213","63","87","67","91","2","4","6","19","20","33","4","13","120","121","472","331","43","76","222","131","263","119","98","104","244","205","191","122","16","36","126","145","0","21","98","67","47","95","84","106","12","21","164","147",
"1400000US12031000700","Census Tract 7; Duval County; Florida","4437","717","2163","501","211","154","168","154","314","186","58","52","26","32","0","15","0","15","38","48","146","108","155","90","138","89","158","81","143","63","88","60","128","78","10","13","71","61","61","41","72","42","114","73","30","27","8","13","26","30","2274","307","93","75","237","132","144","63","87","61","0","15","25","32","12","18","48","62","110","70","306","186","210","105","186","82","108","70","146","90","84","56","47","36","89","62","112","74","79","43","32","39","67","41","40","38","12","14",
"1400000US12031000800","Census Tract 8; Duval County; Florida","3083","419","1583","296","15","23","11","18","30","36","0","15","12","19","0","15","0","15","32","26","162","106","231","138","106","76","108","115","115","83","33","36","74","72","10","17","37","27","57","57","166","129","299","208","61","52","10","16","14","22","1500","223","13","21","43","52","17","25","11","16","0","15","0","15","9","15","26","24","183","99","208","103","93","53","56","48","53","71","134","88","75","49","9","15","57","53","137","68","211","96","106","71","48","44","11","16","0","15",
"1400000US12031001000","Census Tract 10; Duval County; Florida","3999","174","2823","231","0","15","0","15","0","15","8","18","148","78","103","46","64","64","137","94","296","151","321","70","401","123","134","69","214","65","164","116","190","90","79","57","106","59","119","73","50","60","163","73","89","56","9","16","28","32","1176","215","20","24","0","15","0","15","0","15","9","26","8","19","0","15","39","41","18","22","161","94","94","96","67","50","69","55","61","29","122","77","158","77","49","40","59","60","29","22","55","39","54","47","18","35","86","69",
"1400000US12031001100","Census Tract 11; Duval County; Florida","2205","447","1211","272","107","59","68","46","114","81","4","6","13","18","0","15","20","24","5","8","43","34","74","36","223","125","58","36","76","46","96","52","137","85","7","10","54","35","28","21","47","37","21","21","16","18","0","15","0","15","994","208","29","27","50","40","48","31","113","88","0","15","0","15","0","15","18","17","38","30","107","60","230","109","61","35","54","33","61","40","61","38","3","6","50","27","11","13","0","15","23","19","16","17","0","15","21","26",
"1400000US12031001200","Census Tract 12; Duval County; Florida","2103","399","1013","217","30","31","58","38","27","29","51","61","0","15","28","26","9","21","58","62","20","18","137","76","69","36","47","42","66","42","62","43","199","138","35","46","70","51","10","16","7","9","10","12","3","6","17","18","0","15","1090","252","97","69","23","35","62","51","55","45","33","37","5","8","6","10","100","75","86","47","121","48","66","35","157","90","46","44","48","34","43","30","7","11","56","37","20","20","15","30","24","24","11","12","6","10","3","7",
"1400000US12031001300","Census Tract 13; Duval County; Florida","3688","764","1674","393","182","183","243","169","85","115","14","24","56","69","69","82","14","24","27","29","110","114","128","91","38","33","81","69","15","23","59","50","129","92","105","102","111","76","130","95","0","15","16","23","33","37","0","15","29","39","2014","457","186","162","195","141","203","104","0","15","28","31","25","37","0","15","51","57","98","81","218","134","133","97","107","87","90","74","27","28","167","94","119","71","132","93","15","22","21","27","62","64","74","54","22","27","41","38",
"1400000US12031001401","Census Tract 14.01; Duval County; Florida","2863","636","1008","292","32","55","72","58","314","197","0","15","0","15","0","15","0","15","2","4","15","24","16","27","128","128","21","35","29","39","19","33","99","70","35","54","26","36","15","28","84","74","89","53","0","15","12","20","0","15","1855","489","62","61","187","211","212","208","51","61","12","23","0","15","0","15","0","15","81","76","127","113","167","127","262","204","141","97","117","99","121","87","72","80","56","57","79","80","28","48","65","52","15","25","0","15","0","15",
"1400000US12031001402","Census Tract 14.02; Duval County; Florida","2022","565","958","364","200","230","70","112","0","15","52","61","39","49","0","15","0","15","74","97","155","114","0","15","0","15","14","25","27","33","70","76","11","19","10","17","47","46","35","51","64","64","9","15","71","78","10","16","0","15","1064","320","27","47","0","15","38","46","0","15","51","60","23","42","20","35","34","54","136","108","30","35","33","53","15","26","97","56","18","24","105","62","28","33","31","34","114","103","18","21","57","37","83","91","70","97","36","55",
"1400000US12031001500","Census Tract 15; Duval County; Florida","3207","685","1482","380","32","51","142","175","61","68","81","115","21","35","0","15","0","15","18","29","302","230","81","98","110","95","181","116","51","48","60","50","93","70","88","77","11","17","9","15","32","30","32","33","11","18","41","49","25","29","1725","431","54","74","181","145","81","79","43","50","51","54","0","15","0","15","24","27","241","169","138","124","0","15","93","71","90","86","189","92","140","99","16","20","37","34","8","12","55","41","58","43","139","102","73","65","14","21",
"1400000US12031001600","Census Tract 16; Duval County; Florida","2016","345","902","184","160","86","156","63","127","85","37","36","14","22","0","15","0","15","0","15","29","40","0","15","81","57","63","27","60","40","0","15","7","11","0","15","14","13","12","18","86","60","21","20","22","23","7","12","6","10","1114","248","155","116","105","64","61","72","28","24","0","15","51","31","0","15","25","23","67","38","90","60","95","51","70","47","23","39","7","12","7","13","34","19","64","25","9","10","135","169","24","20","43","34","0","15","21","22",
"1400000US12031002101","Census Tract 21.01; Duval County; Florida","3354","706","1795","400","39","36","52","43","27","27","31","32","6","11","0","15","0","15","31","37","176","89","246","120","283","146","183","211","164","147","94","47","124","69","39","37","75","59","11","18","32","25","37","29","50","35","95","98","0","15","1559","389","57","33","16","25","147","170","69","61","8","13","0","15","0","15","19","30","136","74","213","147","105","56","82","71","81","51","84","68","241","178","61","45","54","35","50","31","39","35","42","36","22","22","14","21","19","20",
"1400000US12031002102","Census Tract 21.02; Duval County; Florida","2032","250","886","149","29","33","31","33","59","60","37","36","0","15","35","35","0","15","0","15","57","49","77","49","75","51","24","27","73","56","83","48","63","44","29","31","27","31","27","31","36","33","69","64","15","16","0","15","40","39","1146","173","47","33","52","29","25","35","34","36","0","15","31","36","28","41","19","22","80","57","80","58","91","68","71","70","78","36","96","82","116","64","12","19","52","40","92","60","46","42","31","28","42","40","6","10","17","26",
"1400000US12031002200","Census Tract 22; Duval County; Florida","4930","543","2325","343","216","126","126","82","51","53","66","60","0","15","0","15","0","15","55","42","119","58","353","146","234","83","151","97","146","88","135","68","150","71","62","75","65","47","62","71","98","83","145","93","49","41","0","15","42","49","2605","306","181","140","173","107","145","79","104","81","17","28","28","46","0","15","0","15","161","86","429","165","118","99","128","75","98","68","178","115","92","60","91","81","155","89","56","69","98","58","142","77","91","55","17","27","103","159",
"1400000US12031002300","Census Tract 23; Duval County; Florida","2007","234","942","168","74","37","40","29","8","10","8","10","6","11","0","15","0","15","4","7","37","42","115","54","91","37","33","28","69","50","84","50","65","42","0","15","55","33","36","25","22","19","45","22","113","121","26","28","11","13","1065","160","130","62","47","21","14","15","42","53","10","14","0","15","0","15","14","20","88","50","71","31","141","66","37","21","32","24","59","38","30","23","19","17","57","28","60","26","14","13","79","33","47","33","33","32","41","30",
"1400000US12031002400","Census Tract 24; Duval County; Florida","1983","241","994","157","40","27","52","34","113","76","15","17","37","27","0","15","0","15","0","15","33","19","65","38","69","39","117","92","83","40","72","48","34","24","22","16","108","105","8","9","25","17","30","17","18","14","38","28","15","13","989","146","66","38","72","56","49","33","45","40","4","6","0","15","5","8","16","13","44","25","42","23","73","45","25","19","104","42","103","51","27","19","95","79","76","32","9","11","13","11","38","22","33","23","35","27","15","13",
"1400000US12031002501","Census Tract 25.01; Duval County; Florida","3853","414","1644","257","129","82","62","56","34","40","0","15","0","15","10","16","13","19","0","15","231","95","231","103","152","111","137","76","61","63","163","133","133","74","3","7","70","58","17","23","18","22","97","57","34","44","20","28","29","33","2209","318","121","116","104","94","58","48","0","15","13","21","0","15","33","33","87","97","325","100","353","268","118","74","133","50","100","66","101","83","73","57","0","15","67","43","34","39","51","46","167","123","92","59","58","70","121","68",
"1400000US12031002502","Census Tract 25.02; Duval County; Florida","3604","514","1707","331","80","57","34","35","36","44","94","70","7","14","0","15","39","35","32","25","222","151","240","113","187","87","114","83","75","48","175","97","69","42","8","16","86","64","35","26","70","43","29","22","32","22","35","35","8","14","1897","310","101","58","83","52","130","67","15","21","7","11","24","37","0","15","54","51","199","97","220","124","162","77","114","67","149","76","96","71","190","163","16","18","40","29","84","83","43","30","80","41","53","37","24","25","13","15",
"1400000US12031002600","Census Tract 26; Duval County; Florida","3682","783","2077","468","238","124","310","220","11","19","11","20","99","114","0","15","7","19","41","50","81","70","181","197","73","79","146","109","62","55","233","119","272","195","68","73","53","40","23","42","59","55","47","40","0","15","56","65","6","16","1605","422","102","141","38","36","26","31","20","27","27","39","44","68","43","50","74","74","197","133","24","32","144","94","122","84","131","98","106","70","196","95","42","49","44","37","19","29","16","17","74","57","55","71","0","15","61","72",
"1400000US12031002701","Census Tract 27.01; Duval County; Florida","3435","564","1539","307","180","92","157","117","173","89","74","78","35","50","6","9","0","15","1","2","37","60","76","93","86","83","141","129","18","33","131","79","81","78","28","44","120","76","56","45","55","54","75","52","9","15","0","15","0","15","1896","413","124","191","181","123","53","54","128","87","0","15","86","106","0","15","0","15","149","127","218","189","147","109","129","86","79","58","120","85","118","81","72","68","48","53","81","59","111","87","13","19","30","35","0","15","9","16",
"1400000US12031002702","Census Tract 27.02; Duval County; Florida","4522","959","2255","556","227","109","341","228","305","226","230","178","79","62","10","16","114","102","19","33","122","117","230","200","0","15","88","67","0","15","177","94","86","66","27","25","93","78","28","44","0","15","60","41","0","15","19","30","0","15","2267","514","129","91","95","81","334","272","84","97","72","70","24","31","78","124","46","59","158","116","158","77","316","177","214","148","155","102","63","59","23","29","59","52","79","59","24","35","76","62","46","35","0","15","22","28","12","18",
"1400000US12031002801","Census Tract 28.01; Duval County; Florida","4349","649","2189","448","107","108","279","209","231","168","69","64","116","100","0","15","0","15","61","71","76","98","162","130","161","134","194","161","88","80","36","43","95","92","56","64","184","123","20","22","38","38","39","38","96","96","0","15","81","69","2160","401","67","74","241","154","60","86","49","81","0","15","76","125","108","107","32","38","122","74","115","113","210","144","187","148","96","82","51","88","140","80","22","37","32","36","90","72","146","120","106","65","25","44","105","73","80","52",
"1400000US12031002802","Census Tract 28.02; Duval County; Florida","5376","1166","2668","507","275","203","169","123","191","194","100","79","240","223","100","94","49","41","109","107","148","95","27","28","154","138","41","41","127","94","128","97","64","50","114","109","119","68","46","51","94","80","100","62","83","60","146","126","44","42","2708","920","255","296","79","63","43","52","104","120","506","357","77","68","39","40","175","140","50","51","177","125","353","241","78","63","47","40","166","214","95","67","35","53","88","85","66","77","73","56","83","54","34","53","13","15","72","56",
"1400000US12031002901","Census Tract 29.01; Duval County; Florida","3358","510","1405","297","146","108","183","107","97","69","0","15","0","15","49","83","0","15","21","33","99","103","136","122","67","92","148","112","120","87","38","43","64","59","10","17","36","45","41","34","9","16","40","40","52","53","49","44","0","15","1953","366","180","98","141","102","190","124","23","20","18","30","23","40","75","73","16","27","127","88","117","122","194","127","99","83","100","72","106","79","68","60","74","76","129","112","29","48","82","66","73","46","12","18","0","15","77","53",
"1400000US12031002902","Census Tract 29.02; Duval County; Florida","4282","1011","2267","676","259","346","67","79","279","238","0","15","75","66","41","50","24","34","83","68","221","217","2","4","216","180","339","184","54","67","82","63","60","69","104","81","32","41","0","15","53","52","221","175","43","47","0","15","12","19","2015","537","78","94","0","15","116","136","85","67","52","61","21","34","18","28","94","98","379","340","46","43","79","73","127","105","50","54","104","83","61","49","171","219","178","128","60","57","73","85","120","87","80","66","13","20","10","18",
"1400000US12031010101","Census Tract 101.01; Duval County; Florida","10451","1034","4874","664","329","204","389","184","420","201","299","173","3","22","0","23","24","39","49","61","279","180","366","217","401","157","361","210","210","113","358","141","481","180","97","76","87","64","179","128","272","189","87","72","83","64","68","63","32","53","5577","534","330","163","388","181","266","139","64","66","146","123","26","31","106","102","120","113","622","368","528","199","307","134","354","145","359","203","563","183","418","179","102","84","98","77","77","56","209","123","190","98","69","56","189","156","46","43",
"1400000US12031010104","Census Tract 101.04; Duval County; Florida","6631","994","2874","507","279","192","232","166","161","115","152","135","43","66","0","21","0","21","23","38","94","113","336","210","129","94","236","138","113","80","193","134","225","115","60","64","288","191","89","101","22","26","127","74","23","30","13","23","36","60","3757","702","460","223","136","123","117","98","347","195","12","18","17","33","0","21","164","159","127","114","343","188","224","129","304","156","268","219","271","151","300","175","106","130","132","113","110","102","98","73","125","80","23","28","25","31","48","60",
"1400000US12031010105","Census Tract 101.05; Duval County; Florida","2581","269","1373","231","150","101","120","77","34","46","23","38","15","27","0","15","15","23","48","65","47","59","56","67","128","77","178","87","73","54","61","50","127","71","36","41","0","15","14","23","36","35","99","64","84","59","12","25","17","21","1208","199","30","46","40","59","76","68","89","107","3","14","25","39","0","15","5","16","32","39","81","63","76","59","141","85","5","16","188","91","58","58","37","42","51","56","47","45","52","52","119","84","20","26","26","32","7","12",
"1400000US12031010106","Census Tract 101.06; Duval County; Florida","5929","732","2968","581","474","295","79","70","186","146","106","73","35","61","0","21","27","45","60","64","245","160","135","121","397","194","250","126","224","128","221","119","221","138","95","85","46","48","45","32","56","56","14","21","43","44","9","23","0","21","2961","400","155","107","132","110","183","143","185","128","128","92","9","23","31","49","75","65","260","147","100","81","401","148","299","131","279","118","162","124","66","51","76","71","172","102","18","31","50","41","117","68","38","39","0","21","25","40",
"1400000US12031010107","Census Tract 101.07; Duval County; Florida","5747","1244","3129","891","192","207","223","200","184","102","203","171","16","26","70","96","0","21","100","88","0","21","109","101","99","71","337","171","151","85","95","103","624","461","81","69","169","96","99","74","123","86","53","48","124","53","44","63","33","39","2618","581","205","165","165","124","15","25","102","141","27","45","86","106","0","21","63","95","0","21","143","89","220","157","147","96","250","184","176","88","191","103","83","77","290","223","73","54","56","43","78","46","104","46","123","149","21","25",
"1400000US12031010202","Census Tract 102.02; Duval County; Florida","3260","496","1776","292","118","86","112","76","132","72","19","26","47","57","0","15","37","45","50","42","120","68","117","71","137","87","78","62","93","51","95","58","186","74","44","34","30","26","200","210","40","37","58","56","16","20","34","43","13","20","1484","246","130","89","74","63","24","25","9","15","17","25","20","26","6","11","30","33","111","65","118","80","87","56","91","70","50","33","76","43","151","67","101","70","126","136","9","15","91","60","67","58","50","43","15","18","31","29",
"1400000US12031010203","Census Tract 102.03; Duval County; Florida","8102","1657","4189","1141","492","273","195","142","1071","1050","91","92","44","39","8","14","75","99","87","90","272","249","272","155","203","109","101","70","401","248","270","143","53","43","150","88","27","27","61","59","141","131","69","60","98","81","8","13","0","21","3913","712","219","165","568","336","104","80","205","184","125","98","78","75","0","21","34","47","371","260","339","197","216","122","240","118","241","124","474","317","185","119","54","59","232","177","50","49","56","43","31","37","85","63","6","11","0","21",
"1400000US12031010204","Census Tract 102.04; Duval County; Florida","4404","530","1990","333","56","55","351","176","31","39","67","67","102","78","0","15","27","37","39","55","152","89","294","213","121","87","55","89","75","62","176","97","172","96","89","96","105","89","21","35","20","32","27","26","5","9","5","9","0","15","2414","383","256","179","265","118","143","120","48","57","27","35","0","15","64","86","111","99","154","147","193","128","132","85","176","110","119","116","97","77","294","136","34","43","54","57","0","15","47","55","104","87","0","15","96","89","0","15",
"1400000US12031010301","Census Tract 103.01; Duval County; Florida","8334","1001","4242","625","298","194","40","53","246","210","506","261","122","110","0","21","0","21","235","163","616","265","235","149","392","185","143","101","214","122","317","206","286","132","100","123","103","65","0","21","57","47","114","69","205","122","13","24","0","21","4092","709","251","211","421","319","76","88","188","168","89","103","66","84","49","64","91","80","446","237","236","203","439","240","136","119","273","142","456","169","240","115","117","142","21","32","130","98","70","58","150","118","81","77","24","30","42","51",
"1400000US12031010305","Census Tract 103.05; Duval County; Florida","7438","2296","3679","1768","413","510","451","393","460","434","91","115","94","125","0","21","6","41","23","40","216","189","566","567","105","94","88","107","208","132","271","150","310","153","2","13","146","110","14","25","33","33","58","63","49","56","68","73","7","27","3759","751","209","177","242","177","302","212","219","129","61","69","0","21","0","21","46","49","526","315","241","308","220","150","358","194","215","178","214","162","233","116","231","152","46","43","35","53","93","75","83","85","102","69","0","21","83","96",
"1400000US12031010306","Census Tract 103.06; Duval County; Florida","1451","311","598","192","51","72","46","39","10","17","33","56","66","63","0","15","26","31","8","15","31","39","15","26","0","15","18","20","78","43","87","80","36","46","0","15","34","44","14","27","13","18","0","15","32","43","0","15","0","15","853","208","37","61","64","57","3","8","113","100","4","6","31","48","0","15","76","123","52","45","26","37","8","12","120","72","135","84","33","49","71","60","9","17","28","41","0","15","0","15","12","20","31","43","0","15","0","15",
"1400000US12031010307","Census Tract 103.07; Duval County; Florida","2300","521","992","300","49","51","38","60","105","76","244","215","0","15","61","103","0","15","0","15","27","24","38","77","8","14","218","215","15","23","7","12","19","32","30","35","14","28","22","27","39","24","37","21","5","9","0","15","16","39","1308","378","55","76","57","51","64","77","57","50","0","15","0","15","161","230","61","94","22","39","102","116","53","54","326","191","30","39","90","83","35","35","22","16","18","20","44","59","24","19","49","37","24","23","0","15","14","22",
"1400000US12031010308","Census Tract 103.08; Duval County; Florida","5527","843","2474","559","126","102","73","59","202","135","16","27","32","48","39","46","191","149","125","118","288","218","69","113","240","162","384","372","47","72","63","49","183","109","108","86","41","38","10","16","75","68","91","70","71","39","0","21","0","21","3053","537","262","223","86","84","202","107","81","71","103","88","23","44","49","67","169","189","131","159","87","79","233","120","116","80","152","84","85","80","384","193","87","66","235","237","68","72","68","58","178","115","174","80","18","23","62","71",
"1400000US12031010401","Census Tract 104.01; Duval County; Florida","3211","417","1470","282","0","15","98","90","179","163","39","31","42","51","84","115","76","101","33","34","197","148","91","100","45","39","42","39","95","83","132","92","119","93","0","15","36","52","13","20","10","16","69","69","25","31","13","22","32","48","1741","304","109","103","51","46","128","105","106","76","21","31","18","31","11","20","48","50","150","128","71","86","68","53","116","83","143","92","33","34","187","97","5","8","48","39","21","22","123","73","85","69","10","16","47","41","142","104",
"1400000US12031010402","Census Tract 104.02; Duval County; Florida","4700","1411","2169","752","314","383","106","94","225","120","66","75","39","40","0","15","17","27","150","137","314","313","37","38","218","131","111","65","85","73","163","94","49","44","11","20","89","60","14","15","47","34","25","23","68","51","15","19","6","10","2531","714","383","333","203","121","153","113","32","31","0","15","33","46","62","56","20","32","134","107","250","270","166","111","233","117","53","44","164","121","186","109","82","80","46","31","55","49","47","44","113","101","58","49","33","37","25","40",
"1400000US12031010501","Census Tract 105.01; Duval County; Florida","5895","1081","2549","548","250","203","211","131","421","239","71","91","112","81","19","47","12","24","284","188","61","61","58","64","157","88","101","88","210","154","202","144","92","77","30","39","78","97","18","31","49","54","90","64","23","32","0","21","0","21","3346","781","305","316","299","223","338","166","103","90","50","65","119","128","17","33","135","183","212","212","171","90","137","117","199","116","256","159","385","180","223","115","21","28","53","51","50","68","20","25","167","75","17","29","58","62","11","18",
"1400000US12031010502","Census Tract 105.02; Duval County; Florida","4057","597","2082","400","221","115","174","89","144","112","107","102","94","95","9","21","39","52","202","179","66","79","61","59","62","60","25","38","207","106","120","99","104","80","80","82","33","42","10","16","25","46","105","114","186","216","8","12","0","15","1975","426","40","70","0","15","51","51","63","64","53","88","55","81","0","15","181","219","30","47","242","109","20","29","105","102","245","170","166","147","269","137","0","15","111","141","0","15","6","15","143","115","187","211","8","12","0","15",
"1400000US12031010503","Census Tract 105.03; Duval County; Florida","7129","1863","3986","1347","56","90","681","525","415","378","516","417","293","181","0","21","0","21","10","18","235","175","196","220","12","26","210","204","127","108","395","484","305","213","0","21","205","127","55","71","51","66","156","148","37","48","8","16","23","27","3143","726","204","199","8","35","79","76","0","21","50","88","0","21","0","21","33","49","47","57","200","183","396","247","132","122","374","390","248","154","348","221","279","166","67","76","47","60","92","81","105","85","266","246","105","115","63","54",
"1400000US12031010601","Census Tract 106.01; Duval County; Florida","5341","958","2882","569","264","189","204","155","98","103","166","125","0","21","0","21","32","51","232","138","103","97","159","158","180","171","329","196","204","215","53","47","155","108","204","134","28","31","131","106","80","49","177","94","27","31","0","21","56","69","2459","504","164","129","185","198","193","118","80","96","64","82","48","49","12","19","81","130","168","121","91","111","255","182","160","125","62","62","132","101","240","128","72","74","30","35","108","96","55","44","78","51","105","104","31","35","45","36",
"1400000US12031010602","Census Tract 106.02; Duval County; Florida","3517","1324","1860","714","44","60","71","77","400","363","106","99","0","15","0","15","37","54","0","15","50","53","84","84","45","75","76","79","99","55","307","328","192","122","53","54","49","52","73","43","8","12","51","52","60","56","55","45","0","15","1657","657","133","102","84","83","331","314","60","84","0","15","0","15","0","15","51","59","77","59","87","74","283","286","52","85","51","48","74","55","91","73","36","50","79","48","19","27","24","29","41","42","36","45","31","32","17","25",
"1400000US12031010700","Census Tract 107; Duval County; Florida","4583","867","2396","573","22","35","105","105","122","143","83","129","0","15","38","51","3","7","22","36","225","235","131","153","45","51","12","22","129","94","101","141","366","178","55","48","217","313","283","298","131","98","114","106","83","80","48","43","61","47","2187","414","0","15","73","78","106","105","60","105","41","67","98","119","0","15","0","15","46","63","198","155","110","141","68","119","149","124","46","60","494","354","123","191","34","34","144","121","9","16","116","73","100","59","98","86","74","76",
"1400000US12031010800","Census Tract 108; Duval County; Florida","5422","896","2642","561","124","88","398","205","293","161","168","183","0","21","0","21","46","60","67","92","40","53","163","132","169","120","133","93","164","123","228","129","100","117","44","43","97","79","83","64","48","61","157","79","61","50","59","64","0","21","2780","449","100","120","244","189","213","108","215","125","242","173","0","21","0","21","49","77","44","58","404","180","158","91","57","81","106","93","113","97","142","92","48","36","138","90","24","25","102","74","161","94","106","64","103","63","11","15",
"1400000US12031010900","Census Tract 109; Duval County; Florida","3652","616","1412","309","56","61","118","86","102","101","26","46","12","19","0","15","27","43","47","53","65","75","53","81","29","35","205","113","149","103","73","61","106","79","2","7","92","92","41","35","12","18","98","55","61","46","38","57","0","15","2240","492","25","36","92","91","182","85","328","151","11","14","0","15","6","12","0","15","59","67","77","79","39","41","259","168","67","70","104","79","173","85","46","62","20","24","82","79","82","57","133","71","261","258","153","76","41","53",
"1400000US12031011000","Census Tract 110; Duval County; Florida","3387","611","1661","433","116","96","225","144","75","79","57","52","86","91","0","15","25","37","104","90","17","19","221","218","70","73","48","53","126","84","82","50","102","67","54","41","124","88","34","27","26","25","28","34","23","19","3","8","15","22","1726","288","86","92","63","58","27","44","50","51","98","93","0","15","0","15","86","86","71","55","24","43","177","124","151","109","123","90","46","49","172","93","163","162","62","55","12","16","61","42","124","79","95","74","26","25","9","15",
"1400000US12031011100","Census Tract 111; Duval County; Florida","3113","618","1396","312","9","14","137","107","116","98","43","53","8","14","44","68","0","15","9","15","130","116","151","123","72","67","33","34","73","46","90","82","113","131","0","15","63","48","54","45","66","58","145","116","14","22","12","19","14","22","1717","370","54","59","192","137","93","105","21","33","45","61","28","35","0","15","22","33","68","52","101","93","137","112","68","89","66","70","204","163","134","91","23","35","101","67","61","69","166","87","103","87","16","21","12","15","2","6",
"1400000US12031011200","Census Tract 112; Duval County; Florida","2596","534","1146","293","22","34","22","37","269","222","68","57","63","59","0","15","21","24","39","55","61","73","0","15","43","32","14","23","15","21","87","58","45","43","0","15","33","35","22","23","97","76","121","73","74","55","19","23","11","18","1450","302","0","15","113","95","0","15","28","46","70","89","0","15","6","10","44","63","0","15","321","229","48","61","38","48","188","108","53","59","59","50","14","23","69","55","41","36","15","24","153","79","122","60","18","22","50","28",
"1400000US12031011300","Census Tract 113; Duval County; Florida","3300","641","1638","430","124","100","320","247","60","73","159","87","0","15","10","15","32","52","86","84","53","30","87","128","144","99","55","60","40","36","49","38","57","62","35","40","17","19","11","18","24","32","50","57","67","49","30","24","128","162","1662","327","47","58","64","70","148","85","17","27","46","75","59","80","0","15","96","97","98","77","127","110","59","70","31","44","63","62","139","102","189","198","92","87","62","53","0","15","54","43","79","54","47","37","61","48","84","86",
"1400000US12031011400","Census Tract 114; Duval County; Florida","2018","541","753","225","85","66","42","47","74","51","9","16","0","15","0","15","0","15","10","17","54","46","32","50","20","27","41","47","25","30","27","28","34","32","61","37","38","33","31","41","22","23","78","69","7","9","30","47","33","27","1265","420","151","188","57","37","77","111","25","27","8","14","7","14","0","15","59","56","3","13","79","62","70","94","14","16","19","25","127","50","60","43","95","43","61","44","46","47","58","48","62","41","42","31","74","42","71","46",
"1400000US12031011500","Census Tract 115; Duval County; Florida","4048","844","1801","457","61","69","220","124","40","46","53","64","42","55","41","67","0","15","70","79","93","83","80","97","338","257","83","53","83","58","89","68","207","129","38","40","46","54","48","57","35","34","62","64","40","46","20","23","12","19","2247","459","105","86","111","78","237","139","23","34","17","27","35","52","52","70","46","53","61","54","175","97","68","61","260","274","79","61","15","20","127","64","46","45","136","93","230","183","150","126","121","76","46","52","48","48","59","60",
"1400000US12031011600","Census Tract 116; Duval County; Florida","4482","862","2002","478","71","63","122","99","212","97","159","174","11","20","0","15","75","71","85","66","96","74","133","89","69","58","189","203","219","104","78","85","17","23","46","47","47","36","0","15","72","59","142","136","40","62","101","104","18","27","2480","473","105","82","151","91","160","82","231","235","94","146","46","56","29","49","73","86","189","105","157","78","180","109","156","114","100","66","131","70","96","72","33","38","45","46","39","41","167","158","97","81","80","82","70","45","51","35",
"1400000US12031011700","Census Tract 117; Duval County; Florida","3203","723","1527","304","23","40","104","100","181","156","186","179","15","25","0","15","0","15","8","15","127","91","117","75","71","63","44","43","52","60","109","89","193","178","14","23","123","70","16","18","56","55","32","30","19","22","21","16","16","18","1676","502","150","150","96","86","30","40","34","47","0","15","8","14","0","15","66","82","76","62","42","64","264","95","83","62","87","78","292","379","117","72","35","30","99","49","62","66","37","46","71","54","22","21","5","8","0","15",
"1400000US12031011800","Census Tract 118; Duval County; Florida","3203","567","1760","297","126","87","99","95","8","13","69","58","65","66","0","15","10","28","141","119","214","163","92","68","70","55","203","114","75","46","21","21","112","70","89","77","12","18","39","38","78","50","138","154","26","36","67","63","6","13","1443","365","91","62","74","57","181","142","16","19","65","44","54","68","0","15","15","24","167","78","99","106","13","20","79","53","125","72","56","55","115","123","33","31","60","43","35","30","68","40","28","27","15","20","44","56","10","18",
"1400000US12031011901","Census Tract 119.01; Duval County; Florida","7760","1555","3259","787","29","40","309","335","160","111","89","73","54","57","19","31","18","27","224","224","240","177","422","314","198","149","230","142","233","125","100","75","202","111","120","100","321","251","0","21","150","103","42","42","25","25","47","62","27","28","4501","924","214","192","196","199","234","152","339","210","91","127","0","21","29","47","116","171","171","123","262","126","58","43","648","402","282","168","669","332","106","78","115","80","23","28","162","126","83","79","220","128","327","144","90","99","66","96",
"1400000US12031011903","Census Tract 119.03; Duval County; Florida","5269","765","2574","497","163","80","295","164","172","144","112","73","55","58","37","61","24","33","141","88","111","69","141","81","115","94","182","163","102","71","183","87","141","71","157","87","93","51","73","51","79","39","86","53","81","35","5","12","26","25","2695","364","76","71","128","80","233","161","127","68","30","38","46","36","40","34","83","83","260","98","129","92","216","155","161","64","67","47","182","77","243","81","66","33","81","54","139","88","72","42","110","60","81","55","42","32","83","54",
"1400000US12031011904","Census Tract 119.04; Duval County; Florida","4220","404","2129","341","192","123","140","128","53","54","115","99","20","35","38","62","74","106","21","37","49","80","210","132","206","159","0","15","114","88","207","106","209","90","107","56","66","71","39","61","106","101","76","37","87","48","0","15","0","15","2091","299","189","136","67","70","110","93","27","41","18","31","173","110","0","15","88","84","25","44","162","121","189","99","126","105","42","48","229","105","275","105","35","35","63","52","13","22","84","44","82","50","31","27","43","44","20","30",
"1400000US12031011905","Census Tract 119.05; Duval County; Florida","6340","1082","3438","597","194","121","191","140","303","156","145","89","161","111","59","87","35","40","51","41","184","131","359","150","186","84","408","327","103","89","175","97","329","112","36","55","40","43","49","38","129","111","72","46","143","62","72","80","14","35","2902","700","234","134","174","152","155","155","75","80","0","21","0","21","0","21","214","160","172","118","131","105","199","105","92","65","159","101","202","89","232","193","51","48","208","220","213","189","140","112","132","180","81","68","14","18","24","30",
"1400000US12031012000","Census Tract 120; Duval County; Florida","5801","872","2773","510","301","133","362","196","193","137","90","86","59","68","8","14","0","21","89","69","317","146","135","87","105","81","119","69","134","136","190","106","133","91","98","69","108","94","81","84","81","78","51","46","91","83","18","25","10","10","3028","545","343","340","293","135","178","124","98","83","74","81","0","21","27","36","104","141","213","133","188","116","294","126","162","129","130","80","42","44","256","128","68","57","22","33","63","50","101","98","101","56","102","67","61","52","108","77",
"1400000US12031012100","Census Tract 121; Duval County; Florida","1914","372","1052","229","29","30","90","40","149","88","9","15","0","15","0","15","14","18","22","21","78","52","45","45","35","38","249","96","17","27","49","54","55","36","57","90","16","21","21","28","39","31","57","30","16","23","0","15","5","8","862","187","92","42","20","36","12","18","47","34","6","9","16","23","3","5","23","25","28","28","128","99","13","13","91","38","21","21","45","35","136","81","16","17","37","36","27","34","14","13","45","72","21","25","0","15","21","18",
"1400000US12031012201","Census Tract 122.01; Duval County; Florida","3109","797","1361","443","66","62","101","97","123","155","0","15","0","15","15","25","0","15","57","53","160","124","50","51","25","43","120","103","173","250","172","134","53","42","87","88","88","70","0","15","26","29","45","43","0","15","0","15","0","15","1748","435","69","75","128","107","133","128","82","134","0","15","0","15","19","34","106","83","228","118","155","121","0","15","8","14","297","209","57","65","121","87","39","61","119","93","33","56","48","33","60","66","8","14","0","15","38","57",
"1400000US12031012202","Census Tract 122.02; Duval County; Florida","4781","685","2461","460","273","180","121","75","62","71","165","129","110","75","56","64","0","15","52","42","116","123","197","136","93","83","161","108","225","153","226","178","147","107","47","41","146","207","123","181","18","21","96","99","27","28","0","15","0","15","2320","466","306","187","127","91","47","73","25","41","63","82","0","15","13","24","48","79","412","245","233","146","189","145","170","136","187","99","63","61","155","92","13","18","35","42","78","61","28","32","53","55","57","57","18","29","0","15",
"1400000US12031012300","Census Tract 123; Duval County; Florida","3655","474","1690","288","101","85","157","118","91","62","113","73","0","15","9","13","0","15","112","127","134","65","104","62","190","69","83","54","64","46","208","147","70","53","31","32","92","103","38","38","26","33","19","29","28","43","20","33","0","15","1965","322","152","80","33","25","176","126","0","15","7","11","0","15","0","15","142","89","96","64","131","90","199","81","159","84","100","74","216","101","188","140","7","12","37","21","43","33","122","84","15","24","36","33","12","21","94","70",
"1400000US12031012400","Census Tract 124; Duval County; Florida","2612","502","1307","282","125","107","42","50","52","68","0","15","6","11","0","15","8","14","11","19","103","61","31","37","137","97","105","64","63","42","126","78","135","74","45","42","58","46","0","15","63","53","112","142","38","60","29","43","18","19","1305","284","20","31","59","44","108","90","9","15","19","24","0","15","0","15","9","16","69","61","182","106","183","85","115","80","4","5","63","47","87","48","75","64","57","39","26","27","107","123","26","20","8","12","60","62","19","21",
"1400000US12031012500","Census Tract 125; Duval County; Florida","4092","597","1800","474","272","269","46","46","124","39","18","34","39","48","0","15","0","15","68","50","66","53","114","85","180","127","48","60","206","169","136","91","107","122","13","22","64","39","107","103","45","56","79","68","54","41","14","21","0","15","2292","302","146","95","210","133","25","29","75","65","16","27","48","51","76","67","78","97","141","101","102","112","229","95","202","109","31","33","119","76","134","81","110","75","59","58","39","33","100","57","53","34","85","58","96","73","118","94",
"1400000US12031012601","Census Tract 126.01; Duval County; Florida","4397","788","1731","419","198","134","251","134","35","36","33","44","0","15","21","34","0","15","168","123","87","62","226","165","41","40","199","121","77","69","111","88","52","65","13","22","94","84","13","20","59","67","16","25","34","33","3","8","0","15","2666","632","323","167","334","238","192","146","137","98","23","26","49","77","11","18","116","92","304","160","343","227","194","113","107","99","177","121","183","107","64","50","9","15","12","22","0","15","13","21","25","29","0","15","46","57","4","8",
"1400000US12031012602","Census Tract 126.02; Duval County; Florida","6288","1085","2857","551","144","75","353","147","223","173","112","138","74","90","0","21","50","86","0","21","212","126","264","225","211","180","240","202","58","71","92","104","221","107","29","39","108","105","114","138","43","85","71","56","28","33","140","87","70","107","3431","749","215","149","213","128","228","142","0","21","85","90","149","229","48","71","105","132","266","150","715","411","45","49","194","171","156","160","82","113","185","110","46","59","73","60","21","35","81","66","191","174","57","45","231","258","45","54",
"1400000US12031012702","Census Tract 127.02; Duval County; Florida","6652","1059","3519","812","635","416","289","227","55","105","269","197","19","32","41","87","12","34","306","224","394","261","131","183","23","39","228","133","94","82","361","208","250","141","83","108","15","23","129","97","39","55","66","51","32","32","48","77","0","21","3133","570","416","240","197","121","154","172","49","92","0","21","75","95","6","10","163","186","91","107","401","219","72","100","199","123","312","195","326","151","219","150","83","81","40","57","0","21","88","93","129","83","23","26","71","72","19","32",
"1400000US12031012703","Census Tract 127.03; Duval County; Florida","6136","1029","3179","735","351","186","302","145","139","76","61","52","18","28","202","238","30","27","99","84","181","98","155","103","340","350","238","89","139","77","227","149","101","52","76","54","178","98","35","30","91","78","137","90","22","28","26","24","31","28","2957","539","74","108","195","141","295","176","106","80","20","27","0","21","23","28","141","97","198","93","284","172","165","73","148","84","130","91","197","133","219","231","99","72","113","62","40","48","80","51","122","50","146","76","52","32","110","64",
"1400000US12031012704","Census Tract 127.04; Duval County; Florida","5530","1066","2608","504","27","31","294","161","361","152","75","77","46","52","108","98","58","70","195","111","133","91","189","115","63","53","47","37","266","310","144","103","99","69","17","20","166","113","77","62","36","41","138","70","52","42","4","9","13","21","2922","656","253","185","123","86","167","112","62","60","45","53","15","25","13","21","50","44","119","71","281","135","200","98","201","104","313","174","402","386","222","130","118","97","79","78","17","23","34","44","169","182","17","20","10","13","12","21",
"1400000US12031012800","Census Tract 128; Duval County; Florida","7523","1077","3973","694","217","123","159","158","270","222","254","191","192","157","0","21","52","73","166","147","308","241","346","315","249","133","241","163","480","296","235","150","449","232","74","75","33","40","39","52","104","69","22","50","25","26","35","43","23","39","3550","540","122","149","269","165","191","170","353","185","0","21","0","21","33","58","129","84","185","170","147","131","195","144","322","138","448","304","106","105","195","97","21","35","332","166","64","59","108","89","65","69","196","119","0","21","69","66",
"1400000US12031012900","Census Tract 129; Duval County; Florida","2665","458","1150","281","66","48","21","35","155","90","71","70","1","7","0","15","2","5","5","9","131","77","22","24","112","77","99","64","69","50","16","18","154","117","36","30","50","33","54","32","10","11","13","14","19","14","11","17","33","31","1515","384","46","72","30","50","222","188","130","86","49","54","0","15","6","14","22","33","58","47","172","152","97","60","100","72","34","33","53","36","101","105","79","49","89","47","9","12","88","92","36","28","55","32","26","24","13","17",
"1400000US12031013000","Census Tract 130; Duval County; Florida","2810","381","1397","246","171","107","109","66","101","74","111","74","0","15","6","9","11","16","26","18","41","30","63","36","53","41","123","74","94","65","124","52","99","37","52","47","51","33","0","15","0","15","58","29","48","32","31","26","25","22","1413","180","55","64","140","65","235","95","55","37","18","19","0","15","0","15","4","6","23","22","79","37","111","74","66","35","138","74","80","43","101","42","32","42","34","24","16","17","51","26","62","28","42","22","23","21","48","46",
"1400000US12031013100","Census Tract 131; Duval County; Florida","2383","287","1111","200","65","50","35","34","90","56","24","23","9","14","8","12","0","15","38","36","103","70","96","69","41","28","80","37","117","171","74","40","84","48","23","23","59","37","29","24","33","28","57","40","22","20","0","15","24","32","1272","193","69","54","69","54","42","55","24","37","21","24","17","19","9","15","50","43","118","68","177","107","104","59","43","38","8","13","83","49","62","51","47","34","59","36","21","18","79","63","69","38","37","40","46","34","18","17",
"1400000US12031013200","Census Tract 132; Duval County; Florida","2388","336","1435","226","63","52","70","42","81","37","24","20","131","89","142","77","191","94","299","89","129","82","79","46","71","44","61","63","29","28","7","10","0","15","0","15","10","10","0","15","22","24","20","21","0","15","6","7","0","15","953","257","73","44","92","74","50","38","58","70","65","61","101","92","57","42","122","65","107","79","59","47","93","74","0","15","25","25","9","12","7","8","13","16","0","15","10","12","4","6","0","15","0","15","8","9","0","15",
"1400000US12031013301","Census Tract 133.01; Duval County; Florida","3350","541","1578","308","120","128","84","59","106","82","0","15","0","15","25","33","0","15","46","48","67","74","374","172","12","21","24","23","23","37","24","26","108","94","86","69","142","93","26","22","49","58","91","67","76","68","34","32","61","100","1772","353","148","100","243","149","13","21","31","39","17","27","46","61","10","18","65","72","82","88","259","133","65","67","47","47","135","125","93","85","152","83","0","15","169","80","65","46","0","15","91","65","12","19","19","22","10","17",
"1400000US12031013302","Census Tract 133.02; Duval County; Florida","4057","878","1667","498","0","15","86","128","183","148","51","69","52","82","0","15","40","46","74","116","267","278","239","184","164","206","151","159","56","60","57","57","145","117","33","47","22","33","25","41","22","36","0","15","0","15","0","15","0","15","2390","602","0","15","36","62","192","202","0","15","176","198","50","82","0","15","92","109","260","182","156","152","97","94","141","121","256","169","42","48","171","145","52","59","126","99","115","134","64","60","28","44","76","74","161","119","99","102",
"1400000US12031013402","Census Tract 134.02; Duval County; Florida","5578","883","2774","520","384","157","201","149","87","73","36","44","34","31","9","15","72","106","55","83","330","160","196","151","152","89","162","120","171","140","130","79","239","145","57","63","123","64","22","35","158","146","61","52","29","45","48","62","18","26","2804","494","172","155","279","119","227","170","56","62","10","17","26","39","0","21","49","43","429","201","294","151","131","76","115","83","12","14","159","76","163","129","45","39","124","90","10","15","108","79","90","61","121","61","76","73","108","71",
"1400000US12031013403","Census Tract 134.03; Duval County; Florida","3010","450","1487","294","43","41","79","67","128","136","83","93","0","15","0","15","43","74","29","34","63","54","206","126","120","62","57","62","125","96","89","62","65","49","39","32","158","89","0","15","92","66","44","31","9","16","10","17","5","9","1523","270","62","68","16","18","58","60","28","44","74","102","13","21","12","18","124","94","235","111","24","26","112","86","46","54","144","73","112","70","69","51","40","31","221","188","19","24","29","26","61","40","0","15","13","16","11","17",
"1400000US12031013404","Census Tract 134.04; Duval County; Florida","3119","503","1637","317","158","106","87","76","72","75","0","15","24","37","13","22","0","15","41","51","283","155","140","106","204","96","26","33","27","30","146","186","59","42","102","46","41","44","9","15","93","58","63","64","39","32","0","15","10","15","1482","339","26","38","102","83","104","117","25","29","13","17","10","16","56","88","54","43","203","120","130","96","129","72","24","35","28","27","68","47","115","63","89","62","77","70","25","26","40","35","76","55","57","35","31","29","0","15",
"1400000US12031013502","Census Tract 135.02; Duval County; Florida","3222","547","1509","322","280","166","129","61","69","51","46","42","51","55","46","61","0","15","45","53","42","42","140","79","77","78","102","65","26","32","161","77","48","41","78","61","66","68","0","15","60","35","34","30","9","15","0","15","0","15","1713","294","152","106","128","87","69","53","50","43","27","30","20","33","49","62","19","27","74","48","319","119","97","68","71","46","87","60","150","77","98","61","81","60","11","17","31","32","84","58","38","30","17","20","19","17","22","25",
"1400000US12031013504","Census Tract 135.04; Duval County; Florida","5415","1135","2690","574","152","154","97","105","146","111","76","95","85","91","0","21","18","30","121","188","348","246","236","143","106","103","58","58","102","104","157","141","397","277","143","151","82","66","17","28","170","129","122","104","35","38","0","21","22","35","2725","770","175","209","21","35","32","59","140","118","23","29","138","160","0","21","179","227","172","164","166","131","71","73","214","136","259","239","243","209","283","184","79","124","105","102","18","30","35","42","201","98","60","71","34","41","77","87",
"1400000US12031013522","Census Tract 135.22; Duval County; Florida","3926","1113","2071","1010","94","63","40","28","85","76","39","47","42","52","68","70","0","15","141","136","467","528","325","455","206","116","105","95","56","56","110","82","100","46","10","21","37","40","25","28","22","26","40","37","48","42","11","17","0","15","1855","382","218","125","76","57","82","60","82","61","10","23","0","15","71","74","108","100","54","52","114","72","108","82","176","81","196","166","136","81","118","65","11","18","29","28","65","49","51","36","120","79","30","28","0","15","0","15",
"1400000US12031013523","Census Tract 135.23; Duval County; Florida","4552","868","2278","541","39","67","182","186","228","122","99","107","22","33","94","128","0","15","54","78","329","266","146","154","142","122","215","193","246","147","86","67","36","38","39","46","146","122","0","15","59","56","29","31","10","16","23","26","54","59","2274","458","252","214","64","70","149","161","138","101","100","109","0","15","0","15","45","43","115","123","207","173","196","101","157","114","207","135","145","111","58","54","62","45","104","83","28","43","47","52","78","54","48","41","0","15","74","51",
"1400000US12031013524","Census Tract 135.24; Duval County; Florida","4189","589","2091","525","103","106","288","238","31","36","46","44","14","23","0","15","4","10","0","15","397","239","325","183","140","155","75","104","180","122","108","116","158","91","48","57","68","62","13","15","20","19","48","45","19","19","6","11","0","15","2098","401","189","162","143","129","131","98","80","97","0","15","0","15","0","15","20","32","296","183","173","112","97","98","84","67","326","220","169","125","103","62","58","60","53","62","10","11","28","32","64","43","18","20","34","44","22","33",
"1400000US12031013525","Census Tract 135.25; Duval County; Florida","6441","1382","3028","656","249","288","228","243","392","276","98","153","0","21","58","96","0","21","0","21","153","162","345","265","98","107","0","21","152","141","185","255","463","217","117","126","148","158","93","108","66","80","88","123","46","47","12","24","37","34","3413","1025","149","236","404","393","227","159","24","38","72","78","0","21","0","21","0","21","623","469","164","160","66","66","131","118","280","259","259","185","576","293","64","63","42","67","64","76","117","125","38","35","36","33","49","44","28","28",
"1400000US12031013526","Census Tract 135.26; Duval County; Florida","8500","954","3799","652","233","202","87","98","380","218","160","244","48","83","38","62","76","107","448","297","453","245","400","314","412","255","349","226","237","161","133","111","72","74","14","33","13","30","61","76","18","32","114","79","37","54","0","21","16","28","4701","809","672","320","293","192","201","182","74","61","12","29","37","80","177","160","263","207","765","376","297","207","227","252","328","186","568","333","161","130","332","196","72","87","0","21","33","55","33","42","73","64","28","45","55","62","0","21",
"1400000US12031013723","Census Tract 137.23; Duval County; Florida","12056","1574","6265","1050","589","392","333","224","293","233","182","118","119","113","0","23","20","38","270","187","700","271","558","306","529","282","243","162","726","321","608","232","183","110","118","95","68","57","44","43","145","102","62","47","240","175","105","55","130","124","5791","814","218","142","677","283","126","105","285","177","38","45","0","23","41","51","101","101","942","559","613","376","254","157","224","136","308","170","456","199","313","191","82","56","244","167","118","74","154","101","270","149","112","55","198","134","17","28",
"1400000US12031013728","Census Tract 137.28; Duval County; Florida","6361","1847","3092","1436","179","190","88","68","305","207","113","103","40","55","25","44","0","21","356","465","358","493","167","146","349","177","231","145","166","114","320","428","70","58","57","53","110","66","14","26","60","67","52","57","23","22","0","21","9","16","3269","635","384","169","356","207","117","123","64","53","39","64","0","21","0","21","0","21","344","119","429","390","227","145","179","91","86","70","71","59","352","403","44","50","251","136","29","34","28","45","143","119","14","16","64","49","48","42",
"1400000US12031013729","Census Tract 137.29; Duval County; Florida","5511","672","2818","513","309","162","177","129","287","149","58","52","0","21","0","21","1","32","86","104","299","150","379","206","298","224","54","48","134","89","172","123","124","95","97","74","85","86","97","57","47","37","85","60","17","26","0","21","12","19","2693","351","12","26","134","92","161","114","66","68","57","52","0","21","52","46","63","66","357","169","236","150","223","122","256","143","148","109","179","109","66","54","125","98","128","60","47","48","82","52","165","107","91","66","32","37","13","23",
"1400000US12031013730","Census Tract 137.30; Duval County; Florida","3797","479","1674","246","77","55","40","32","184","127","10","18","64","90","0","15","32","44","74","66","52","49","105","65","177","97","134","93","83","60","102","79","149","67","61","53","135","88","51","35","28","30","77","45","6","13","11","20","22","25","2123","376","153","112","224","105","154","129","122","83","42","49","0","15","0","15","0","15","139","89","133","78","197","155","143","111","31","34","155","73","132","77","41","49","97","69","100","57","78","64","124","61","24","25","26","29","8","14",
"1400000US12031013731","Census Tract 137.31; Duval County; Florida","4188","620","1901","349","106","76","195","135","131","109","37","53","0","15","48","69","43","63","179","138","63","45","147","90","244","117","54","58","20","23","146","89","155","138","0","15","66","48","11","17","52","36","158","96","22","25","10","17","14","19","2287","444","222","153","183","102","33","39","0","15","17","25","0","15","26","40","71","103","333","175","169","108","188","133","52","46","150","118","94","76","171","124","113","100","45","40","73","56","98","66","131","103","66","52","15","19","37","35",
"1400000US12031013732","Census Tract 137.32; Duval County; Florida","5619","971","2823","712","349","292","210","170","183","133","90","41","35","55","58","94","21","44","191","185","344","261","316","215","188","153","134","153","102","105","357","226","63","61","21","38","31","53","75","45","0","21","50","57","5","17","0","21","0","21","2796","462","78","114","195","136","91","102","54","85","57","86","28","48","43","60","311","177","214","146","183","137","290","254","378","166","134","115","182","134","205","111","0","21","103","90","18","29","94","84","62","63","0","21","68","99","8","16",
"1400000US12031013733","Census Tract 137.33; Duval County; Florida","6320","650","3307","516","268","182","55","71","357","171","192","115","132","112","17","30","198","217","6","19","166","109","59","69","285","139","318","175","132","132","262","116","271","142","15","36","177","98","72","61","185","135","54","57","38","49","21","33","27","32","3013","417","157","133","311","142","276","116","60","77","5","17","0","21","18","35","191","174","42","49","219","173","170","124","201","102","152","114","316","196","223","113","90","86","66","63","105","87","82","103","176","148","56","56","18","30","79","77",
"1400000US12031013800","Census Tract 138; Duval County; Florida","4009","473","2444","264","102","87","69","41","167","124","0","15","202","77","248","95","294","94","492","114","217","96","117","62","130","89","143","80","57","45","12","17","95","55","22","24","18","23","13","15","37","39","6","9","3","5","0","15","0","15","1565","306","94","63","254","142","152","57","47","43","75","59","76","61","58","54","120","87","152","72","135","98","46","31","151","75","12","18","35","34","52","37","0","15","41","32","0","15","46","40","6","12","13","18","0","15","0","15",
"1400000US12031013901","Census Tract 139.01; Duval County; Florida","5184","1122","2544","318","139","128","73","41","103","59","42","40","197","86","99","103","116","70","228","87","265","88","308","126","98","54","65","50","282","209","53","42","218","149","74","53","33","27","44","31","17","20","56","32","34","36","0","21","0","21","2640","909","147","96","224","255","189","264","225","222","70","51","39","38","18","23","57","46","120","90","235","132","106","47","264","250","94","64","95","51","162","110","14","18","219","224","32","32","182","202","128","93","10","15","0","21","10","16",
"1400000US12031013902","Census Tract 139.02; Duval County; Florida","4885","446","2386","295","121","91","156","73","90","73","130","71","35","40","0","15","116","186","71","65","76","56","203","161","126","71","270","131","139","84","77","78","113","81","83","73","107","113","36","43","22","34","133","106","132","60","10","17","140","151","2499","405","146","128","184","96","45","57","46","52","0","15","0","15","114","156","43","70","218","111","258","202","178","85","139","83","86","70","242","109","321","156","40","45","134","127","0","15","0","15","135","61","13","20","95","131","62","61",
"1400000US12031013904","Census Tract 139.04; Duval County; Florida","4925","529","2271","287","228","108","107","72","130","100","38","50","35","37","32","37","0","15","237","167","283","119","91","84","141","84","83","58","150","87","147","113","217","110","54","61","28","30","18","28","19","20","43","42","132","59","10","22","48","40","2654","390","167","94","133","86","110","91","85","86","105","72","0","15","127","127","163","91","177","135","209","106","92","69","107","64","76","64","144","118","377","312","20","31","196","92","22","31","70","47","98","69","147","60","0","15","29","36",
"1400000US12031013905","Census Tract 139.05; Duval County; Florida","4157","468","1980","243","125","89","88","56","68","49","51","38","49","50","0","15","12","20","10","16","74","81","45","43","59","40","128","70","175","99","70","48","227","83","34","38","235","100","57","40","126","59","158","77","107","41","68","37","14","17","2177","333","65","61","134","68","185","121","99","92","29","32","0","15","0","15","31","43","29","29","70","62","121","56","76","42","193","104","301","207","89","50","63","40","105","48","99","63","77","45","173","75","102","39","105","55","31","22",
"1400000US12031013906","Census Tract 139.06; Duval County; Florida","4519","506","1951","300","97","109","59","46","118","53","49","50","18","28","0","15","26","42","46","52","95","71","21","23","94","79","151","52","48","42","139","94","201","100","52","40","22","23","24","28","69","39","183","82","112","52","109","80","218","79","2568","325","77","50","91","60","232","118","11","18","47","42","0","15","0","15","104","91","82","50","137","81","72","56","112","70","97","64","205","97","195","91","64","44","127","100","58","38","110","55","252","114","117","50","146","62","232","94",
"1400000US12031014001","Census Tract 140.01; Duval County; Florida","4590","415","2055","266","64","72","58","61","124","108","24","37","26","42","0","15","11","19","53","54","70","73","153","100","182","112","185","113","89","70","231","175","179","102","80","75","106","87","147","106","72","64","116","61","0","15","85","115","0","15","2535","306","175","149","54","66","51","58","51","78","10","16","18","29","25","33","153","120","181","176","374","151","128","75","152","104","163","113","53","55","348","155","34","45","157","106","56","52","67","57","136","61","81","92","11","18","57","62",
"1400000US12031014002","Census Tract 140.02; Duval County; Florida","2609","334","1336","190","63","55","110","55","51","50","58","46","24","28","0","15","0","15","22","38","0","15","112","93","111","66","129","59","110","112","30","29","65","41","20","23","118","107","58","40","49","34","124","56","51","39","23","25","8","13","1273","185","57","44","37","29","35","33","40","38","0","15","0","15","28","43","51","42","13","20","65","51","100","50","170","142","34","28","63","38","74","44","62","47","96","76","49","37","55","51","158","63","33","30","30","28","23","26",
"1400000US12031014101","Census Tract 141.01; Duval County; Florida","4586","550","2377","298","107","58","183","101","186","114","41","53","4","7","0","15","0","15","30","37","263","154","124","60","201","64","132","72","152","78","170","82","113","60","55","37","119","89","211","206","71","46","105","50","41","33","34","26","35","31","2209","363","120","69","90","66","68","56","88","64","5","9","14","21","156","208","65","72","93","56","171","75","215","76","100","58","135","62","147","99","102","50","94","58","129","135","55","41","51","28","107","48","72","37","64","44","68","63",
"1400000US12031014103","Census Tract 141.03; Duval County; Florida","2530","333","1401","266","34","39","27","35","41","61","102","80","0","15","11","18","0","15","57","41","79","64","316","158","130","91","49","35","55","62","128","95","70","48","23","25","120","100","19","32","79","60","18","22","33","28","10","17","0","15","1129","240","30","31","20","33","26","39","46","68","0","15","0","15","0","15","25","28","136","112","95","56","164","126","43","43","18","22","132","83","68","46","68","86","40","43","47","38","12","20","32","31","0","15","15","23","112","134",
"1400000US12031014104","Census Tract 141.04; Duval County; Florida","1913","466","775","231","11","21","25","27","25","27","0","15","0","15","0","15","0","15","0","15","94","95","56","58","41","42","36","39","9","19","20","31","184","167","11","18","111","121","30","33","0","15","61","48","38","37","23","29","0","15","1138","384","14","27","4","15","0","15","102","156","0","15","0","15","0","15","62","93","196","177","80","76","14","24","136","149","29","14","222","142","76","67","0","15","73","69","21","25","25","28","39","41","34","34","11","19","0","15",
"1400000US12031014203","Census Tract 142.03; Duval County; Florida","4487","601","2344","366","56","82","154","162","109","104","134","163","11","18","0","15","0","15","57","60","87","98","225","153","165","131","174","159","74","66","103","85","244","155","50","48","127","67","120","93","73","66","195","93","92","62","55","56","39","44","2143","424","0","15","99","163","125","117","29","44","0","15","19","35","0","15","169","125","117","102","47","78","47","69","167","99","198","159","64","51","190","95","52","58","238","110","42","43","181","112","172","100","107","73","23","38","57","45",
"1400000US12031014204","Census Tract 142.04; Duval County; Florida","5946","993","3190","705","123","83","140","96","208","121","477","337","70","104","22","36","0","21","0","21","43","71","97","70","276","238","282","122","499","382","160","140","115","89","0","21","90","72","141","77","135","95","127","101","50","50","120","110","15","22","2756","427","130","79","156","106","243","150","101","108","83","100","0","21","0","21","106","136","11","19","131","123","203","90","206","87","159","99","311","273","180","117","22","35","136","78","131","88","100","66","64","55","150","102","58","50","75","50",
"1400000US12031014205","Census Tract 142.05; Duval County; Florida","2870","496","1433","304","50","51","91","148","45","50","63","70","10","17","0","15","0","15","0","15","219","145","155","120","77","98","41","35","84","60","200","157","13","22","39","52","22","26","0","15","114","65","175","82","35","32","0","15","0","15","1437","307","17","29","0","15","35","49","0","15","0","15","165","217","12","20","84","99","114","75","168","121","105","89","137","135","125","59","13","21","63","55","25","29","48","41","50","38","56","50","60","42","45","43","35","35","80","52",
"1400000US12031014206","Census Tract 142.06; Duval County; Florida","1269","187","681","130","25","29","42","43","36","38","11","16","0","15","0","15","0","15","15","18","52","41","52","49","49","42","45","37","5","8","71","59","71","61","20","25","56","36","16","18","13","15","60","42","13","14","24","39","5","8","588","107","18","25","0","15","50","52","19","26","35","38","0","15","6","9","29","28","38","38","60","50","40","31","34","26","11","16","29","28","38","31","17","19","42","32","30","25","52","34","14","20","11","14","4","8","11","17",
"1400000US12031014311","Census Tract 143.11; Duval County; Florida","5097","745","2365","530","133","132","88","83","143","88","138","85","132","91","34","42","104","118","146","182","284","198","147","115","145","94","134","91","87","85","151","91","109","68","62","54","118","106","46","46","12","22","70","62","27","34","32","30","23","37","2732","468","233","132","285","125","178","167","79","56","36","49","38","59","60","93","30","45","154","105","267","154","161","125","147","84","279","105","104","60","111","66","96","128","87","76","105","60","99","59","71","99","32","30","61","50","19","19",
"1400000US12031014312","Census Tract 143.12; Duval County; Florida","6965","1052","3272","597","178","144","38","47","208","189","35","53","66","67","0","21","124","143","363","204","248","261","420","252","315","189","201","126","173","107","289","134","204","147","48","42","93","71","50","54","115","63","57","55","14","27","33","38","0","21","3693","843","233","179","265","141","91","80","344","331","69","60","152","98","170","257","261","237","160","92","408","174","93","99","124","80","274","193","175","101","320","180","38","38","105","81","71","62","176","129","55","59","73","63","19","34","17","30",
"1400000US12031014328","Census Tract 143.28; Duval County; Florida","6610","1111","3289","755","243","135","227","184","163","130","208","127","126","111","0","21","43","52","269","237","556","411","182","134","253","155","105","86","254","120","142","95","51","65","66","71","39","45","93","64","123","99","53","56","76","67","17","21","0","21","3321","546","197","133","89","89","299","229","258","161","93","75","73","93","52","54","0","21","165","151","255","129","139","89","227","131","252","113","108","73","346","210","115","76","107","105","69","94","130","74","33","35","164","119","111","131","39","39",
"1400000US12031014329","Census Tract 143.29; Duval County; Florida","3212","417","1623","270","96","70","182","100","53","49","0","15","0","15","0","15","13","19","46","50","172","71","140","96","129","78","60","49","113","60","54","41","94","68","52","43","69","48","39","28","186","168","67","36","43","38","0","15","15","22","1589","237","64","60","60","48","82","70","71","57","20","32","11","19","0","15","60","49","87","58","130","97","57","37","164","65","105","59","93","50","97","58","78","50","90","53","29","25","53","46","164","130","23","23","25","27","26","24",
"1400000US12031014330","Census Tract 143.30; Duval County; Florida","4623","588","2428","347","109","71","124","92","196","114","60","67","53","65","31","41","69","74","69","55","105","72","114","79","68","49","135","86","190","108","86","82","220","77","25","24","151","65","65","40","118","60","156","82","190","73","34","34","60","47","2195","356","164","152","115","93","45","61","28","44","65","80","9","15","0","15","29","33","67","49","42","39","231","128","94","84","85","61","207","84","144","70","122","82","68","40","215","93","51","39","250","94","76","41","44","44","44","34",
"1400000US12031014331","Census Tract 143.31; Duval County; Florida","4906","755","2441","478","152","114","142","94","107","87","207","235","0","15","4","9","21","35","115","126","403","183","204","97","102","79","220","141","136","109","74","59","109","84","89","70","24","33","0","15","124","103","46","36","116","80","37","43","9","14","2465","380","146","86","165","111","234","152","117","136","12","19","0","15","23","35","39","62","245","179","269","113","153","85","86","65","92","82","120","90","236","98","27","42","0","15","41","33","123","102","109","83","182","97","21","24","25","28",
"1400000US12031014333","Census Tract 143.33; Duval County; Florida","3468","438","1530","365","93","62","129","98","104","101","30","28","17","27","0","15","9","14","29","30","193","166","150","114","220","118","83","69","45","41","102","59","35","35","13","22","32","35","0","15","67","61","27","30","65","41","70","53","17","22","1938","283","87","77","118","73","87","56","55","67","71","58","90","65","0","15","0","15","75","102","221","131","130","75","77","75","61","33","94","62","89","94","51","50","36","32","26","36","175","181","227","111","100","67","36","32","32","27",
"1400000US12031014334","Census Tract 143.34; Duval County; Florida","5123","1241","2580","748","255","280","263","272","209","70","213","108","7","13","19","31","0","21","121","79","40","46","72","46","308","194","166","92","137","73","72","49","154","59","56","40","123","96","12","18","39","33","72","43","93","49","98","90","51","35","2543","551","96","93","329","306","201","54","5","11","86","75","11","18","81","78","28","26","215","226","228","110","188","87","103","66","174","78","79","48","193","79","94","63","97","52","31","29","32","28","99","57","84","47","84","88","5","7",
"1400000US12031014335","Census Tract 143.35; Duval County; Florida","8586","1035","4364","652","289","200","229","140","240","117","304","260","45","48","0","21","44","55","15","21","274","168","325","176","329","209","502","265","159","95","293","261","421","157","163","106","134","89","74","52","113","70","233","111","111","69","7","13","60","75","4222","540","142","141","221","139","430","189","160","110","118","101","0","21","45","51","199","259","104","64","359","149","348","251","185","113","288","143","327","151","348","182","90","66","226","95","181","116","128","82","125","73","148","109","0","21","50","42",
"1400000US12031014336","Census Tract 143.36; Duval County; Florida","5967","586","3055","473","287","189","267","135","195","154","18","30","0","21","47","53","0","21","161","135","246","141","24","30","297","149","258","151","171","110","369","159","149","115","139","94","93","73","82","57","111","83","48","39","78","64","15","27","0","21","2912","430","124","103","75","70","191","166","125","101","0","21","162","148","0","21","122","96","206","146","126","108","322","155","71","93","441","188","176","130","317","127","90","64","122","96","36","35","25","33","68","44","74","75","17","27","22","26",
"1400000US12031014338","Census Tract 143.38; Duval County; Florida","5065","1178","2196","560","113","86","225","266","118","122","53","48","11","16","75","91","46","50","85","85","117","56","475","301","169","122","33","32","86","59","54","45","236","83","38","37","14","17","43","42","32","24","85","59","31","50","46","51","11","18","2869","739","480","358","235","231","42","56","258","177","43","54","7","11","30","38","83","61","269","241","328","224","106","65","147","77","146","69","185","105","132","65","45","37","43","32","57","70","98","92","45","33","46","30","14","18","30","38",
"1400000US12031014339","Census Tract 143.39; Duval County; Florida","5255","923","2577","466","41","40","38","46","129","87","106","90","61","63","26","41","0","21","34","43","416","166","241","152","136","120","174","104","113","87","168","105","346","243","145","214","114","92","98","102","24","28","71","56","47","38","38","42","11","18","2678","569","81","65","187","136","202","106","246","282","46","53","17","32","27","34","94","94","189","95","147","112","121","84","40","39","192","93","307","228","240","173","73","91","104","88","59","57","14","22","97","67","86","59","61","57","48","54",
"1400000US12031014340","Census Tract 143.40; Duval County; Florida","5900","628","2903","428","294","198","188","98","199","71","172","78","42","57","10","18","17","29","21","46","295","193","230","126","188","130","242","84","275","85","70","77","51","52","58","55","121","116","27","44","108","74","123","81","67","61","51","48","54","48","2997","423","419","239","224","91","207","100","103","91","47","55","0","21","110","159","45","72","141","70","217","106","247","176","247","125","238","103","104","73","112","90","0","21","52","55","52","54","104","74","175","118","93","67","57","45","3","6",
"1400000US12031014341","Census Tract 143.41; Duval County; Florida","3511","544","1725","382","24","41","20","26","91","79","94","80","0","15","0","15","9","15","75","105","348","250","147","90","86","66","125","86","117","119","200","130","84","70","5","11","3","9","71","62","31","42","91","79","63","58","13","22","28","45","1786","532","244","228","91","101","70","46","62","83","8","14","0","15","0","15","90","121","124","92","53","55","122","74","143","118","94","75","62","57","102","76","28","29","38","42","27","28","26","42","139","120","209","152","16","27","38","43",
"1400000US12031014342","Census Tract 143.42; Duval County; Florida","4699","1089","2566","739","131","141","159","125","409","273","122","154","0","15","88","129","0","15","159","187","141","147","195","158","133","112","316","220","105","80","154","167","133","101","68","80","22","32","21","20","56","53","64","56","39","45","51","41","0","15","2133","443","118","172","91","127","33","58","34","63","0","15","86","127","93","136","145","149","99","145","196","159","120","82","301","192","94","82","53","52","93","72","5","24","174","91","28","44","46","49","226","183","17","31","81","65","0","15",
"1400000US12031014343","Census Tract 143.43; Duval County; Florida","7788","2362","3051","603","80","95","194","121","179","143","50","74","48","50","0","21","42","69","95","88","187","128","307","155","558","405","278","152","253","285","76","78","279","111","51","69","96","84","20","24","33","35","166","90","34","36","15","22","10","17","4737","1887","639","704","154","129","864","531","228","272","296","299","97","145","55","92","20","32","121","96","429","164","572","474","253","143","57","71","158","109","207","132","131","95","69","48","61","54","62","54","96","55","37","35","96","73","35","33",
"1400000US12031014344","Census Tract 143.44; Duval County; Florida","4956","1070","2406","576","75","58","133","94","101","65","82","73","151","188","0","15","11","21","285","232","117","79","162","86","337","134","220","241","146","112","140","85","58","56","0","15","69","85","36","114","45","39","191","100","0","15","39","51","8","15","2550","591","198","119","127","79","249","149","153","145","70","92","8","14","0","15","18","21","348","262","406","182","169","201","155","76","110","61","220","75","62","51","8","18","41","54","0","15","71","66","87","75","50","42","0","15","0","15",
"1400000US12031014408","Census Tract 144.08; Duval County; Florida","4156","398","2007","289","57","50","61","51","160","91","106","101","30","49","48","77","51","58","104","74","68","79","190","135","121","120","202","86","208","87","113","85","34","37","24","31","71","60","81","70","63","43","74","39","124","42","0","15","17","28","2149","329","128","128","55","50","6","13","131","135","92","96","0","15","29","46","108","79","196","139","39","42","132","72","134","65","244","90","156","112","109","63","52","39","93","71","33","29","87","73","190","90","95","50","24","27","16","20",
"1400000US12031014413","Census Tract 144.13; Duval County; Florida","6013","754","2988","391","151","152","166","133","219","103","116","114","9","17","0","21","164","165","22","27","228","173","155","163","81","62","267","202","34","38","358","140","256","119","79","53","120","87","52","50","29","34","200","112","183","124","85","88","14","23","3025","469","109","92","50","59","154","125","91","83","60","63","80","98","0","21","54","74","206","147","101","85","267","190","253","144","163","130","178","105","163","102","86","70","165","170","48","47","103","110","475","282","83","59","86","64","50","64",
"1400000US12031014414","Census Tract 144.14; Duval County; Florida","7402","1794","3609","801","150","186","42","80","251","333","71","108","36","63","0","21","0","21","78","114","613","375","309","241","650","294","30","54","269","194","237","181","226","237","19","34","27","40","27","47","0","21","465","166","0","21","0","21","109","83","3793","1225","417","426","500","396","69","94","0","21","114","118","0","21","0","21","89","103","477","325","142","149","196","155","667","458","306","160","243","260","86","93","5","36","195","124","39","60","63","95","137","131","0","21","0","21","48","53",
"1400000US12031014415","Census Tract 144.15; Duval County; Florida","5958","586","2627","381","0","21","0","21","115","133","0","21","1069","237","356","146","280","109","304","136","178","141","175","198","15","27","22","26","40","52","0","21","23","38","0","21","9","16","7","13","16","26","18","29","0","21","0","21","0","21","3331","438","69","110","0","21","56","88","82","85","1603","228","585","221","293","130","184","111","124","68","104","22","123","116","0","21","28","41","43","70","6","12","7","13","0","21","0","21","0","21","0","21","0","21","0","21","24","38",
"1400000US12031014416","Census Tract 144.16; Duval County; Florida","6583","895","3573","814","385","222","137","77","184","108","13","22","141","135","245","76","260","151","519","371","409","249","197","102","215","124","141","109","169","112","75","63","106","127","125","79","43","43","23","35","33","34","73","54","54","40","0","21","26","45","3010","461","204","173","45","49","48","49","86","104","406","259","391","214","203","105","87","40","82","64","259","175","150","94","200","106","207","147","90","71","213","125","97","104","0","21","52","57","72","49","47","43","21","22","0","21","50","45",
"1400000US12031014417","Census Tract 144.17; Duval County; Florida","8119","1072","3859","912","106","92","126","99","131","105","244","196","135","120","0","21","46","73","183","205","453","173","670","717","110","75","470","210","216","124","201","136","156","108","64","60","138","136","14","24","87","94","205","136","83","62","0","21","21","34","4260","584","85","89","156","129","486","270","80","90","103","95","7","13","182","235","266","188","287","132","299","135","377","159","297","177","246","128","168","107","285","168","43","53","154","91","82","88","149","94","287","135","194","147","7","11","20","34",
"1400000US12031014418","Census Tract 144.18; Duval County; Florida","1703","132","826","100","34","23","49","41","84","47","14","17","0","15","0","15","0","15","15","23","44","37","8","12","8","14","86","32","44","34","50","31","21","21","31","28","66","54","25","30","67","45","96","49","18","27","32","40","34","45","877","92","58","32","73","32","84","38","36","37","3","7","47","47","0","15","22","27","0","15","0","15","42","21","76","26","52","36","50","39","52","38","15","17","72","52","40","29","37","33","22","25","31","38","20","21","45","44",
"1400000US12031014419","Census Tract 144.19; Duval County; Florida","5127","681","2468","364","92","80","115","103","166","115","123","70","118","185","0","21","0","21","39","62","160","143","35","56","257","186","84","69","213","115","144","94","77","77","108","89","158","119","17","26","78","72","232","140","131","84","27","44","94","114","2659","513","98","90","121","137","125","75","89","80","0","21","28","40","0","21","111","118","407","352","156","134","192","138","82","81","178","92","218","163","230","113","85","110","134","127","45","51","51","39","217","147","44","52","27","32","21","34",
"1400000US12031014420","Census Tract 144.20; Duval County; Florida","4348","445","1914","417","11","24","172","139","154","104","46","71","44","61","0","15","0","15","256","355","93","91","105","103","223","132","175","102","49","55","163","112","109","121","0","15","140","95","52","67","57","52","65","47","0","15","0","15","0","15","2434","380","204","136","458","225","25","43","0","15","28","46","27","45","48","58","25","40","186","155","58","57","285","151","177","86","153","92","242","132","113","100","15","28","50","62","52","68","53","57","78","61","74","81","83","76","0","15",
"1400000US12031014421","Census Tract 144.21; Duval County; Florida","5567","541","2675","418","174","121","154","85","48","50","19","32","27","25","69","110","38","60","150","118","341","219","81","53","173","111","161","103","109","78","363","306","176","84","11","17","121","80","124","74","17","28","67","60","110","72","106","88","36","46","2892","337","242","116","143","97","132","112","53","65","10","22","56","52","0","21","135","181","203","123","216","123","154","91","145","93","172","87","274","176","161","72","33","39","194","132","58","54","57","77","91","62","139","71","115","91","109","66",
"1400000US12031014422","Census Tract 144.22; Duval County; Florida","2746","407","1216","250","37","53","22","36","119","60","15","25","0","15","0","15","19","31","59","47","35","43","128","71","40","55","47","41","114","81","127","95","28","21","10","17","30","36","0","15","30","37","19","24","81","49","111","73","145","97","1530","308","67","74","16","26","25","35","132","141","24","32","0","15","24","30","52","42","78","54","67","58","30","41","118","107","59","47","132","101","84","63","18","21","25","31","14","22","40","36","55","38","155","93","65","50","250","86",
"1400000US12031014423","Census Tract 144.23; Duval County; Florida","20727","3118","10170","1824","1167","609","779","370","850","496","107","128","886","550","90","78","126","131","272","180","274","178","840","390","1404","600","850","380","769","519","355","218","330","219","185","151","150","131","217","170","32","33","61","67","345","166","63","81","18","21","10557","1793","468","324","947","489","565","356","537","445","320","297","20","32","417","552","146","141","720","377","962","285","847","324","888","559","1013","602","619","307","467","241","152","133","305","243","191","140","76","78","372","222","225","216","112","101","188","116",
"1400000US12031014424","Census Tract 144.24; Duval County; Florida","6946","693","3312","499","150","61","119","106","130","99","47","64","0","21","0","21","30","48","123","98","536","323","150","147","283","219","330","227","68","86","93","75","72","89","305","137","93","79","99","65","120","109","93","74","126","73","291","255","54","50","3634","541","244","223","123","170","204","126","72","95","0","21","41","65","0","21","184","145","300","201","267","96","357","213","245","92","65","80","81","97","197","133","38","39","206","138","64","55","131","78","282","151","175","96","243","204","115","58",
"1400000US12031014425","Census Tract 144.25; Duval County; Florida","4218","614","1966","438","110","130","39","63","133","136","52","54","334","406","0","15","8","12","28","33","323","180","85","66","133","107","118","103","82","100","160","108","33","32","49","56","77","89","66","45","25","31","53","42","0","15","58","70","0","15","2252","506","37","60","107","121","145","107","140","145","102","97","46","70","18","27","0","15","199","164","98","92","100","96","199","143","42","34","207","127","138","108","9","15","160","117","81","83","147","95","84","42","57","86","30","32","106","86",
"1400000US12031014426","Census Tract 144.26; Duval County; Florida","4577","522","1952","330","43","51","61","90","65","76","59","73","0","15","24","37","66","71","18","32","391","230","39","56","215","143","82","97","143","85","294","146","132","89","0","15","102","59","43","56","57","44","39","39","53","57","26","29","0","15","2625","411","170","102","213","163","247","110","99","68","50","61","97","141","46","58","61","74","283","161","221","160","183","73","140","143","152","126","86","77","194","130","72","56","77","63","21","25","102","75","50","38","38","47","12","20","11","21",
"1400000US12031014427","Census Tract 144.27; Duval County; Florida","2352","403","1388","263","291","166","153","161","0","15","84","115","80","108","0","15","0","15","20","62","2","29","138","129","26","64","38","65","37","61","137","132","138","72","27","42","13","26","2","10","125","155","19","29","30","33","28","31","0","15","964","281","44","75","30","102","0","15","0","15","22","75","0","15","14","44","0","15","113","139","24","33","146","41","114","150","0","15","98","132","65","76","0","15","22","40","76","48","18","28","30","38","48","72","100","78","0","15",
"1400000US12031014428","Census Tract 144.28; Duval County; Florida","5708","1077","2712","595","274","162","27","55","64","77","0","21","61","99","38","68","0","21","70","75","554","322","228","211","524","313","97","117","298","220","65","109","214","180","21","36","29","37","0","21","6","27","42","51","55","44","45","50","0","21","2996","893","26","44","28","57","111","133","85","101","44","80","0","21","0","21","85","87","367","294","324","256","487","182","734","682","160","157","165","138","101","109","36","71","61","92","25","49","0","21","65","59","58","56","34","42","0","21",
"1400000US12031014500","Census Tract 145; Duval County; Florida","4676","1050","2459","461","174","113","153","113","195","227","90","78","139","101","81","73","39","51","69","59","151","95","195","122","144","87","151","215","157","85","127","63","137","76","66","36","108","72","123","77","66","47","29","23","50","47","8","13","7","11","2217","716","36","36","136","79","195","247","135","97","53","44","160","211","0","15","37","39","134","89","174","80","91","72","263","230","117","88","89","56","144","91","88","54","50","40","53","49","75","51","104","59","36","26","28","33","19","22",
"1400000US12031014601","Census Tract 146.01; Duval County; Florida","5924","571","2854","314","157","115","77","75","126","98","190","108","47","53","0","21","24","41","88","83","130","75","254","132","110","67","164","93","190","108","258","173","192","102","114","70","131","90","67","56","151","88","237","103","30","35","62","45","55","54","3070","434","88","97","107","84","370","147","45","47","23","32","19","32","0","21","42","48","91","94","154","84","134","79","89","73","190","102","215","135","141","83","61","54","216","102","115","74","142","76","299","135","250","243","82","89","197","185",
"1400000US12031014603","Census Tract 146.03; Duval County; Florida","5862","715","3067","451","90","102","170","113","392","125","183","166","26","42","0","21","44","50","65","94","126","125","283","238","200","130","303","190","186","127","354","244","180","137","78","113","118","88","114","80","12","21","80","64","26","30","26","30","11","16","2795","529","167","130","192","152","144","101","88","102","95","80","0","21","18","31","70","90","167","161","331","182","209","121","339","201","136","98","155","132","220","161","0","21","69","70","53","45","62","42","97","86","58","46","27","31","98","88",
"1400000US12031014604","Census Tract 146.04; Duval County; Florida","6037","810","3257","565","340","221","184","140","191","125","186","218","182","193","0","21","0","21","289","179","217","157","472","219","226","137","119","114","192","113","144","87","154","111","26","29","215","182","0","21","0","21","38","42","0","21","67","84","15","23","2780","423","53","59","187","168","131","104","21","37","0","21","51","56","75","101","236","150","85","69","280","151","186","133","304","177","438","318","148","102","130","91","40","62","22","34","0","21","84","88","48","36","90","65","34","47","137","117",
"1400000US12031014702","Census Tract 147.02; Duval County; Florida","3071","1051","1219","290","57","63","165","106","203","192","36","37","0","15","26","26","11","19","17","29","25","33","27","35","22","29","78","67","58","48","79","57","61","36","15","20","91","94","11","18","73","55","7","9","9","17","25","31","123","81","1852","808","78","62","293","333","342","260","11","20","51","63","0","15","26","29","0","15","202","136","136","173","94","71","93","64","46","40","36","34","67","44","34","32","58","39","35","38","40","51","21","28","127","73","49","68","13","21",
"1400000US12031014703","Census Tract 147.03; Duval County; Florida","1527","215","751","165","24","25","38","23","30","22","63","41","0","15","0","15","0","15","21","26","77","110","22","28","4","7","91","46","21","21","40","39","92","49","0","15","38","38","24","18","14","17","76","41","8","12","52","42","16","25","776","87","0","15","0","15","34","32","56","34","26","26","0","15","13","21","63","54","25","29","20","19","84","35","33","31","29","23","50","38","105","39","9","16","69","44","38","31","16","18","45","32","7","10","15","17","39","29",
"1400000US12031014704","Census Tract 147.04; Duval County; Florida","6598","1099","3236","490","228","188","675","326","222","170","123","108","56","65","152","153","45","74","25","38","331","219","398","282","128","81","45","63","244","127","59","72","61","92","78","86","76","80","24","44","46","48","100","69","77","69","0","21","43","51","3362","790","474","285","167","132","126","127","5","39","143","139","0","21","261","189","225","162","407","304","452","232","133","127","139","108","139","96","45","52","91","92","51","54","56","66","211","161","76","52","69","65","21","33","71","83","0","21",
"1400000US12031014800","Census Tract 148; Duval County; Florida","6827","762","2748","812","328","203","91","68","211","96","77","73","299","284","214","273","91","138","230","193","166","156","243","173","35","35","159","93","23","28","118","74","89","98","0","21","59","51","102","75","52","46","100","101","57","55","4","6","0","21","4079","858","74","78","64","70","234","125","166","126","694","403","349","327","172","144","248","137","403","239","201","137","208","105","177","120","148","106","201","183","106","108","92","98","147","152","76","56","22","37","60","52","125","94","57","47","55","48",
"1400000US12031014901","Census Tract 149.01; Duval County; Florida","6662","1161","3207","597","94","121","156","128","340","214","247","204","65","66","26","41","48","65","0","21","49","44","331","209","139","89","342","218","191","126","245","164","126","90","63","70","403","448","59","47","56","68","144","112","11","18","57","72","15","23","3455","723","65","59","104","92","308","355","299","183","11","19","11","17","33","33","138","111","128","138","204","121","268","152","332","181","452","453","82","45","271","126","85","57","68","75","131","87","72","71","207","152","102","58","52","32","32","39",
"1400000US12031014902","Census Tract 149.02; Duval County; Florida","8294","801","3797","551","77","68","141","146","79","66","217","198","142","144","0","21","122","102","226","122","394","197","410","232","307","207","179","167","201","170","229","113","293","163","190","151","122","129","51","41","68","49","221","273","75","61","0","21","53","84","4497","601","189","135","615","216","384","265","28","50","66","73","21","34","0","21","160","163","361","172","222","180","381","341","425","239","230","168","272","147","272","152","147","97","133","86","182","95","60","56","202","209","49","52","66","65","32","41",
"1400000US12031015001","Census Tract 150.01; Duval County; Florida","5671","762","2945","505","47","56","278","182","104","92","68","82","133","91","101","84","52","50","25","41","86","76","328","143","584","209","14","28","255","164","175","125","201","107","46","52","105","115","7","25","27","33","90","60","141","85","54","52","24","31","2726","401","82","77","304","212","149","121","10","32","9","20","54","74","33","51","98","125","136","89","227","152","251","133","115","85","254","171","281","145","132","81","110","100","55","55","62","61","61","81","136","71","135","124","24","29","8","17",
"1400000US12031015002","Census Tract 150.02; Duval County; Florida","4743","1024","2221","435","330","272","226","134","109","85","82","71","48","58","64","66","0","15","102","73","199","124","128","112","65","74","2","5","80","57","61","59","202","90","56","36","36","32","9","16","58","40","120","57","44","36","0","15","200","194","2522","753","289","222","283","222","318","175","59","68","118","127","0","15","0","15","66","73","17","29","321","199","161","106","11","29","56","50","149","117","105","65","40","37","82","55","55","45","21","22","117","61","43","36","37","34","174","197",
"1400000US12031015100","Census Tract 151; Duval County; Florida","4704","849","2333","474","366","241","97","86","96","80","120","84","2","8","0","15","3","6","64","56","55","54","262","148","393","201","130","105","136","78","49","50","192","137","124","85","16","17","71","62","9","15","84","66","45","31","0","15","19","26","2371","496","191","116","281","173","204","170","163","117","3","6","6","11","5","11","45","53","72","52","548","239","71","49","145","93","72","68","107","98","97","76","68","50","26","29","11","19","73","66","106","76","19","20","36","36","22","20",
"1400000US12031015200","Census Tract 152; Duval County; Florida","3640","558","1671","270","23","35","173","77","54","61","0","15","58","54","0","15","30","37","96","120","144","91","265","107","179","68","21","32","137","81","120","85","56","43","42","46","69","64","87","68","18","23","35","39","24","24","40","37","0","15","1969","469","23","35","143","87","115","85","22","32","49","64","21","34","0","15","50","55","142","87","161","90","230","121","35","38","112","84","76","49","228","271","78","75","134","123","183","234","9","16","65","69","36","32","51","39","6","10",
"1400000US12031015300","Census Tract 153; Duval County; Florida","3189","463","1351","248","69","55","34","36","7","26","75","70","15","24","6","17","6","10","18","21","16","24","87","61","150","67","90","77","82","74","144","121","171","167","22","22","135","78","36","53","34","29","84","45","31","26","34","29","5","9","1838","362","79","74","139","82","69","76","18","29","8","23","0","15","0","15","115","71","105","52","98","67","85","64","213","212","193","112","121","70","110","74","60","43","77","101","29","28","49","28","73","46","89","65","72","54","36","30",
"1400000US12031015400","Census Tract 154; Duval County; Florida","2415","461","1196","287","142","120","9","15","20","23","0","15","0","15","8","12","0","15","68","82","123","93","46","32","151","124","141","140","110","84","139","80","62","50","0","15","61","63","41","44","44","42","6","9","16","16","9","15","0","15","1219","285","108","102","10","16","0","15","137","122","0","15","0","15","14","21","101","91","95","103","66","28","46","47","76","75","36","34","85","60","75","45","11","15","72","74","25","26","68","49","89","74","55","57","24","36","26","27",
"1400000US12031015501","Census Tract 155.01; Duval County; Florida","4371","936","2454","609","85","98","188","107","159","190","74","65","78","83","29","51","78","92","28","43","391","291","176","122","265","221","170","94","196","90","92","68","152","117","60","73","22","30","31","26","65","91","31","28","11","17","54","38","19","21","1917","447","129","106","27","48","177","130","179","114","64","68","23","35","0","15","136","132","69","62","163","117","132","89","148","88","124","61","55","51","98","75","11","22","146","93","146","144","9","14","47","43","0","15","26","31","8","13",
"1400000US12031015502","Census Tract 155.02; Duval County; Florida","5626","674","2539","487","408","248","344","159","257","201","103","64","66","68","60","95","36","36","63","61","172","133","234","141","216","103","102","81","93","71","48","41","96","51","34","39","64","58","48","40","41","44","27","27","17","20","10","18","0","21","3087","436","606","242","118","126","295","238","41","56","142","102","61","98","0","21","283","165","380","217","314","153","233","108","97","93","61","71","40","35","183","65","57","41","22","32","46","59","19","24","43","41","15","22","14","23","17","28",
"1400000US12031015600","Census Tract 156; Duval County; Florida","3973","668","2003","346","82","64","61","83","164","117","102","148","19","23","16","24","80","113","55","41","101","82","177","97","129","86","84","57","97","72","133","67","289","151","58","50","53","39","16","17","126","62","32","26","30","25","37","28","62","47","1970","443","50","43","51","45","174","133","57","48","36","34","13","23","109","148","31","37","25","29","183","164","126","64","128","64","177","161","84","57","110","56","87","72","91","49","95","59","61","37","149","111","65","37","32","27","36","27",
"1400000US12031015701","Census Tract 157.01; Duval County; Florida","1504","366","638","183","71","82","0","15","14","24","0","15","0","15","0","15","0","15","60","87","45","56","157","132","0","15","41","60","0","15","27","36","53","45","41","44","112","107","0","15","17","28","0","15","0","15","0","15","0","15","866","269","17","34","30","39","24","39","0","15","25","35","0","15","0","15","63","74","146","81","0","15","134","178","76","82","33","38","194","140","50","58","18","26","0","15","10","18","0","15","0","15","2","5","26","43","18","26",
"1400000US12031015702","Census Tract 157.02; Duval County; Florida","3659","791","1647","375","0","15","166","118","1","5","119","117","25","54","19","29","44","95","38","47","189","137","289","74","6","9","87","95","49","52","58","71","151","135","51","55","94","64","34","40","18","26","55","51","63","57","59","39","32","30","2012","504","277","126","31","45","93","96","62","66","0","15","0","15","0","15","67","108","164","122","231","73","179","82","72","63","142","171","93","75","90","83","49","51","104","72","22","40","29","41","183","152","56","53","22","26","46","52",
"1400000US12031015803","Census Tract 158.03; Duval County; Florida","3350","647","1848","491","105","126","257","187","190","241","118","118","33","62","0","15","0","15","35","43","132","139","56","52","196","165","56","55","216","197","13","17","83","86","9","14","58","43","136","99","26","35","34","46","31","28","7","16","57","61","1502","369","52","99","115","180","75","131","124","214","0","15","0","15","7","12","16","29","29","33","92","104","66","83","248","171","25","49","51","44","162","103","24","22","36","33","196","214","77","84","44","28","22","21","23","15","18","17",
"1400000US12031015804","Census Tract 158.04; Duval County; Florida","3497","472","1586","302","161","125","27","44","10","24","53","49","35","48","0","15","29","41","148","108","116","95","78","65","59","55","101","85","15","22","75","58","108","93","59","45","129","72","24","29","40","37","32","31","154","145","62","55","71","87","1911","355","48","49","84","71","70","76","68","62","71","88","0","15","0","15","139","124","90","95","131","94","86","71","87","73","167","109","172","93","148","77","99","95","43","40","32","29","0","15","268","206","74","50","28","28","6","11",
"1400000US12031015805","Census Tract 158.05; Duval County; Florida","6603","1099","2715","515","138","108","74","60","43","48","233","158","194","204","92","103","23","37","96","105","264","237","361","221","164","114","144","120","92","80","205","105","56","54","345","266","154","149","0","21","17","33","0","21","0","21","20","33","0","21","3888","968","204","112","389","360","294","314","186","202","22","37","58","91","113","138","163","124","505","224","83","95","196","162","321","359","319","199","10","29","262","190","149","120","336","185","12","21","28","32","78","68","124","133","36","46","0","21",
"1400000US12031015806","Census Tract 158.06; Duval County; Florida","2802","455","1275","372","0","15","138","81","12","22","117","134","0","15","7","12","49","79","0","15","59","70","64","59","58","42","28","38","111","84","178","117","82","74","69","56","67","49","23","38","20","25","118","172","49","55","14","15","12","20","1527","321","0","15","0","15","136","74","28","47","34","34","0","15","64","96","95","110","170","109","107","86","98","82","53","55","140","98","106","78","114","79","108","103","28","26","16","19","29","29","10","14","10","13","128","172","53","65",
"1400000US12031015922","Census Tract 159.22; Duval County; Florida","4088","582","2110","462","86","63","77","75","174","54","27","38","16","22","113","102","12","17","159","119","365","290","284","136","197","150","146","132","97","71","95","59","63","59","16","24","33","26","16","19","38","43","39","30","26","28","13","21","18","29","1978","349","149","159","40","36","42","31","8","16","86","77","0","15","71","79","82","97","471","264","199","112","30","34","242","147","73","38","102","58","59","48","61","62","28","40","34","34","105","113","38","45","20","22","38","32","0","15",
"1400000US12031015924","Census Tract 159.24; Duval County; Florida","5454","866","2736","485","208","176","109","71","214","166","120","116","1","2","0","21","100","160","233","152","164","129","238","182","200","107","89","77","170","132","40","47","65","66","173","114","132","68","126","81","74","73","231","225","27","31","14","17","8","12","2718","605","174","133","60","67","208","175","0","21","19","32","33","69","20","25","4","9","150","172","405","280","147","85","243","191","15","19","112","77","131","83","85","62","77","60","110","87","101","93","68","51","131","142","119","80","306","182",
"1400000US12031015925","Census Tract 159.25; Duval County; Florida","5969","748","3039","615","242","214","183","148","128","135","130","169","0","21","0","21","55","60","504","356","523","238","464","246","90","101","227","153","17","35","34","53","145","140","45","72","135","112","15","25","44","65","0","21","58","77","0","21","0","21","2930","498","103","107","312","173","182","119","0","21","0","21","3","7","133","147","185","136","718","235","288","151","284","151","100","84","94","108","33","43","136","130","70","73","44","54","0","21","0","21","50","49","124","117","53","57","18","30",
"1400000US12031015926","Census Tract 159.26; Duval County; Florida","10166","937","4742","728","265","252","152","133","112","124","167","152","19","34","0","23","168","224","227","170","1181","369","709","323","530","263","192","154","181","125","155","136","119","108","68","74","46","77","26","43","85","88","148","121","66","72","51","55","75","61","5424","651","351","245","301","153","97","121","95","115","64","104","41","64","199","211","626","248","817","342","615","271","318","195","248","167","220","155","203","151","176","169","156","247","126","97","71","53","58","55","216","135","108","73","64","42","254","125",
"1400000US12031015927","Census Tract 159.27; Duval County; Florida","2923","840","1453","531","83","109","73","68","328","431","53","72","14","23","0","15","0","15","50","43","97","78","165","102","29","42","99","85","27","31","58","50","100","131","88","62","84","71","30","36","16","29","0","15","0","15","31","35","28","45","1470","391","33","48","48","79","35","47","53","67","18","30","0","15","37","36","45","70","157","97","248","356","175","94","33","38","35","36","200","145","63","60","68","67","16","29","0","15","102","94","11","19","66","57","27","33","0","15",
"1400000US12031015928","Census Tract 159.28; Duval County; Florida","1953","502","1076","349","0","15","149","49","0","15","0","15","0","15","0","15","0","15","0","15","208","282","157","163","116","97","64","69","205","177","0","15","22","25","0","15","0","15","104","164","0","15","11","17","40","44","0","15","0","15","877","380","225","120","9","20","33","66","0","15","0","15","0","15","0","15","234","328","49","68","105","41","91","76","16","23","43","61","13","21","48","59","11","18","0","15","0","15","0","15","0","15","0","15","0","15","0","15",
"1400000US12031015929","Census Tract 159.29; Duval County; Florida","4797","721","2698","444","212","125","6","10","192","161","35","41","58","86","0","15","18","27","68","87","414","259","487","238","204","165","199","153","126","115","210","158","97","88","27","41","99","65","58","68","49","60","24","39","50","60","25","30","40","45","2099","490","209","190","170","186","83","90","62","83","0","15","0","15","27","43","79","59","147","120","344","188","205","147","187","137","69","71","65","56","42","38","40","49","88","59","38","59","90","62","25","41","75","51","35","41","19","30",
"1400000US12031016001","Census Tract 160.01; Duval County; Florida","4563","1263","2532","1034","406","384","104","105","370","336","69","65","11","16","0","15","0","15","72","80","37","38","106","62","91","93","309","303","168","117","79","53","221","145","180","125","11","18","76","67","39","27","71","50","89","83","19","22","4","11","2031","347","87","83","99","100","102","66","0","15","26","27","11","18","12","20","65","89","82","63","135","109","95","71","226","294","114","90","96","103","145","93","78","99","38","35","24","28","38","36","220","125","168","107","57","47","113","40",
"1400000US12031016002","Census Tract 160.02; Duval County; Florida","3423","595","1474","324","146","77","69","61","39","50","6","11","44","77","0","15","10","21","9","21","260","168","148","135","160","96","85","83","149","88","3","9","91","112","43","46","15","23","84","80","30","32","27","37","30","21","18","23","8","13","1949","450","64","84","199","145","73","59","0","15","0","15","0","15","14","21","120","135","366","179","221","124","131","115","82","66","108","70","86","63","197","155","55","52","6","26","16","26","80","63","0","15","27","28","49","46","55","57",
"1400000US12031016101","Census Tract 161.01; Duval County; Florida","3289","1089","1636","666","142","55","237","124","38","48","20","46","14","22","116","163","0","15","245","285","0","15","212","80","18","30","93","66","162","175","15","27","64","65","20","21","12","18","197","223","31","42","0","15","0","15","0","15","0","15","1653","507","45","50","183","70","46","62","14","47","0","15","0","15","184","267","40","60","220","94","162","69","73","66","19","50","17","28","156","192","78","169","32","35","15","18","46","61","40","41","19","27","55","45","17","22","192","212",
"1400000US12031016102","Census Tract 161.02; Duval County; Florida","3564","761","2123","615","207","219","19","32","74","83","78","117","28","35","46","71","36","59","147","143","291","276","372","211","54","84","182","203","75","69","80","66","24","29","12","19","111","105","46","48","122","115","16","27","29","34","50","52","24","31","1441","286","29","46","27","45","22","35","0","15","0","15","59","96","0","15","87","73","155","140","68","74","113","111","11","18","85","90","136","123","199","151","26","29","63","96","62","54","0","15","123","80","103","83","20","34","53","40",
"1400000US12031016200","Census Tract 162; Duval County; Florida","2332","387","1268","245","42","39","89","74","42","25","28","32","11","15","12","19","7","11","20","24","116","75","147","81","89","53","69","49","15","19","79","53","112","82","7","10","105","104","102","82","62","80","95","64","5","7","14","17","0","15","1064","245","61","74","59","38","108","61","41","42","18","26","0","15","7","15","10","13","57","49","41","38","79","42","50","36","54","47","25","25","105","72","10","12","24","26","27","27","27","27","169","114","7","10","32","23","53","44",
"1400000US12031016300","Census Tract 163; Duval County; Florida","2386","372","1188","209","114","74","66","47","93","48","23","23","20","20","5","10","0","15","49","31","57","44","42","35","84","37","141","121","63","45","72","45","96","85","61","43","13","13","30","43","21","20","32","26","61","45","39","49","6","10","1198","227","70","55","93","72","83","59","88","70","7","11","8","11","5","10","97","66","104","55","55","36","120","78","69","38","67","44","72","74","40","35","24","25","75","41","36","33","21","21","50","28","14","14","0","15","0","15",
"1400000US12031016400","Census Tract 164; Duval County; Florida","5381","748","2703","393","87","82","376","168","134","132","65","55","15","27","0","21","0","21","63","71","347","274","111","74","249","119","156","74","150","107","42","43","126","71","259","273","91","61","128","79","65","58","105","55","58","49","62","47","14","23","2678","498","337","258","211","210","63","64","93","83","25","28","0","21","44","55","0","21","208","233","93","91","262","83","209","113","75","53","61","50","159","79","134","93","101","63","195","105","93","55","120","70","54","46","65","69","76","78",
"1400000US12031016500","Census Tract 165; Duval County; Florida","5332","841","2513","494","108","79","55","66","121","92","49","48","41","27","91","140","41","44","28","35","239","237","337","225","141","97","152","133","86","64","250","127","71","57","105","75","47","46","136","111","94","91","56","52","134","67","72","55","59","46","2819","472","54","95","194","74","121","97","85","76","124","149","9","27","16","23","75","61","304","223","93","99","246","116","112","77","163","110","110","66","163","92","63","60","94","91","135","165","127","78","151","88","143","83","66","61","171","97",
"1400000US12031016603","Census Tract 166.03; Duval County; Florida","3560","719","1600","268","66","49","56","62","127","68","72","62","20","22","43","45","10","14","5","13","47","31","288","132","109","84","84","60","104","54","114","65","71","37","17","18","63","43","60","37","53","34","47","34","101","51","18","19","25","21","1960","572","228","271","101","66","129","95","18","23","12","21","10","16","0","15","19","23","56","47","269","180","70","41","69","43","103","89","213","183","94","70","33","31","168","123","80","50","84","46","88","42","66","37","32","26","18","18",
"1400000US12031016604","Census Tract 166.04; Duval County; Florida","4457","680","2174","357","112","68","87","79","290","197","92","68","30","30","7","11","52","57","60","59","145","65","120","78","107","50","204","150","206","151","100","52","51","41","70","62","99","71","66","45","50","33","78","49","82","49","30","26","36","29","2283","403","81","62","113","136","126","113","106","104","32","35","27","30","0","15","40","35","134","80","154","102","237","89","131","89","76","44","71","47","164","103","122","71","122","91","109","73","31","27","169","78","95","60","39","27","104","57",
"1400000US12031016605","Census Tract 166.05; Duval County; Florida","2655","313","1234","238","95","114","0","15","114","116","84","88","26","42","25","39","0","15","96","80","140","88","85","101","52","58","70","51","15","18","94","78","59","36","51","56","20","25","57","67","22","30","61","68","18","34","21","28","29","36","1421","259","69","83","0","15","48","74","0","15","64","61","0","15","0","15","112","88","186","133","152","120","146","118","0","15","160","110","102","80","126","83","59","70","37","52","7","12","20","31","57","71","13","15","10","17","53","37",
"1400000US12031016606","Census Tract 166.06; Duval County; Florida","5317","1028","2147","489","7","19","100","121","231","164","59","99","63","46","79","85","90","91","95","90","199","146","275","158","301","205","106","122","109","73","55","78","23","42","26","45","20","34","44","57","60","48","92","98","56","48","0","21","57","66","3170","704","234","137","462","279","172","194","162","201","58","99","20","35","0","21","187","209","294","168","528","213","129","125","170","151","33","39","123","107","35","47","0","21","75","59","67","103","127","80","97","69","21","33","49","67","127","79",
"1400000US12031016711","Census Tract 167.11; Duval County; Florida","4359","757","2089","329","177","95","93","55","139","79","92","61","56","69","15","18","0","15","29","31","55","49","52","39","190","78","70","58","182","197","205","102","128","70","38","34","75","46","87","57","89","44","121","67","136","54","26","25","34","48","2270","494","144","79","71","49","320","309","44","49","17","26","0","15","16","26","34","34","68","53","96","48","158","66","48","39","173","179","202","96","143","64","39","23","114","41","58","42","111","54","248","72","99","52","29","30","38","32",
"1400000US12031016724","Census Tract 167.24; Duval County; Florida","5569","663","2468","486","96","107","0","21","191","121","34","35","46","72","39","63","122","102","197","152","114","97","203","165","167","129","305","207","132","109","109","97","139","95","98","92","89","101","90","64","92","90","118","94","33","38","32","37","22","30","3101","421","94","111","68","71","104","80","10","19","0","21","71","90","88","110","139","103","397","229","301","140","171","160","238","158","111","108","229","142","276","192","107","84","254","132","49","77","167","112","58","43","56","49","15","23","98","131",
"1400000US12031016725","Census Tract 167.25; Duval County; Florida","4459","679","1928","360","267","170","140","76","77","76","55","59","39","37","29","37","25","41","57","84","136","90","113","117","167","92","102","63","40","37","139","78","117","60","84","66","101","72","53","57","100","64","48","52","39","34","0","15","0","15","2531","445","109","66","177","142","158","95","120","87","18","26","16","26","94","97","181","140","168","104","193","167","168","75","155","83","102","64","179","116","166","68","129","91","80","52","102","90","50","35","72","47","26","29","51","49","17","22",
"1400000US12031016726","Census Tract 167.26; Duval County; Florida","4111","669","2011","345","122","75","107","74","54","43","62","46","124","84","21","29","0","15","121","104","52","39","311","135","54","55","89","57","231","182","185","122","155","116","11","21","28","43","31","23","53","34","131","73","52","50","17","24","0","15","2100","416","175","87","142","73","147","122","52","52","48","31","0","15","89","110","81","40","59","40","203","135","72","59","97","69","206","84","139","76","100","76","57","47","71","59","55","59","38","31","66","40","89","53","44","33","70","56",
"1400000US12031016727","Census Tract 167.27; Duval County; Florida","4258","541","1956","310","144","93","124","79","169","102","78","87","72","59","0","15","0","15","117","96","123","85","92","53","82","43","88","54","114","96","119","107","54","52","43","44","95","73","40","31","27","25","73","71","139","71","97","73","66","77","2302","451","103","67","129","76","32","32","51","39","11","14","37","58","16","23","41","39","126","68","63","49","110","50","91","61","149","92","187","87","81","65","24","27","47","38","36","34","39","32","489","405","145","70","94","63","201","162",
"1400000US12031016728","Census Tract 167.28; Duval County; Florida","5630","754","2686","369","115","66","163","124","212","86","94","64","0","21","0","21","8","15","54","40","95","55","213","96","342","151","200","66","136","78","294","132","77","46","95","66","189","130","116","135","74","56","96","53","67","39","37","34","9","13","2944","472","93","80","284","150","197","129","64","44","44","36","14","25","44","44","97","69","182","115","145","96","208","71","169","84","257","128","202","129","122","57","139","99","224","116","61","34","125","105","148","69","44","34","68","47","13","17",
"1400000US12031016729","Census Tract 167.29; Duval County; Florida","6164","554","3092","353","292","153","28","37","189","102","154","105","116","100","15","27","70","71","49","52","323","137","187","82","175","82","170","132","55","66","155","111","396","245","76","64","121","84","38","43","90","71","200","91","86","81","0","21","107","106","3072","391","121","72","40","58","106","81","159","93","0","21","56","72","23","38","159","149","386","149","216","103","206","93","176","95","74","69","162","171","357","223","102","96","189","127","44","53","80","62","162","91","152","104","91","83","11","21",
"1400000US12031016730","Census Tract 167.30; Duval County; Florida","3601","762","1730","398","191","107","17","30","111","85","121","166","44","47","26","34","0","15","17","28","13","50","89","82","265","167","84","65","241","77","180","176","54","49","18","28","18","27","47","37","22","48","51","42","50","34","22","27","49","45","1871","478","333","288","149","70","137","96","111","106","0","15","0","15","67","94","4","11","78","66","137","87","147","143","152","83","107","84","119","110","72","46","18","33","63","61","31","32","52","42","16","25","52","39","0","15","26","35",
"1400000US12031016731","Census Tract 167.31; Duval County; Florida","5118","614","2312","430","101","75","152","114","236","124","0","21","0","21","13","24","0","21","111","102","180","112","322","159","211","125","17","27","130","117","168","101","69","59","55","82","36","42","27","48","174","115","148","99","19","26","0","21","143","221","2806","502","48","85","199","179","136","121","22","35","77","75","18","32","47","54","129","141","190","88","235","154","145","99","219","141","166","140","174","159","177","101","24","39","153","97","28","35","113","123","196","97","255","154","19","31","36","37",
"1400000US12031016801","Census Tract 168.01; Duval County; Florida","2101","327","1061","190","26","22","52","30","20","27","43","30","10","17","14","24","0","15","0","15","41","36","45","37","41","24","71","38","90","44","81","54","74","39","3","5","48","26","27","24","29","21","196","113","42","25","64","34","44","41","1040","203","29","22","53","42","49","39","17","16","8","12","0","15","10","15","0","15","0","15","19","19","82","24","38","28","38","25","94","45","28","22","54","33","83","47","77","71","129","98","57","26","54","36","28","21","93","88",
"1400000US12031016803","Census Tract 168.03; Duval County; Florida","6900","579","3443","417","139","95","169","152","313","238","98","97","27","48","48","69","34","42","102","77","240","154","130","100","261","126","61","70","157","94","336","117","244","90","51","48","235","124","105","60","196","94","236","97","80","51","129","72","52","54","3457","371","99","89","135","131","179","145","62","74","55","53","0","21","77","96","55","44","78","55","216","164","256","147","138","125","209","94","136","84","401","189","102","67","297","136","118","82","228","87","197","87","79","52","75","42","265","244",
"1400000US12031016804","Census Tract 168.04; Duval County; Florida","8571","951","3914","573","50","40","486","344","115","73","67","62","96","96","9","14","42","46","45","38","91","70","197","101","104","94","183","81","315","152","318","127","390","178","79","77","142","96","200","97","151","82","220","104","218","115","144","94","252","164","4657","567","175","88","115","85","293","166","174","142","140","103","0","21","118","119","59","66","134","84","164","97","155","95","423","179","240","96","404","151","346","219","42","44","228","99","248","138","151","85","370","186","156","120","138","78","384","197",
"1400000US12031016807","Census Tract 168.07; Duval County; Florida","4296","496","2044","304","110","69","196","98","58","41","98","80","51","44","0","15","0","15","144","150","36","28","258","121","119","81","212","117","55","41","182","92","111","70","48","50","160","109","23","25","98","70","16","18","38","32","3","7","28","25","2252","346","130","112","167","92","95","59","97","51","12","27","14","22","35","43","41","33","120","70","230","107","237","139","108","68","152","80","70","44","260","126","52","38","92","72","28","27","102","119","91","68","36","30","19","23","64","86",
"1400000US12031016808","Census Tract 168.08; Duval County; Florida","4211","1102","2011","633","39","31","80","69","173","125","157","103","46","53","22","27","14","23","143","83","86","76","338","391","89","60","98","66","95","77","50","46","158","99","31","27","203","179","19","17","84","73","46","32","33","25","0","15","7","10","2200","513","223","205","71","61","158","100","65","61","12","22","0","15","4","8","78","71","314","212","79","73","136","74","104","73","99","73","97","43","89","56","38","32","125","148","105","67","87","61","77","37","42","31","123","71","74","42",
"1400000US12031016809","Census Tract 168.09; Duval County; Florida","5878","1117","2987","780","264","246","320","215","287","209","167","91","121","83","33","36","0","21","58","50","173","103","296","160","215","151","58","46","189","77","171","91","137","70","94","70","99","55","39","31","119","66","85","57","33","32","29","25","0","21","2891","543","196","202","130","85","141","65","219","111","35","38","0","21","46","47","106","80","86","65","303","274","322","181","148","70","104","55","285","112","217","99","58","46","156","71","64","68","116","70","70","53","61","55","28","28","0","21",
"1400000US12031016810","Census Tract 168.10; Duval County; Florida","2483","506","1161","372","0","15","60","51","32","42","37","41","26","39","0","15","13","26","47","47","175","233","83","76","96","77","56","69","51","51","101","87","156","95","17","23","22","25","37","32","68","50","7","11","48","55","7","13","22","25","1322","200","92","92","137","67","48","54","52","58","47","36","37","45","36","40","11","18","48","47","21","27","112","72","17","25","47","42","96","92","125","60","31","28","52","44","46","44","12","19","63","58","76","56","52","48","64","57",
"1400000US12031016811","Census Tract 168.11; Duval County; Florida","6194","1135","3249","526","313","188","175","158","206","175","32","54","56","66","19","33","0","21","192","133","198","66","74","99","187","137","88","93","202","145","140","83","242","107","347","345","56","53","59","81","47","85","310","251","156","129","71","44","79","115","2945","681","150","234","200","178","149","114","100","85","27","43","27","44","0","21","115","107","317","255","55","62","265","147","188","181","110","103","119","123","148","85","239","227","398","380","0","21","20","46","185","148","21","29","61","88","51","109",
"1400000US12031016812","Census Tract 168.12; Duval County; Florida","4323","737","2400","422","78","84","219","118","49","51","208","169","44","49","42","48","46","67","0","15","201","188","60","103","66","72","327","143","202","179","113","159","247","269","102","118","177","123","20","36","17","34","139","108","34","43","0","15","9","18","1923","541","0","15","211","143","18","37","22","44","121","155","0","15","0","15","0","15","479","435","126","154","150","69","255","219","93","99","129","75","56","69","64","65","0","15","0","15","125","103","49","52","0","15","0","15","25","45",
"1400000US12031016813","Census Tract 168.13; Duval County; Florida","7769","1164","3657","785","275","247","24","47","60","78","24","44","25","50","28","38","181","187","95","100","258","165","810","427","719","277","181","150","317","219","86","62","181","116","10","18","6","12","81","84","18","27","233","141","30","38","15","23","0","21","4112","697","408","255","198","200","310","305","4","18","22","35","35","52","12","28","157","184","296","214","536","205","402","301","63","59","332","213","171","125","155","111","179","177","98","94","190","184","166","116","123","87","66","85","142","193","47","49",
"1400000US12031017101","Census Tract 171.01; Duval County; Florida","4305","659","2007","357","123","132","50","44","11","22","24","37","62","91","68","95","1","3","116","100","307","188","285","147","140","111","210","108","173","139","74","50","145","104","38","35","35","36","27","32","9","22","17","28","28","25","42","37","22","23","2298","527","45","45","18","29","36","43","0","15","27","34","0","15","55","66","172","142","279","176","208","155","191","134","231","123","120","113","67","50","242","250","52","41","40","51","284","381","17","21","31","31","54","33","31","31","98","94",
"1400000US12031017102","Census Tract 171.02; Duval County; Florida","2361","338","980","280","0","15","0","15","0","15","8","19","0","15","0","15","0","15","51","55","164","117","138","102","18","29","134","153","50","52","62","60","24","38","0","15","16","26","96","93","21","35","25","48","67","56","37","39","69","86","1381","224","0","15","51","53","0","15","8","17","0","15","0","15","0","15","46","42","186","120","197","148","25","32","34","42","13","22","86","55","27","31","0","15","19","30","139","129","0","15","18","26","181","103","156","114","195","126",
"1400000US12031017200","Census Tract 172; Duval County; Florida","2911","410","1441","365","46","61","67","44","46","37","0","15","0","15","11","18","43","67","45","43","138","109","109","96","188","161","298","330","151","93","39","40","131","89","36","40","21","30","18","24","18","15","36","42","0","15","0","15","0","15","1470","288","49","57","149","119","71","79","90","82","0","15","0","15","70","89","19","29","179","93","187","102","49","42","49","46","56","57","58","52","24","27","45","55","0","15","47","55","87","67","87","85","88","72","0","15","66","79",
"1400000US12031017300","Census Tract 173; Duval County; Florida","8992","1279","4367","871","481","308","547","277","449","238","121","90","79","109","0","21","31","37","130","84","287","157","275","128","420","205","201","107","132","81","189","142","185","81","118","66","120","72","132","91","224","104","132","71","72","44","25","16","17","26","4625","648","316","156","197","134","506","338","256","147","47","56","17","20","0","21","158","138","330","186","432","219","455","203","201","118","180","99","268","141","202","113","202","109","106","71","97","86","138","100","223","99","88","67","135","86","71","42",
"1400000US12031017400","Census Tract 174; Duval County; Florida","3254","851","1419","383","190","155","89","80","220","173","34","62","35","59","0","15","0","15","41","40","121","109","23","35","103","63","41","53","11","23","51","39","74","58","110","76","45","50","94","119","29","44","20","25","31","44","40","45","17","28","1835","601","135","97","300","164","32","33","118","119","31","32","0","15","0","15","19","33","267","197","138","114","106","80","128","141","22","39","186","99","69","47","16","23","51","50","59","77","80","97","45","42","0","15","2","15","31","32",
"1400000US12031990000","Census Tract 9900; Duval County; Florida","0","15","0","15","0","15","0","15","0","15","0","15","0","15","0","15","0","15","0","15","0","15","0","15","0","15","0","15","0","15","0","15","0","15","0","15","0","15","0","15","0","15","0","15","0","15","0","15","0","15","0","15","0","15","0","15","0","15","0","15","0","15","0","15","0","15","0","15","0","15","0","15","0","15","0","15","0","15","0","15","0","15","0","15","0","15","0","15","0","15","0","15","0","15","0","15","0","15",
